spend_id,spend_date,channel_id,campaign_name,impressions,clicks,spend_usd
1001,2024-01-01,2,Search_Brand_Core,15129,638,840.24
1002,2024-01-01,3,Meta_Advantage_Catalog_Ads,78272,1932,1093.26
1003,2024-01-01,4,Affiliate_Creator_Network,26978,534,354.51
1004,2024-01-02,2,Search_Generic_HighIntent,11393,496,620.93
1005,2024-01-02,3,TikTok_Creator_Lifestyle,48355,859,923.81
1006,2024-01-02,4,Editorial_Lifestyle_Reviews,18472,349,199.45
1007,2024-01-03,2,Search_Competitor_Conquest,12450,500,749.61
1008,2024-01-03,3,Instagram_Story_Retargeting,27869,658,776.55
1009,2024-01-03,4,Partner_Syndication_Cashback,29714,729,312.09
1010,2024-01-04,2,Search_Brand_Core,13735,531,555.55
1011,2024-01-04,3,Meta_Advantage_Catalog_Ads,58759,954,1122.66
1012,2024-01-04,4,Affiliate_Creator_Network,23677,489,263.24
1013,2024-01-05,2,Search_Generic_HighIntent,12831,379,512.65
1014,2024-01-05,3,TikTok_Creator_Lifestyle,50997,1164,938.4
1015,2024-01-05,4,Editorial_Lifestyle_Reviews,21044,624,296.42
1016,2024-01-06,2,Search_Competitor_Conquest,17129,527,668.6
1017,2024-01-06,3,Instagram_Story_Retargeting,97474,1423,850.8
1018,2024-01-06,4,Partner_Syndication_Cashback,7690,210,139.38
1019,2024-01-07,2,Search_Brand_Core,14541,497,815.68
1020,2024-01-07,3,Meta_Advantage_Catalog_Ads,126549,1707,1020.74
1021,2024-01-07,4,Affiliate_Creator_Network,23926,620,333.71
1022,2024-01-08,2,Search_Generic_HighIntent,15497,559,839.54
1023,2024-01-08,3,TikTok_Creator_Lifestyle,114913,1425,1015.62
1024,2024-01-08,4,Editorial_Lifestyle_Reviews,27024,641,279.34
1025,2024-01-09,2,Search_Competitor_Conquest,25911,678,760.56
1026,2024-01-09,3,Instagram_Story_Retargeting,51007,1051,741.33
1027,2024-01-09,4,Partner_Syndication_Cashback,14762,403,267.66
1028,2024-01-10,2,Search_Brand_Core,12844,364,608.28
1029,2024-01-10,3,Meta_Advantage_Catalog_Ads,50583,1082,609.2
1030,2024-01-10,4,Affiliate_Creator_Network,23946,599,248.29
1031,2024-01-11,2,Search_Generic_HighIntent,11320,384,600.04
1032,2024-01-11,3,TikTok_Creator_Lifestyle,63535,1283,912.07
1033,2024-01-11,4,Editorial_Lifestyle_Reviews,34653,681,262.08
1034,2024-01-12,2,Search_Competitor_Conquest,11617,453,798.73
1035,2024-01-12,3,Instagram_Story_Retargeting,28160,623,734.44
1036,2024-01-12,4,Partner_Syndication_Cashback,26041,568,300.82
1037,2024-01-13,2,Search_Brand_Core,7563,258,452.83
1038,2024-01-13,3,Meta_Advantage_Catalog_Ads,45315,885,632.0
1039,2024-01-13,4,Affiliate_Creator_Network,8631,247,171.13
1040,2024-01-14,2,Search_Generic_HighIntent,16753,629,824.03
1041,2024-01-14,3,TikTok_Creator_Lifestyle,82609,1082,1033.21
1042,2024-01-14,4,Editorial_Lifestyle_Reviews,30141,751,275.2
1043,2024-01-15,2,Search_Competitor_Conquest,23903,647,671.07
1044,2024-01-15,3,Instagram_Story_Retargeting,69590,1672,1035.8
1045,2024-01-15,4,Partner_Syndication_Cashback,24474,643,314.36
1046,2024-01-16,2,Search_Brand_Core,7620,264,478.67
1047,2024-01-16,3,Meta_Advantage_Catalog_Ads,97945,1795,1001.34
1048,2024-01-16,4,Affiliate_Creator_Network,13536,352,254.92
1049,2024-01-17,2,Search_Generic_HighIntent,17356,549,633.3
1050,2024-01-17,3,TikTok_Creator_Lifestyle,87452,1074,867.14
1051,2024-01-17,4,Editorial_Lifestyle_Reviews,22892,457,324.03
1052,2024-01-18,2,Search_Competitor_Conquest,19717,758,760.39
1053,2024-01-18,3,Instagram_Story_Retargeting,41490,890,856.11
1054,2024-01-18,4,Partner_Syndication_Cashback,29652,914,359.17
1055,2024-01-19,2,Search_Brand_Core,16289,588,550.48
1056,2024-01-19,3,Meta_Advantage_Catalog_Ads,32523,732,790.93
1057,2024-01-19,4,Affiliate_Creator_Network,13591,300,219.57
1058,2024-01-20,2,Search_Generic_HighIntent,11688,511,583.62
1059,2024-01-20,3,TikTok_Creator_Lifestyle,65699,1160,616.61
1060,2024-01-20,4,Editorial_Lifestyle_Reviews,16046,457,322.81
1061,2024-01-21,2,Search_Competitor_Conquest,14444,511,894.41
1062,2024-01-21,3,Instagram_Story_Retargeting,40968,844,877.87
1063,2024-01-21,4,Partner_Syndication_Cashback,24108,686,266.13
1064,2024-01-22,2,Search_Brand_Core,12106,361,646.68
1065,2024-01-22,3,Meta_Advantage_Catalog_Ads,50455,706,763.85
1066,2024-01-22,4,Affiliate_Creator_Network,12333,373,220.2
1067,2024-01-23,2,Search_Generic_HighIntent,11147,452,539.92
1068,2024-01-23,3,TikTok_Creator_Lifestyle,93435,1296,1102.12
1069,2024-01-23,4,Editorial_Lifestyle_Reviews,17939,356,157.48
1070,2024-01-24,2,Search_Competitor_Conquest,19786,695,705.59
1071,2024-01-24,3,Instagram_Story_Retargeting,72480,1058,959.53
1072,2024-01-24,4,Partner_Syndication_Cashback,17780,504,320.53
1073,2024-01-25,2,Search_Brand_Core,13432,585,595.64
1074,2024-01-25,3,Meta_Advantage_Catalog_Ads,71165,1306,927.97
1075,2024-01-25,4,Affiliate_Creator_Network,20808,458,335.27
1076,2024-01-26,2,Search_Generic_HighIntent,23737,857,791.29
1077,2024-01-26,3,TikTok_Creator_Lifestyle,117112,1619,929.32
1078,2024-01-26,4,Editorial_Lifestyle_Reviews,12450,328,241.35
1079,2024-01-27,2,Search_Competitor_Conquest,12519,430,715.05
1080,2024-01-27,3,Instagram_Story_Retargeting,131904,1770,906.86
1081,2024-01-27,4,Partner_Syndication_Cashback,20652,439,293.59
1082,2024-01-28,2,Search_Brand_Core,12065,511,754.79
1083,2024-01-28,3,Meta_Advantage_Catalog_Ads,79042,1333,1051.39
1084,2024-01-28,4,Affiliate_Creator_Network,15193,458,279.43
1085,2024-01-29,2,Search_Generic_HighIntent,21457,638,724.69
1086,2024-01-29,3,TikTok_Creator_Lifestyle,79365,1061,1136.83
1087,2024-01-29,4,Editorial_Lifestyle_Reviews,16462,330,194.13
1088,2024-01-30,2,Search_Competitor_Conquest,22778,635,758.27
1089,2024-01-30,3,Instagram_Story_Retargeting,111646,1753,1079.48
1090,2024-01-30,4,Partner_Syndication_Cashback,25798,472,186.9
1091,2024-01-31,2,Search_Brand_Core,17761,463,493.32
1092,2024-01-31,3,Meta_Advantage_Catalog_Ads,54390,931,909.36
1093,2024-01-31,4,Affiliate_Creator_Network,13223,400,221.0
1094,2024-02-01,2,Search_Generic_HighIntent,32763,938,883.34
1095,2024-02-01,3,TikTok_Creator_Lifestyle,63729,1238,835.32
1096,2024-02-01,4,Editorial_Lifestyle_Reviews,32328,751,277.67
1097,2024-02-02,2,Search_Competitor_Conquest,15791,658,655.47
1098,2024-02-02,3,Instagram_Story_Retargeting,41389,550,631.02
1099,2024-02-02,4,Partner_Syndication_Cashback,14631,464,330.07
1100,2024-02-03,2,Search_Brand_Core,10885,412,676.7
1101,2024-02-03,3,Meta_Advantage_Catalog_Ads,80500,1527,907.17
1102,2024-02-03,4,Affiliate_Creator_Network,13889,340,235.78
1103,2024-02-04,2,Search_Generic_HighIntent,15299,464,699.4
1104,2024-02-04,3,TikTok_Creator_Lifestyle,53560,933,778.7
1105,2024-02-04,4,Editorial_Lifestyle_Reviews,20364,471,234.26
1106,2024-02-05,2,Search_Competitor_Conquest,13871,537,676.83
1107,2024-02-05,3,Instagram_Story_Retargeting,31364,750,872.75
1108,2024-02-05,4,Partner_Syndication_Cashback,23925,610,293.61
1109,2024-02-06,2,Search_Brand_Core,12315,506,769.04
1110,2024-02-06,3,Meta_Advantage_Catalog_Ads,59380,935,881.63
1111,2024-02-06,4,Affiliate_Creator_Network,25787,715,308.14
1112,2024-02-07,2,Search_Generic_HighIntent,20221,754,773.61
1113,2024-02-07,3,TikTok_Creator_Lifestyle,49624,650,654.9
1114,2024-02-07,4,Editorial_Lifestyle_Reviews,27495,864,350.02
1115,2024-02-08,2,Search_Competitor_Conquest,14562,592,866.25
1116,2024-02-08,3,Instagram_Story_Retargeting,65908,1008,1171.52
1117,2024-02-08,4,Partner_Syndication_Cashback,30984,825,320.1
1118,2024-02-09,2,Search_Brand_Core,10234,373,535.56
1119,2024-02-09,3,Meta_Advantage_Catalog_Ads,44686,980,848.2
1120,2024-02-09,4,Affiliate_Creator_Network,22315,589,321.95
1121,2024-02-10,2,Search_Generic_HighIntent,25931,709,719.22
1122,2024-02-10,3,TikTok_Creator_Lifestyle,35031,611,586.79
1123,2024-02-10,4,Editorial_Lifestyle_Reviews,20334,461,285.23
1124,2024-02-11,2,Search_Competitor_Conquest,18349,558,906.34
1125,2024-02-11,3,Instagram_Story_Retargeting,90469,1271,915.47
1126,2024-02-11,4,Partner_Syndication_Cashback,12267,296,214.75
1127,2024-02-12,2,Search_Brand_Core,12202,440,701.33
1128,2024-02-12,3,Meta_Advantage_Catalog_Ads,65984,1203,1258.1
1129,2024-02-12,4,Affiliate_Creator_Network,12906,362,269.56
1130,2024-02-13,2,Search_Generic_HighIntent,18971,797,807.19
1131,2024-02-13,3,TikTok_Creator_Lifestyle,81639,1604,938.85
1132,2024-02-13,4,Editorial_Lifestyle_Reviews,34564,842,299.0
1133,2024-02-14,2,Search_Competitor_Conquest,18934,647,763.9
1134,2024-02-14,3,Instagram_Story_Retargeting,49207,1178,837.87
1135,2024-02-14,4,Partner_Syndication_Cashback,25314,809,318.96
1136,2024-02-15,2,Search_Brand_Core,18448,770,900.38
1137,2024-02-15,3,Meta_Advantage_Catalog_Ads,30793,636,762.75
1138,2024-02-15,4,Affiliate_Creator_Network,28437,869,335.55
1139,2024-02-16,2,Search_Generic_HighIntent,15506,432,487.87
1140,2024-02-16,3,TikTok_Creator_Lifestyle,66532,1586,1012.98
1141,2024-02-16,4,Editorial_Lifestyle_Reviews,44479,804,293.2
1142,2024-02-17,2,Search_Competitor_Conquest,7385,303,446.38
1143,2024-02-17,3,Instagram_Story_Retargeting,47316,603,659.51
1144,2024-02-17,4,Partner_Syndication_Cashback,14023,404,291.16
1145,2024-02-18,2,Search_Brand_Core,18951,489,829.22
1146,2024-02-18,3,Meta_Advantage_Catalog_Ads,75328,1398,821.04
1147,2024-02-18,4,Affiliate_Creator_Network,19923,596,358.83
1148,2024-02-19,2,Search_Generic_HighIntent,13271,383,612.35
1149,2024-02-19,3,TikTok_Creator_Lifestyle,34960,865,862.83
1150,2024-02-19,4,Editorial_Lifestyle_Reviews,33010,879,326.91
1151,2024-02-20,2,Search_Competitor_Conquest,7246,284,493.44
1152,2024-02-20,3,Instagram_Story_Retargeting,86195,1240,699.65
1153,2024-02-20,4,Partner_Syndication_Cashback,23363,677,361.37
1154,2024-02-21,2,Search_Brand_Core,17382,485,700.58
1155,2024-02-21,3,Meta_Advantage_Catalog_Ads,79583,1553,1103.78
1156,2024-02-21,4,Affiliate_Creator_Network,15946,497,302.98
1157,2024-02-22,2,Search_Generic_HighIntent,13331,441,610.5
1158,2024-02-22,3,TikTok_Creator_Lifestyle,122970,1690,986.31
1159,2024-02-22,4,Editorial_Lifestyle_Reviews,21842,524,247.19
1160,2024-02-23,2,Search_Competitor_Conquest,13870,461,692.37
1161,2024-02-23,3,Instagram_Story_Retargeting,64281,1263,823.87
1162,2024-02-23,4,Partner_Syndication_Cashback,25652,612,223.2
1163,2024-02-24,2,Search_Brand_Core,14294,521,580.46
1164,2024-02-24,3,Meta_Advantage_Catalog_Ads,40297,823,815.75
1165,2024-02-24,4,Affiliate_Creator_Network,19088,554,264.14
1166,2024-02-25,2,Search_Generic_HighIntent,15698,589,772.15
1167,2024-02-25,3,TikTok_Creator_Lifestyle,49589,1070,919.36
1168,2024-02-25,4,Editorial_Lifestyle_Reviews,21875,548,394.01
1169,2024-02-26,2,Search_Competitor_Conquest,14638,458,760.92
1170,2024-02-26,3,Instagram_Story_Retargeting,105656,1427,1206.89
1171,2024-02-26,4,Partner_Syndication_Cashback,15337,288,198.03
1172,2024-02-27,2,Search_Brand_Core,16690,475,578.27
1173,2024-02-27,3,Meta_Advantage_Catalog_Ads,62424,761,775.69
1174,2024-02-27,4,Affiliate_Creator_Network,20550,477,330.52
1175,2024-02-28,2,Search_Generic_HighIntent,13251,363,534.16
1176,2024-02-28,3,TikTok_Creator_Lifestyle,27505,686,802.8
1177,2024-02-28,4,Editorial_Lifestyle_Reviews,24360,673,319.13
1178,2024-02-29,2,Search_Competitor_Conquest,17426,659,836.42
1179,2024-02-29,3,Instagram_Story_Retargeting,58376,1099,710.05
1180,2024-02-29,4,Partner_Syndication_Cashback,17806,529,220.42
1181,2024-03-01,2,Search_Brand_Core,17113,715,1021.46
1182,2024-03-01,3,Meta_Advantage_Catalog_Ads,130867,2333,1397.94
1183,2024-03-01,4,Affiliate_Creator_Network,27122,775,296.2
1184,2024-03-02,2,Search_Generic_HighIntent,18670,523,703.69
1185,2024-03-02,3,TikTok_Creator_Lifestyle,55086,693,786.4
1186,2024-03-02,4,Editorial_Lifestyle_Reviews,19748,491,229.42
1187,2024-03-03,2,Search_Competitor_Conquest,26722,713,975.5
1188,2024-03-03,3,Instagram_Story_Retargeting,47564,965,1052.12
1189,2024-03-03,4,Partner_Syndication_Cashback,23535,675,417.51
1190,2024-03-04,2,Search_Brand_Core,15954,571,713.07
1191,2024-03-04,3,Meta_Advantage_Catalog_Ads,56366,1030,1123.35
1192,2024-03-04,4,Affiliate_Creator_Network,26170,656,453.37
1193,2024-03-05,2,Search_Generic_HighIntent,16141,678,988.91
1194,2024-03-05,3,TikTok_Creator_Lifestyle,60925,1152,978.67
1195,2024-03-05,4,Editorial_Lifestyle_Reviews,14136,436,222.06
1196,2024-03-06,2,Search_Competitor_Conquest,25584,813,868.67
1197,2024-03-06,3,Instagram_Story_Retargeting,70873,1705,882.34
1198,2024-03-06,4,Partner_Syndication_Cashback,24944,658,311.35
1199,2024-03-07,2,Search_Brand_Core,15156,592,688.76
1200,2024-03-07,3,Meta_Advantage_Catalog_Ads,56467,1133,1345.64
1201,2024-03-07,4,Affiliate_Creator_Network,18305,561,366.97
1202,2024-03-08,2,Search_Generic_HighIntent,12303,500,908.43
1203,2024-03-08,3,TikTok_Creator_Lifestyle,105941,2280,1322.18
1204,2024-03-08,4,Editorial_Lifestyle_Reviews,19958,542,309.52
1205,2024-03-09,2,Search_Competitor_Conquest,16220,499,915.2
1206,2024-03-09,3,Instagram_Story_Retargeting,65740,1085,1112.62
1207,2024-03-09,4,Partner_Syndication_Cashback,19354,559,204.65
1208,2024-03-10,2,Search_Brand_Core,14782,507,930.4
1209,2024-03-10,3,Meta_Advantage_Catalog_Ads,91272,2037,1605.08
1210,2024-03-10,4,Affiliate_Creator_Network,14951,437,249.92
1211,2024-03-11,2,Search_Generic_HighIntent,26535,683,1147.98
1212,2024-03-11,3,TikTok_Creator_Lifestyle,160797,2158,1152.65
1213,2024-03-11,4,Editorial_Lifestyle_Reviews,23307,672,426.9
1214,2024-03-12,2,Search_Competitor_Conquest,14799,607,972.98
1215,2024-03-12,3,Instagram_Story_Retargeting,59349,1192,791.88
1216,2024-03-12,4,Partner_Syndication_Cashback,47253,1191,419.02
1217,2024-03-13,2,Search_Brand_Core,29097,961,891.68
1218,2024-03-13,3,Meta_Advantage_Catalog_Ads,91785,1385,1344.04
1219,2024-03-13,4,Affiliate_Creator_Network,28517,854,417.82
1220,2024-03-14,2,Search_Generic_HighIntent,17396,573,836.77
1221,2024-03-14,3,TikTok_Creator_Lifestyle,66834,965,1080.86
1222,2024-03-14,4,Editorial_Lifestyle_Reviews,18326,514,250.38
1223,2024-03-15,2,Search_Competitor_Conquest,16587,513,949.1
1224,2024-03-15,3,Instagram_Story_Retargeting,88531,1724,1027.15
1225,2024-03-15,4,Partner_Syndication_Cashback,27456,723,455.99
1226,2024-03-16,2,Search_Brand_Core,11191,391,692.06
1227,2024-03-16,3,Meta_Advantage_Catalog_Ads,78535,1011,764.18
1228,2024-03-16,4,Affiliate_Creator_Network,25713,626,223.66
1229,2024-03-17,2,Search_Generic_HighIntent,24545,820,1005.93
1230,2024-03-17,3,TikTok_Creator_Lifestyle,81708,1555,1596.24
1231,2024-03-17,4,Editorial_Lifestyle_Reviews,20572,438,310.72
1232,2024-03-18,2,Search_Competitor_Conquest,13571,483,851.54
1233,2024-03-18,3,Instagram_Story_Retargeting,76605,1570,1434.05
1234,2024-03-18,4,Partner_Syndication_Cashback,31357,706,315.32
1235,2024-03-19,2,Search_Brand_Core,12555,385,666.79
1236,2024-03-19,3,Meta_Advantage_Catalog_Ads,48266,1071,1129.4
1237,2024-03-19,4,Affiliate_Creator_Network,18010,575,310.66
1238,2024-03-20,2,Search_Generic_HighIntent,12404,534,893.39
1239,2024-03-20,3,TikTok_Creator_Lifestyle,105085,2029,1277.75
1240,2024-03-20,4,Editorial_Lifestyle_Reviews,11634,365,222.8
1241,2024-03-21,2,Search_Competitor_Conquest,28075,722,946.7
1242,2024-03-21,3,Instagram_Story_Retargeting,223073,2796,1599.62
1243,2024-03-21,4,Partner_Syndication_Cashback,32702,797,299.72
1244,2024-03-22,2,Search_Brand_Core,26480,689,825.06
1245,2024-03-22,3,Meta_Advantage_Catalog_Ads,85087,1088,836.54
1246,2024-03-22,4,Affiliate_Creator_Network,39408,876,379.1
1247,2024-03-23,2,Search_Generic_HighIntent,21412,536,694.98
1248,2024-03-23,3,TikTok_Creator_Lifestyle,56841,683,753.51
1249,2024-03-23,4,Editorial_Lifestyle_Reviews,23959,543,296.56
1250,2024-03-24,2,Search_Competitor_Conquest,13222,553,907.13
1251,2024-03-24,3,Instagram_Story_Retargeting,97741,1481,1074.96
1252,2024-03-24,4,Partner_Syndication_Cashback,28072,595,370.58
1253,2024-03-25,2,Search_Brand_Core,18482,480,857.01
1254,2024-03-25,3,Meta_Advantage_Catalog_Ads,88063,1229,1226.5
1255,2024-03-25,4,Affiliate_Creator_Network,19214,593,240.37
1256,2024-03-26,2,Search_Generic_HighIntent,21892,561,605.05
1257,2024-03-26,3,TikTok_Creator_Lifestyle,59242,897,837.45
1258,2024-03-26,4,Editorial_Lifestyle_Reviews,19738,590,345.97
1259,2024-03-27,2,Search_Competitor_Conquest,9443,353,603.35
1260,2024-03-27,3,Instagram_Story_Retargeting,36243,838,872.01
1261,2024-03-27,4,Partner_Syndication_Cashback,15064,367,263.5
1262,2024-03-28,2,Search_Brand_Core,16816,542,995.38
1263,2024-03-28,3,Meta_Advantage_Catalog_Ads,92319,2067,1494.13
1264,2024-03-28,4,Affiliate_Creator_Network,39250,934,407.75
1265,2024-03-29,2,Search_Generic_HighIntent,29691,760,740.86
1266,2024-03-29,3,TikTok_Creator_Lifestyle,136736,1935,993.45
1267,2024-03-29,4,Editorial_Lifestyle_Reviews,21595,612,387.41
1268,2024-03-30,2,Search_Competitor_Conquest,10359,382,666.89
1269,2024-03-30,3,Instagram_Story_Retargeting,60542,1272,764.19
1270,2024-03-30,4,Partner_Syndication_Cashback,12388,395,218.24
1271,2024-03-31,2,Search_Brand_Core,16919,759,694.76
1272,2024-03-31,3,Meta_Advantage_Catalog_Ads,94993,2248,1323.5
1273,2024-03-31,4,Affiliate_Creator_Network,32690,873,492.84
1274,2024-04-01,2,Search_Generic_HighIntent,23745,876,830.76
1275,2024-04-01,3,TikTok_Creator_Lifestyle,50107,1146,1104.93
1276,2024-04-01,4,Editorial_Lifestyle_Reviews,18599,395,232.31
1277,2024-04-02,2,Search_Competitor_Conquest,23216,864,986.14
1278,2024-04-02,3,Instagram_Story_Retargeting,69969,1456,1131.47
1279,2024-04-02,4,Partner_Syndication_Cashback,23517,673,388.28
1280,2024-04-03,2,Search_Brand_Core,22583,797,1034.64
1281,2024-04-03,3,Meta_Advantage_Catalog_Ads,39120,734,775.93
1282,2024-04-03,4,Affiliate_Creator_Network,25808,786,304.8
1283,2024-04-04,2,Search_Generic_HighIntent,20616,577,893.39
1284,2024-04-04,3,TikTok_Creator_Lifestyle,176647,2578,1611.29
1285,2024-04-04,4,Editorial_Lifestyle_Reviews,32475,681,487.27
1286,2024-04-05,2,Search_Competitor_Conquest,11911,507,810.06
1287,2024-04-05,3,Instagram_Story_Retargeting,54569,1181,1018.1
1288,2024-04-05,4,Partner_Syndication_Cashback,22634,588,390.22
1289,2024-04-06,2,Search_Brand_Core,7870,333,585.0
1290,2024-04-06,3,Meta_Advantage_Catalog_Ads,139522,2045,1165.23
1291,2024-04-06,4,Affiliate_Creator_Network,31095,986,354.32
1292,2024-04-07,2,Search_Generic_HighIntent,13076,559,885.59
1293,2024-04-07,3,TikTok_Creator_Lifestyle,82155,1636,1183.69
1294,2024-04-07,4,Editorial_Lifestyle_Reviews,29745,786,403.63
1295,2024-04-08,2,Search_Competitor_Conquest,30033,869,1168.28
1296,2024-04-08,3,Instagram_Story_Retargeting,110111,1509,1171.02
1297,2024-04-08,4,Partner_Syndication_Cashback,19514,444,276.96
1298,2024-04-09,2,Search_Brand_Core,33582,906,1024.94
1299,2024-04-09,3,Meta_Advantage_Catalog_Ads,72684,1135,1267.05
1300,2024-04-09,4,Affiliate_Creator_Network,23392,592,251.3
1301,2024-04-10,2,Search_Generic_HighIntent,27332,708,811.31
1302,2024-04-10,3,TikTok_Creator_Lifestyle,45355,929,1088.05
1303,2024-04-10,4,Editorial_Lifestyle_Reviews,38729,834,328.9
1304,2024-04-11,2,Search_Competitor_Conquest,12225,520,845.5
1305,2024-04-11,3,Instagram_Story_Retargeting,53329,1321,1570.95
1306,2024-04-11,4,Partner_Syndication_Cashback,68543,1366,517.4
1307,2024-04-12,2,Search_Brand_Core,19265,519,739.82
1308,2024-04-12,3,Meta_Advantage_Catalog_Ads,74905,1427,1329.77
1309,2024-04-12,4,Affiliate_Creator_Network,26476,536,241.92
1310,2024-04-13,2,Search_Generic_HighIntent,15289,607,883.29
1311,2024-04-13,3,TikTok_Creator_Lifestyle,66326,1145,870.25
1312,2024-04-13,4,Editorial_Lifestyle_Reviews,26082,545,359.36
1313,2024-04-14,2,Search_Competitor_Conquest,26979,1158,1174.6
1314,2024-04-14,3,Instagram_Story_Retargeting,61119,1406,963.7
1315,2024-04-14,4,Partner_Syndication_Cashback,22594,549,282.78
1316,2024-04-15,2,Search_Brand_Core,12421,522,821.93
1317,2024-04-15,3,Meta_Advantage_Catalog_Ads,111422,2106,1553.23
1318,2024-04-15,4,Affiliate_Creator_Network,33469,678,303.88
1319,2024-04-16,2,Search_Generic_HighIntent,14452,586,1021.65
1320,2024-04-16,3,TikTok_Creator_Lifestyle,69996,1322,1114.98
1321,2024-04-16,4,Editorial_Lifestyle_Reviews,32755,650,340.67
1322,2024-04-17,2,Search_Competitor_Conquest,10595,367,662.57
1323,2024-04-17,3,Instagram_Story_Retargeting,118964,2285,1403.94
1324,2024-04-17,4,Partner_Syndication_Cashback,30509,562,253.71
1325,2024-04-18,2,Search_Brand_Core,13649,429,758.89
1326,2024-04-18,3,Meta_Advantage_Catalog_Ads,95200,1638,1352.33
1327,2024-04-18,4,Affiliate_Creator_Network,28894,920,390.7
1328,2024-04-19,2,Search_Generic_HighIntent,17571,604,969.27
1329,2024-04-19,3,TikTok_Creator_Lifestyle,46478,764,874.7
1330,2024-04-19,4,Editorial_Lifestyle_Reviews,14971,436,212.15
1331,2024-04-20,2,Search_Competitor_Conquest,12062,493,794.9
1332,2024-04-20,3,Instagram_Story_Retargeting,40579,718,822.85
1333,2024-04-20,4,Partner_Syndication_Cashback,29617,945,331.62
1334,2024-04-21,2,Search_Brand_Core,25699,878,842.3
1335,2024-04-21,3,Meta_Advantage_Catalog_Ads,80615,1630,988.62
1336,2024-04-21,4,Affiliate_Creator_Network,21586,485,348.82
1337,2024-04-22,2,Search_Generic_HighIntent,20917,799,1069.29
1338,2024-04-22,3,TikTok_Creator_Lifestyle,66651,1623,1348.35
1339,2024-04-22,4,Editorial_Lifestyle_Reviews,28843,793,333.65
1340,2024-04-23,2,Search_Competitor_Conquest,30830,1048,983.29
1341,2024-04-23,3,Instagram_Story_Retargeting,53588,1334,1367.45
1342,2024-04-23,4,Partner_Syndication_Cashback,24916,554,340.39
1343,2024-04-24,2,Search_Brand_Core,20719,824,1028.71
1344,2024-04-24,3,Meta_Advantage_Catalog_Ads,54689,1168,1042.96
1345,2024-04-24,4,Affiliate_Creator_Network,19648,469,334.57
1346,2024-04-25,2,Search_Generic_HighIntent,25359,841,1030.44
1347,2024-04-25,3,TikTok_Creator_Lifestyle,158273,2088,1228.16
1348,2024-04-25,4,Editorial_Lifestyle_Reviews,25952,708,433.41
1349,2024-04-26,2,Search_Competitor_Conquest,17647,511,618.34
1350,2024-04-26,3,Instagram_Story_Retargeting,77136,1173,1293.29
1351,2024-04-26,4,Partner_Syndication_Cashback,42971,939,377.14
1352,2024-04-27,2,Search_Brand_Core,13430,517,604.21
1353,2024-04-27,3,Meta_Advantage_Catalog_Ads,101748,1938,1243.63
1354,2024-04-27,4,Affiliate_Creator_Network,17897,475,347.62
1355,2024-04-28,2,Search_Generic_HighIntent,17733,557,831.82
1356,2024-04-28,3,TikTok_Creator_Lifestyle,100571,2103,1640.17
1357,2024-04-28,4,Editorial_Lifestyle_Reviews,15338,464,236.74
1358,2024-04-29,2,Search_Competitor_Conquest,17544,767,1013.5
1359,2024-04-29,3,Instagram_Story_Retargeting,111798,2133,1547.37
1360,2024-04-29,4,Partner_Syndication_Cashback,27781,630,379.77
1361,2024-04-30,2,Search_Brand_Core,9361,407,719.14
1362,2024-04-30,3,Meta_Advantage_Catalog_Ads,52110,1130,1339.05
1363,2024-04-30,4,Affiliate_Creator_Network,24911,616,403.63
1364,2024-05-01,2,Search_Generic_HighIntent,19026,721,813.77
1365,2024-05-01,3,TikTok_Creator_Lifestyle,72690,1426,970.41
1366,2024-05-01,4,Editorial_Lifestyle_Reviews,24027,707,309.25
1367,2024-05-02,2,Search_Competitor_Conquest,42902,1079,1142.85
1368,2024-05-02,3,Instagram_Story_Retargeting,47535,1089,1152.37
1369,2024-05-02,4,Partner_Syndication_Cashback,21050,413,272.48
1370,2024-05-03,2,Search_Brand_Core,14730,425,784.98
1371,2024-05-03,3,Meta_Advantage_Catalog_Ads,55196,1107,880.99
1372,2024-05-03,4,Affiliate_Creator_Network,31884,605,449.07
1373,2024-05-04,2,Search_Generic_HighIntent,12067,367,605.87
1374,2024-05-04,3,TikTok_Creator_Lifestyle,94990,1278,1232.27
1375,2024-05-04,4,Editorial_Lifestyle_Reviews,37779,904,380.23
1376,2024-05-05,2,Search_Competitor_Conquest,18516,717,986.54
1377,2024-05-05,3,Instagram_Story_Retargeting,46814,1170,1397.01
1378,2024-05-05,4,Partner_Syndication_Cashback,35545,1002,388.99
1379,2024-05-06,2,Search_Brand_Core,29278,1002,1204.38
1380,2024-05-06,3,Meta_Advantage_Catalog_Ads,109984,2281,1222.56
1381,2024-05-06,4,Affiliate_Creator_Network,17201,510,339.04
1382,2024-05-07,2,Search_Generic_HighIntent,24021,755,978.51
1383,2024-05-07,3,TikTok_Creator_Lifestyle,65647,1207,1280.14
1384,2024-05-07,4,Editorial_Lifestyle_Reviews,35569,1078,439.22
1385,2024-05-08,2,Search_Competitor_Conquest,17574,627,655.73
1386,2024-05-08,3,Instagram_Story_Retargeting,128011,1537,825.19
1387,2024-05-08,4,Partner_Syndication_Cashback,26017,481,317.27
1388,2024-05-09,2,Search_Brand_Core,21791,618,1039.64
1389,2024-05-09,3,Meta_Advantage_Catalog_Ads,40351,916,1010.43
1390,2024-05-09,4,Affiliate_Creator_Network,30313,585,396.61
1391,2024-05-10,2,Search_Generic_HighIntent,16352,493,789.44
1392,2024-05-10,3,TikTok_Creator_Lifestyle,69230,1506,1284.22
1393,2024-05-10,4,Editorial_Lifestyle_Reviews,31041,654,325.15
1394,2024-05-11,2,Search_Competitor_Conquest,14391,394,636.06
1395,2024-05-11,3,Instagram_Story_Retargeting,84807,1211,754.8
1396,2024-05-11,4,Partner_Syndication_Cashback,23348,744,379.16
1397,2024-05-12,2,Search_Brand_Core,15041,511,776.56
1398,2024-05-12,3,Meta_Advantage_Catalog_Ads,43755,1080,1201.33
1399,2024-05-12,4,Affiliate_Creator_Network,55521,1171,500.03
1400,2024-05-13,2,Search_Generic_HighIntent,22371,888,1043.48
1401,2024-05-13,3,TikTok_Creator_Lifestyle,66224,1508,1335.58
1402,2024-05-13,4,Editorial_Lifestyle_Reviews,66765,1248,450.22
1403,2024-05-14,2,Search_Competitor_Conquest,21487,649,883.42
1404,2024-05-14,3,Instagram_Story_Retargeting,45327,1031,1062.83
1405,2024-05-14,4,Partner_Syndication_Cashback,31988,697,351.63
1406,2024-05-15,2,Search_Brand_Core,19486,707,848.2
1407,2024-05-15,3,Meta_Advantage_Catalog_Ads,188366,2263,1236.35
1408,2024-05-15,4,Affiliate_Creator_Network,13494,365,258.17
1409,2024-05-16,2,Search_Generic_HighIntent,13256,456,795.84
1410,2024-05-16,3,TikTok_Creator_Lifestyle,85960,1098,1267.68
1411,2024-05-16,4,Editorial_Lifestyle_Reviews,24594,510,297.92
1412,2024-05-17,2,Search_Competitor_Conquest,30871,833,919.5
1413,2024-05-17,3,Instagram_Story_Retargeting,81107,1159,922.17
1414,2024-05-17,4,Partner_Syndication_Cashback,15210,342,237.57
1415,2024-05-18,2,Search_Brand_Core,22832,734,699.47
1416,2024-05-18,3,Meta_Advantage_Catalog_Ads,63599,933,865.27
1417,2024-05-18,4,Affiliate_Creator_Network,28302,549,396.13
1418,2024-05-19,2,Search_Generic_HighIntent,20219,756,763.65
1419,2024-05-19,3,TikTok_Creator_Lifestyle,41641,908,995.75
1420,2024-05-19,4,Editorial_Lifestyle_Reviews,27102,866,485.21
1421,2024-05-20,2,Search_Competitor_Conquest,18139,571,731.41
1422,2024-05-20,3,Instagram_Story_Retargeting,80470,1809,1635.27
1423,2024-05-20,4,Partner_Syndication_Cashback,15372,384,284.59
1424,2024-05-21,2,Search_Brand_Core,14104,460,837.83
1425,2024-05-21,3,Meta_Advantage_Catalog_Ads,84671,1157,1051.97
1426,2024-05-21,4,Affiliate_Creator_Network,34660,674,288.14
1427,2024-05-22,2,Search_Generic_HighIntent,21415,689,1005.28
1428,2024-05-22,3,TikTok_Creator_Lifestyle,65345,1322,1059.94
1429,2024-05-22,4,Editorial_Lifestyle_Reviews,26575,624,451.27
1430,2024-05-23,2,Search_Competitor_Conquest,18207,662,879.52
1431,2024-05-23,3,Instagram_Story_Retargeting,68308,1312,1260.62
1432,2024-05-23,4,Partner_Syndication_Cashback,29141,679,331.54
1433,2024-05-24,2,Search_Brand_Core,15813,624,659.81
1434,2024-05-24,3,Meta_Advantage_Catalog_Ads,83408,1611,1047.71
1435,2024-05-24,4,Affiliate_Creator_Network,30262,895,405.55
1436,2024-05-25,2,Search_Generic_HighIntent,16519,634,930.77
1437,2024-05-25,3,TikTok_Creator_Lifestyle,37188,636,739.31
1438,2024-05-25,4,Editorial_Lifestyle_Reviews,38639,698,406.0
1439,2024-05-26,2,Search_Competitor_Conquest,13019,472,730.47
1440,2024-05-26,3,Instagram_Story_Retargeting,39258,906,924.9
1441,2024-05-26,4,Partner_Syndication_Cashback,39886,721,386.46
1442,2024-05-27,2,Search_Brand_Core,21609,920,1117.56
1443,2024-05-27,3,Meta_Advantage_Catalog_Ads,85920,1333,1194.05
1444,2024-05-27,4,Affiliate_Creator_Network,17153,428,282.46
1445,2024-05-28,2,Search_Generic_HighIntent,10684,473,859.71
1446,2024-05-28,3,TikTok_Creator_Lifestyle,109553,2161,1364.34
1447,2024-05-28,4,Editorial_Lifestyle_Reviews,45273,879,439.37
1448,2024-05-29,2,Search_Competitor_Conquest,19952,724,983.6
1449,2024-05-29,3,Instagram_Story_Retargeting,89474,1568,1450.33
1450,2024-05-29,4,Partner_Syndication_Cashback,29760,585,302.37
1451,2024-05-30,2,Search_Brand_Core,21572,662,1123.26
1452,2024-05-30,3,Meta_Advantage_Catalog_Ads,83417,1027,1141.86
1453,2024-05-30,4,Affiliate_Creator_Network,26643,737,394.62
1454,2024-05-31,2,Search_Generic_HighIntent,13862,451,692.84
1455,2024-05-31,3,TikTok_Creator_Lifestyle,126872,2284,1206.11
1456,2024-05-31,4,Editorial_Lifestyle_Reviews,39539,789,343.79
1457,2024-06-01,2,Search_Competitor_Conquest,19193,517,634.0
1458,2024-06-01,3,Instagram_Story_Retargeting,72880,1641,1285.86
1459,2024-06-01,4,Partner_Syndication_Cashback,40445,1097,419.56
1460,2024-06-02,2,Search_Brand_Core,23079,775,1164.5
1461,2024-06-02,3,Meta_Advantage_Catalog_Ads,124856,2366,1242.36
1462,2024-06-02,4,Affiliate_Creator_Network,39805,739,542.29
1463,2024-06-03,2,Search_Generic_HighIntent,21110,909,1079.13
1464,2024-06-03,3,TikTok_Creator_Lifestyle,35653,816,942.67
1465,2024-06-03,4,Editorial_Lifestyle_Reviews,24321,722,269.94
1466,2024-06-04,2,Search_Competitor_Conquest,11313,490,690.63
1467,2024-06-04,3,Instagram_Story_Retargeting,84790,1508,1173.57
1468,2024-06-04,4,Partner_Syndication_Cashback,13334,298,220.11
1469,2024-06-05,2,Search_Brand_Core,13616,603,706.11
1470,2024-06-05,3,Meta_Advantage_Catalog_Ads,36365,771,853.74
1471,2024-06-05,4,Affiliate_Creator_Network,19402,578,427.9
1472,2024-06-06,2,Search_Generic_HighIntent,28840,1180,1203.95
1473,2024-06-06,3,TikTok_Creator_Lifestyle,63962,1515,1333.85
1474,2024-06-06,4,Editorial_Lifestyle_Reviews,34288,849,536.49
1475,2024-06-07,2,Search_Competitor_Conquest,20259,653,827.38
1476,2024-06-07,3,Instagram_Story_Retargeting,144234,1876,1055.91
1477,2024-06-07,4,Partner_Syndication_Cashback,25298,785,414.69
1478,2024-06-08,2,Search_Brand_Core,30763,866,808.36
1479,2024-06-08,3,Meta_Advantage_Catalog_Ads,47699,708,837.44
1480,2024-06-08,4,Affiliate_Creator_Network,13447,426,308.93
1481,2024-06-09,2,Search_Generic_HighIntent,31526,885,837.91
1482,2024-06-09,3,TikTok_Creator_Lifestyle,77715,1507,959.4
1483,2024-06-09,4,Editorial_Lifestyle_Reviews,34300,918,518.69
1484,2024-06-10,2,Search_Competitor_Conquest,13224,494,820.34
1485,2024-06-10,3,Instagram_Story_Retargeting,82371,1361,1584.74
1486,2024-06-10,4,Partner_Syndication_Cashback,24700,596,262.38
1487,2024-06-11,2,Search_Brand_Core,20636,834,1050.29
1488,2024-06-11,3,Meta_Advantage_Catalog_Ads,114165,1846,1158.92
1489,2024-06-11,4,Affiliate_Creator_Network,25533,615,381.03
1490,2024-06-12,2,Search_Generic_HighIntent,16140,458,726.1
1491,2024-06-12,3,TikTok_Creator_Lifestyle,168868,2262,1428.52
1492,2024-06-12,4,Editorial_Lifestyle_Reviews,24209,608,338.94
1493,2024-06-13,2,Search_Competitor_Conquest,14715,511,943.75
1494,2024-06-13,3,Instagram_Story_Retargeting,125576,1616,1285.08
1495,2024-06-13,4,Partner_Syndication_Cashback,35318,951,419.75
1496,2024-06-14,2,Search_Brand_Core,10268,353,646.16
1497,2024-06-14,3,Meta_Advantage_Catalog_Ads,131724,1684,1402.65
1498,2024-06-14,4,Affiliate_Creator_Network,24253,702,427.5
1499,2024-06-15,2,Search_Generic_HighIntent,11608,489,735.77
1500,2024-06-15,3,TikTok_Creator_Lifestyle,71800,1480,1100.33
1501,2024-06-15,4,Editorial_Lifestyle_Reviews,20437,474,348.11
1502,2024-06-16,2,Search_Competitor_Conquest,16004,562,938.96
1503,2024-06-16,3,Instagram_Story_Retargeting,122421,1812,1489.15
1504,2024-06-16,4,Partner_Syndication_Cashback,55967,1163,467.96
1505,2024-06-17,2,Search_Brand_Core,15130,649,1044.66
1506,2024-06-17,3,Meta_Advantage_Catalog_Ads,79865,1951,1126.61
1507,2024-06-17,4,Affiliate_Creator_Network,29893,660,283.18
1508,2024-06-18,2,Search_Generic_HighIntent,12360,497,864.57
1509,2024-06-18,3,TikTok_Creator_Lifestyle,123184,2051,1276.71
1510,2024-06-18,4,Editorial_Lifestyle_Reviews,37475,818,334.61
1511,2024-06-19,2,Search_Competitor_Conquest,20803,749,764.55
1512,2024-06-19,3,Instagram_Story_Retargeting,127256,2323,1275.15
1513,2024-06-19,4,Partner_Syndication_Cashback,21863,643,417.55
1514,2024-06-20,2,Search_Brand_Core,19017,567,952.73
1515,2024-06-20,3,Meta_Advantage_Catalog_Ads,106211,1920,1197.26
1516,2024-06-20,4,Affiliate_Creator_Network,28116,802,358.07
1517,2024-06-21,2,Search_Generic_HighIntent,23970,662,767.73
1518,2024-06-21,3,TikTok_Creator_Lifestyle,91485,1537,1094.75
1519,2024-06-21,4,Editorial_Lifestyle_Reviews,13217,410,268.93
1520,2024-06-22,2,Search_Competitor_Conquest,11974,507,766.61
1521,2024-06-22,3,Instagram_Story_Retargeting,60678,1430,1329.54
1522,2024-06-22,4,Partner_Syndication_Cashback,24987,611,407.33
1523,2024-06-23,2,Search_Brand_Core,24114,833,761.92
1524,2024-06-23,3,Meta_Advantage_Catalog_Ads,85628,1660,1303.64
1525,2024-06-23,4,Affiliate_Creator_Network,30582,597,408.81
1526,2024-06-24,2,Search_Generic_HighIntent,12084,507,837.65
1527,2024-06-24,3,TikTok_Creator_Lifestyle,64832,1528,1697.21
1528,2024-06-24,4,Editorial_Lifestyle_Reviews,30111,655,334.29
1529,2024-06-25,2,Search_Competitor_Conquest,15803,504,902.27
1530,2024-06-25,3,Instagram_Story_Retargeting,117122,1664,1177.42
1531,2024-06-25,4,Partner_Syndication_Cashback,22116,692,258.26
1532,2024-06-26,2,Search_Brand_Core,12401,479,809.99
1533,2024-06-26,3,Meta_Advantage_Catalog_Ads,66103,1491,928.45
1534,2024-06-26,4,Affiliate_Creator_Network,19438,388,277.38
1535,2024-06-27,2,Search_Generic_HighIntent,21646,643,1075.96
1536,2024-06-27,3,TikTok_Creator_Lifestyle,62501,965,1134.45
1537,2024-06-27,4,Editorial_Lifestyle_Reviews,32958,710,371.09
1538,2024-06-28,2,Search_Competitor_Conquest,18424,600,980.75
1539,2024-06-28,3,Instagram_Story_Retargeting,174934,2109,1369.21
1540,2024-06-28,4,Partner_Syndication_Cashback,26050,483,361.47
1541,2024-06-29,2,Search_Brand_Core,11335,467,649.94
1542,2024-06-29,3,Meta_Advantage_Catalog_Ads,45873,996,773.35
1543,2024-06-29,4,Affiliate_Creator_Network,31297,649,276.29
1544,2024-06-30,2,Search_Generic_HighIntent,16360,691,936.9
1545,2024-06-30,3,TikTok_Creator_Lifestyle,58437,1448,1424.14
1546,2024-06-30,4,Editorial_Lifestyle_Reviews,23151,716,365.88
1547,2024-07-01,2,Search_Competitor_Conquest,13320,534,851.1
1548,2024-07-01,3,Instagram_Story_Retargeting,82356,1203,995.93
1549,2024-07-01,4,Partner_Syndication_Cashback,24941,550,294.69
1550,2024-07-02,2,Search_Brand_Core,13714,563,991.74
1551,2024-07-02,3,Meta_Advantage_Catalog_Ads,92676,1419,981.68
1552,2024-07-02,4,Affiliate_Creator_Network,14093,333,242.57
1553,2024-07-03,2,Search_Generic_HighIntent,13006,429,731.06
1554,2024-07-03,3,TikTok_Creator_Lifestyle,66124,1343,823.83
1555,2024-07-03,4,Editorial_Lifestyle_Reviews,31384,968,420.32
1556,2024-07-04,2,Search_Competitor_Conquest,23212,686,1170.39
1557,2024-07-04,3,Instagram_Story_Retargeting,54271,867,959.98
1558,2024-07-04,4,Partner_Syndication_Cashback,33340,660,431.85
1559,2024-07-05,2,Search_Brand_Core,13900,550,986.09
1560,2024-07-05,3,Meta_Advantage_Catalog_Ads,52554,991,1103.18
1561,2024-07-05,4,Affiliate_Creator_Network,21235,605,410.23
1562,2024-07-06,2,Search_Generic_HighIntent,22743,677,684.84
1563,2024-07-06,3,TikTok_Creator_Lifestyle,61713,1208,1031.39
1564,2024-07-06,4,Editorial_Lifestyle_Reviews,13838,426,282.96
1565,2024-07-07,2,Search_Competitor_Conquest,13849,534,853.8
1566,2024-07-07,3,Instagram_Story_Retargeting,94547,2112,1334.43
1567,2024-07-07,4,Partner_Syndication_Cashback,27423,846,540.36
1568,2024-07-08,2,Search_Brand_Core,26665,1007,1242.6
1569,2024-07-08,3,Meta_Advantage_Catalog_Ads,82378,1089,1296.17
1570,2024-07-08,4,Affiliate_Creator_Network,23889,525,367.34
1571,2024-07-09,2,Search_Generic_HighIntent,17579,784,991.01
1572,2024-07-09,3,TikTok_Creator_Lifestyle,90040,1982,1409.12
1573,2024-07-09,4,Editorial_Lifestyle_Reviews,18517,504,298.8
1574,2024-07-10,2,Search_Competitor_Conquest,51423,1512,1395.6
1575,2024-07-10,3,Instagram_Story_Retargeting,108118,1994,1783.83
1576,2024-07-10,4,Partner_Syndication_Cashback,20756,625,305.84
1577,2024-07-11,2,Search_Brand_Core,18268,802,1023.94
1578,2024-07-11,3,Meta_Advantage_Catalog_Ads,84566,1298,1330.14
1579,2024-07-11,4,Affiliate_Creator_Network,35823,1089,706.44
1580,2024-07-12,2,Search_Generic_HighIntent,17691,718,1008.0
1581,2024-07-12,3,TikTok_Creator_Lifestyle,164247,2029,1342.31
1582,2024-07-12,4,Editorial_Lifestyle_Reviews,38070,1024,649.51
1583,2024-07-13,2,Search_Competitor_Conquest,24911,860,1208.86
1584,2024-07-13,3,Instagram_Story_Retargeting,99727,1458,1383.03
1585,2024-07-13,4,Partner_Syndication_Cashback,36298,831,560.69
1586,2024-07-14,2,Search_Brand_Core,31003,1378,1424.72
1587,2024-07-14,3,Meta_Advantage_Catalog_Ads,121154,1977,2263.92
1588,2024-07-14,4,Affiliate_Creator_Network,48027,925,402.18
1589,2024-07-15,2,Search_Generic_HighIntent,25158,1127,1090.82
1590,2024-07-15,3,TikTok_Creator_Lifestyle,100684,2291,1357.84
1591,2024-07-15,4,Editorial_Lifestyle_Reviews,32908,883,582.32
1592,2024-07-16,2,Search_Competitor_Conquest,26832,951,1432.65
1593,2024-07-16,3,Instagram_Story_Retargeting,133343,2200,1789.32
1594,2024-07-16,4,Partner_Syndication_Cashback,38076,1110,463.71
1595,2024-07-17,2,Search_Brand_Core,33181,993,1038.65
1596,2024-07-17,3,Meta_Advantage_Catalog_Ads,125104,2617,1913.28
1597,2024-07-17,4,Affiliate_Creator_Network,55938,1606,612.03
1598,2024-07-18,2,Search_Generic_HighIntent,28676,1112,1229.27
1599,2024-07-18,3,TikTok_Creator_Lifestyle,166075,3221,2275.45
1600,2024-07-18,4,Editorial_Lifestyle_Reviews,29843,797,455.79
1601,2024-07-19,2,Search_Competitor_Conquest,30504,845,1261.76
1602,2024-07-19,3,Instagram_Story_Retargeting,87383,1824,1773.36
1603,2024-07-19,4,Partner_Syndication_Cashback,25035,594,314.24
1604,2024-07-20,2,Search_Brand_Core,22265,753,836.44
1605,2024-07-20,3,Meta_Advantage_Catalog_Ads,108001,2461,1639.09
1606,2024-07-20,4,Affiliate_Creator_Network,27625,680,444.9
1607,2024-07-21,2,Search_Generic_HighIntent,15312,667,992.79
1608,2024-07-21,3,TikTok_Creator_Lifestyle,76415,1515,1317.78
1609,2024-07-21,4,Editorial_Lifestyle_Reviews,49485,1248,472.77
1610,2024-07-22,2,Search_Competitor_Conquest,15888,554,983.89
1611,2024-07-22,3,Instagram_Story_Retargeting,61991,1107,1299.68
1612,2024-07-22,4,Partner_Syndication_Cashback,35070,678,295.99
1613,2024-07-23,2,Search_Brand_Core,11985,484,634.17
1614,2024-07-23,3,Meta_Advantage_Catalog_Ads,129574,2515,1314.01
1615,2024-07-23,4,Affiliate_Creator_Network,16910,344,250.14
1616,2024-07-24,2,Search_Generic_HighIntent,20169,763,923.2
1617,2024-07-24,3,TikTok_Creator_Lifestyle,70606,1059,1092.36
1618,2024-07-24,4,Editorial_Lifestyle_Reviews,29141,833,458.21
1619,2024-07-25,2,Search_Competitor_Conquest,21677,639,1180.53
1620,2024-07-25,3,Instagram_Story_Retargeting,111109,1713,1156.97
1621,2024-07-25,4,Partner_Syndication_Cashback,17826,568,424.23
1622,2024-07-26,2,Search_Brand_Core,13815,583,877.91
1623,2024-07-26,3,Meta_Advantage_Catalog_Ads,119866,2262,1453.85
1624,2024-07-26,4,Affiliate_Creator_Network,38498,930,438.41
1625,2024-07-27,2,Search_Generic_HighIntent,12383,534,981.18
1626,2024-07-27,3,TikTok_Creator_Lifestyle,110073,1780,1225.18
1627,2024-07-27,4,Editorial_Lifestyle_Reviews,22451,563,323.53
1628,2024-07-28,2,Search_Competitor_Conquest,20759,830,1068.87
1629,2024-07-28,3,Instagram_Story_Retargeting,119746,1635,1195.67
1630,2024-07-28,4,Partner_Syndication_Cashback,17898,434,299.26
1631,2024-07-29,2,Search_Brand_Core,14551,525,852.03
1632,2024-07-29,3,Meta_Advantage_Catalog_Ads,91812,1313,947.11
1633,2024-07-29,4,Affiliate_Creator_Network,51562,975,448.39
1634,2024-07-30,2,Search_Generic_HighIntent,17889,455,661.25
1635,2024-07-30,3,TikTok_Creator_Lifestyle,115462,2296,1398.02
1636,2024-07-30,4,Editorial_Lifestyle_Reviews,33096,629,331.48
1637,2024-07-31,2,Search_Competitor_Conquest,22839,576,1007.5
1638,2024-07-31,3,Instagram_Story_Retargeting,43044,824,933.55
1639,2024-07-31,4,Partner_Syndication_Cashback,21256,579,249.83
1640,2024-08-01,2,Search_Brand_Core,17271,761,1117.64
1641,2024-08-01,3,Meta_Advantage_Catalog_Ads,102560,1867,1325.91
1642,2024-08-01,4,Affiliate_Creator_Network,43232,806,354.38
1643,2024-08-02,2,Search_Generic_HighIntent,20025,508,799.76
1644,2024-08-02,3,TikTok_Creator_Lifestyle,58840,1173,1115.34
1645,2024-08-02,4,Editorial_Lifestyle_Reviews,22493,629,424.13
1646,2024-08-03,2,Search_Competitor_Conquest,12302,456,616.11
1647,2024-08-03,3,Instagram_Story_Retargeting,111829,1667,883.16
1648,2024-08-03,4,Partner_Syndication_Cashback,28574,585,301.4
1649,2024-08-04,2,Search_Brand_Core,22703,659,1172.18
1650,2024-08-04,3,Meta_Advantage_Catalog_Ads,136111,3270,1675.79
1651,2024-08-04,4,Affiliate_Creator_Network,53483,1534,544.23
1652,2024-08-05,2,Search_Generic_HighIntent,15986,710,1250.42
1653,2024-08-05,3,TikTok_Creator_Lifestyle,107431,2476,1373.21
1654,2024-08-05,4,Editorial_Lifestyle_Reviews,30703,732,436.3
1655,2024-08-06,2,Search_Competitor_Conquest,21686,863,903.02
1656,2024-08-06,3,Instagram_Story_Retargeting,37115,855,863.91
1657,2024-08-06,4,Partner_Syndication_Cashback,27446,614,340.22
1658,2024-08-07,2,Search_Brand_Core,21032,681,1087.92
1659,2024-08-07,3,Meta_Advantage_Catalog_Ads,79197,1428,933.75
1660,2024-08-07,4,Affiliate_Creator_Network,34835,732,471.25
1661,2024-08-08,2,Search_Generic_HighIntent,22529,947,1192.98
1662,2024-08-08,3,TikTok_Creator_Lifestyle,50277,1209,1127.84
1663,2024-08-08,4,Editorial_Lifestyle_Reviews,16184,515,322.85
1664,2024-08-09,2,Search_Competitor_Conquest,18709,720,708.55
1665,2024-08-09,3,Instagram_Story_Retargeting,105011,1909,1049.45
1666,2024-08-09,4,Partner_Syndication_Cashback,39796,903,419.05
1667,2024-08-10,2,Search_Brand_Core,15912,666,928.65
1668,2024-08-10,3,Meta_Advantage_Catalog_Ads,42375,867,1011.82
1669,2024-08-10,4,Affiliate_Creator_Network,12435,309,217.26
1670,2024-08-11,2,Search_Generic_HighIntent,20025,776,810.75
1671,2024-08-11,3,TikTok_Creator_Lifestyle,100527,1389,973.48
1672,2024-08-11,4,Editorial_Lifestyle_Reviews,29281,741,382.03
1673,2024-08-12,2,Search_Competitor_Conquest,25504,951,884.9
1674,2024-08-12,3,Instagram_Story_Retargeting,96401,1293,1235.7
1675,2024-08-12,4,Partner_Syndication_Cashback,22344,545,245.08
1676,2024-08-13,2,Search_Brand_Core,15143,493,823.05
1677,2024-08-13,3,Meta_Advantage_Catalog_Ads,105342,1294,1184.36
1678,2024-08-13,4,Affiliate_Creator_Network,30296,724,353.16
1679,2024-08-14,2,Search_Generic_HighIntent,9533,418,686.67
1680,2024-08-14,3,TikTok_Creator_Lifestyle,41085,901,830.08
1681,2024-08-14,4,Editorial_Lifestyle_Reviews,16199,435,288.99
1682,2024-08-15,2,Search_Competitor_Conquest,26077,674,1233.87
1683,2024-08-15,3,Instagram_Story_Retargeting,105410,1466,1294.51
1684,2024-08-15,4,Partner_Syndication_Cashback,25676,468,349.02
1685,2024-08-16,2,Search_Brand_Core,15916,501,851.34
1686,2024-08-16,3,Meta_Advantage_Catalog_Ads,53430,971,1150.51
1687,2024-08-16,4,Affiliate_Creator_Network,21258,664,246.23
1688,2024-08-17,2,Search_Generic_HighIntent,18610,499,688.23
1689,2024-08-17,3,TikTok_Creator_Lifestyle,46893,869,1000.58
1690,2024-08-17,4,Editorial_Lifestyle_Reviews,38103,955,433.15
1691,2024-08-18,2,Search_Competitor_Conquest,29552,904,1198.13
1692,2024-08-18,3,Instagram_Story_Retargeting,111326,2104,1626.38
1693,2024-08-18,4,Partner_Syndication_Cashback,58867,1308,555.45
1694,2024-08-19,2,Search_Brand_Core,20446,593,754.24
1695,2024-08-19,3,Meta_Advantage_Catalog_Ads,114093,2370,1485.91
1696,2024-08-19,4,Affiliate_Creator_Network,28972,663,326.19
1697,2024-08-20,2,Search_Generic_HighIntent,22559,727,976.12
1698,2024-08-20,3,TikTok_Creator_Lifestyle,106226,1570,1413.46
1699,2024-08-20,4,Editorial_Lifestyle_Reviews,51171,949,462.01
1700,2024-08-21,2,Search_Competitor_Conquest,28822,858,872.83
1701,2024-08-21,3,Instagram_Story_Retargeting,100755,2266,1340.18
1702,2024-08-21,4,Partner_Syndication_Cashback,28520,797,472.52
1703,2024-08-22,2,Search_Brand_Core,19132,609,1121.81
1704,2024-08-22,3,Meta_Advantage_Catalog_Ads,65550,1241,1071.16
1705,2024-08-22,4,Affiliate_Creator_Network,27586,502,299.04
1706,2024-08-23,2,Search_Generic_HighIntent,36253,935,1075.94
1707,2024-08-23,3,TikTok_Creator_Lifestyle,85921,1337,893.57
1708,2024-08-23,4,Editorial_Lifestyle_Reviews,22946,475,219.46
1709,2024-08-24,2,Search_Competitor_Conquest,18345,583,737.77
1710,2024-08-24,3,Instagram_Story_Retargeting,135954,1676,943.19
1711,2024-08-24,4,Partner_Syndication_Cashback,11546,368,240.34
1712,2024-08-25,2,Search_Brand_Core,25199,898,1238.86
1713,2024-08-25,3,Meta_Advantage_Catalog_Ads,52275,1147,1194.94
1714,2024-08-25,4,Affiliate_Creator_Network,30148,726,514.45
1715,2024-08-26,2,Search_Generic_HighIntent,22201,692,1152.41
1716,2024-08-26,3,TikTok_Creator_Lifestyle,119877,2988,1691.52
1717,2024-08-26,4,Editorial_Lifestyle_Reviews,46603,1267,490.72
1718,2024-08-27,2,Search_Competitor_Conquest,9857,404,659.58
1719,2024-08-27,3,Instagram_Story_Retargeting,85063,1129,1242.06
1720,2024-08-27,4,Partner_Syndication_Cashback,30063,559,288.12
1721,2024-08-28,2,Search_Brand_Core,22554,741,853.74
1722,2024-08-28,3,Meta_Advantage_Catalog_Ads,64585,1002,1118.05
1723,2024-08-28,4,Affiliate_Creator_Network,39266,887,461.82
1724,2024-08-29,2,Search_Generic_HighIntent,25873,780,1011.48
1725,2024-08-29,3,TikTok_Creator_Lifestyle,134238,2225,1349.0
1726,2024-08-29,4,Editorial_Lifestyle_Reviews,27933,825,425.32
1727,2024-08-30,2,Search_Competitor_Conquest,10321,420,764.73
1728,2024-08-30,3,Instagram_Story_Retargeting,99730,1381,1500.38
1729,2024-08-30,4,Partner_Syndication_Cashback,29163,859,358.94
1730,2024-08-31,2,Search_Brand_Core,16494,719,826.73
1731,2024-08-31,3,Meta_Advantage_Catalog_Ads,42436,907,811.37
1732,2024-08-31,4,Affiliate_Creator_Network,11828,348,204.79
1733,2024-09-01,2,Search_Generic_HighIntent,18594,561,778.14
1734,2024-09-01,3,TikTok_Creator_Lifestyle,104997,2539,1480.4
1735,2024-09-01,4,Editorial_Lifestyle_Reviews,55670,1254,532.33
1736,2024-09-02,2,Search_Competitor_Conquest,19762,669,1059.15
1737,2024-09-02,3,Instagram_Story_Retargeting,74769,1869,1070.92
1738,2024-09-02,4,Partner_Syndication_Cashback,22542,558,390.29
1739,2024-09-03,2,Search_Brand_Core,40212,1097,1078.54
1740,2024-09-03,3,Meta_Advantage_Catalog_Ads,78862,1269,1476.22
1741,2024-09-03,4,Affiliate_Creator_Network,24595,586,311.3
1742,2024-09-04,2,Search_Generic_HighIntent,13936,419,735.06
1743,2024-09-04,3,TikTok_Creator_Lifestyle,192822,2411,1318.79
1744,2024-09-04,4,Editorial_Lifestyle_Reviews,29989,815,395.57
1745,2024-09-05,2,Search_Competitor_Conquest,11008,440,793.79
1746,2024-09-05,3,Instagram_Story_Retargeting,172007,2780,1655.86
1747,2024-09-05,4,Partner_Syndication_Cashback,28976,642,362.58
1748,2024-09-06,2,Search_Brand_Core,17946,540,674.85
1749,2024-09-06,3,Meta_Advantage_Catalog_Ads,111395,1716,1094.74
1750,2024-09-06,4,Affiliate_Creator_Network,33676,769,388.36
1751,2024-09-07,2,Search_Generic_HighIntent,15195,495,807.94
1752,2024-09-07,3,TikTok_Creator_Lifestyle,50411,947,1113.68
1753,2024-09-07,4,Editorial_Lifestyle_Reviews,33524,631,421.5
1754,2024-09-08,2,Search_Competitor_Conquest,13949,624,976.1
1755,2024-09-08,3,Instagram_Story_Retargeting,120894,2334,1318.83
1756,2024-09-08,4,Partner_Syndication_Cashback,17405,437,284.56
1757,2024-09-09,2,Search_Brand_Core,17510,658,1135.83
1758,2024-09-09,3,Meta_Advantage_Catalog_Ads,61215,1405,1444.48
1759,2024-09-09,4,Affiliate_Creator_Network,55920,1442,525.81
1760,2024-09-10,2,Search_Generic_HighIntent,11483,436,749.29
1761,2024-09-10,3,TikTok_Creator_Lifestyle,108123,1774,1120.84
1762,2024-09-10,4,Editorial_Lifestyle_Reviews,49249,951,410.73
1763,2024-09-11,2,Search_Competitor_Conquest,22624,656,1066.06
1764,2024-09-11,3,Instagram_Story_Retargeting,41167,873,1030.94
1765,2024-09-11,4,Partner_Syndication_Cashback,36642,813,384.55
1766,2024-09-12,2,Search_Brand_Core,18636,482,766.63
1767,2024-09-12,3,Meta_Advantage_Catalog_Ads,38709,942,952.4
1768,2024-09-12,4,Affiliate_Creator_Network,36646,909,489.89
1769,2024-09-13,2,Search_Generic_HighIntent,19952,707,853.91
1770,2024-09-13,3,TikTok_Creator_Lifestyle,51952,1230,1130.01
1771,2024-09-13,4,Editorial_Lifestyle_Reviews,55333,1294,493.64
1772,2024-09-14,2,Search_Competitor_Conquest,17399,535,660.42
1773,2024-09-14,3,Instagram_Story_Retargeting,44711,825,854.04
1774,2024-09-14,4,Partner_Syndication_Cashback,61834,1171,425.17
1775,2024-09-15,2,Search_Brand_Core,32656,988,965.01
1776,2024-09-15,3,Meta_Advantage_Catalog_Ads,185997,2711,1752.29
1777,2024-09-15,4,Affiliate_Creator_Network,30047,785,430.98
1778,2024-09-16,2,Search_Generic_HighIntent,20309,564,951.01
1779,2024-09-16,3,TikTok_Creator_Lifestyle,56770,1322,1298.93
1780,2024-09-16,4,Editorial_Lifestyle_Reviews,33319,632,364.69
1781,2024-09-17,2,Search_Competitor_Conquest,19111,756,729.83
1782,2024-09-17,3,Instagram_Story_Retargeting,79607,1024,1030.57
1783,2024-09-17,4,Partner_Syndication_Cashback,34710,668,456.95
1784,2024-09-18,2,Search_Brand_Core,16472,693,660.89
1785,2024-09-18,3,Meta_Advantage_Catalog_Ads,64078,1124,993.19
1786,2024-09-18,4,Affiliate_Creator_Network,32108,803,438.14
1787,2024-09-19,2,Search_Generic_HighIntent,29629,1233,1285.1
1788,2024-09-19,3,TikTok_Creator_Lifestyle,50633,1191,993.48
1789,2024-09-19,4,Editorial_Lifestyle_Reviews,34123,740,461.58
1790,2024-09-20,2,Search_Competitor_Conquest,19165,679,848.16
1791,2024-09-20,3,Instagram_Story_Retargeting,99241,1585,1155.43
1792,2024-09-20,4,Partner_Syndication_Cashback,28459,572,283.97
1793,2024-09-21,2,Search_Brand_Core,23486,650,956.77
1794,2024-09-21,3,Meta_Advantage_Catalog_Ads,72044,1087,1188.26
1795,2024-09-21,4,Affiliate_Creator_Network,34885,651,230.07
1796,2024-09-22,2,Search_Generic_HighIntent,24442,633,1163.27
1797,2024-09-22,3,TikTok_Creator_Lifestyle,144230,2841,1563.24
1798,2024-09-22,4,Editorial_Lifestyle_Reviews,54867,996,491.84
1799,2024-09-23,2,Search_Competitor_Conquest,19335,583,1072.8
1800,2024-09-23,3,Instagram_Story_Retargeting,98240,1888,1107.67
1801,2024-09-23,4,Partner_Syndication_Cashback,23123,660,439.9
1802,2024-09-24,2,Search_Brand_Core,21539,645,1074.12
1803,2024-09-24,3,Meta_Advantage_Catalog_Ads,106096,1728,1223.93
1804,2024-09-24,4,Affiliate_Creator_Network,24270,768,478.03
1805,2024-09-25,2,Search_Generic_HighIntent,17328,602,849.18
1806,2024-09-25,3,TikTok_Creator_Lifestyle,72113,1360,905.58
1807,2024-09-25,4,Editorial_Lifestyle_Reviews,16317,322,232.41
1808,2024-09-26,2,Search_Competitor_Conquest,19563,527,857.6
1809,2024-09-26,3,Instagram_Story_Retargeting,130080,1677,1690.37
1810,2024-09-26,4,Partner_Syndication_Cashback,27375,783,471.66
1811,2024-09-27,2,Search_Brand_Core,17972,660,1044.97
1812,2024-09-27,3,Meta_Advantage_Catalog_Ads,43861,1072,1059.43
1813,2024-09-27,4,Affiliate_Creator_Network,25622,618,380.63
1814,2024-09-28,2,Search_Generic_HighIntent,17477,493,910.09
1815,2024-09-28,3,TikTok_Creator_Lifestyle,54716,999,876.99
1816,2024-09-28,4,Editorial_Lifestyle_Reviews,38715,916,338.62
1817,2024-09-29,2,Search_Competitor_Conquest,19242,734,1068.86
1818,2024-09-29,3,Instagram_Story_Retargeting,73092,1628,1545.08
1819,2024-09-29,4,Partner_Syndication_Cashback,30091,797,450.29
1820,2024-09-30,2,Search_Brand_Core,19551,695,806.2
1821,2024-09-30,3,Meta_Advantage_Catalog_Ads,130016,1713,1670.89
1822,2024-09-30,4,Affiliate_Creator_Network,35471,1003,439.84
1823,2024-10-01,2,Search_Generic_HighIntent,19415,715,1046.38
1824,2024-10-01,3,TikTok_Creator_Lifestyle,56815,1320,1072.72
1825,2024-10-01,4,Editorial_Lifestyle_Reviews,32520,753,419.98
1826,2024-10-02,2,Search_Competitor_Conquest,22661,654,677.48
1827,2024-10-02,3,Instagram_Story_Retargeting,50951,946,1097.98
1828,2024-10-02,4,Partner_Syndication_Cashback,31492,716,280.86
1829,2024-10-03,2,Search_Brand_Core,23436,948,1197.95
1830,2024-10-03,3,Meta_Advantage_Catalog_Ads,140464,2797,1615.36
1831,2024-10-03,4,Affiliate_Creator_Network,58675,1098,560.75
1832,2024-10-04,2,Search_Generic_HighIntent,17747,629,1093.31
1833,2024-10-04,3,TikTok_Creator_Lifestyle,83521,1892,1226.54
1834,2024-10-04,4,Editorial_Lifestyle_Reviews,35556,980,356.38
1835,2024-10-05,2,Search_Competitor_Conquest,19316,590,996.04
1836,2024-10-05,3,Instagram_Story_Retargeting,27996,677,783.81
1837,2024-10-05,4,Partner_Syndication_Cashback,22185,543,329.57
1838,2024-10-06,2,Search_Brand_Core,36013,970,982.67
1839,2024-10-06,3,Meta_Advantage_Catalog_Ads,76210,1059,1149.3
1840,2024-10-06,4,Affiliate_Creator_Network,26794,563,320.86
1841,2024-10-07,2,Search_Generic_HighIntent,18139,587,842.56
1842,2024-10-07,3,TikTok_Creator_Lifestyle,92674,1294,1473.04
1843,2024-10-07,4,Editorial_Lifestyle_Reviews,25973,769,546.69
1844,2024-10-08,2,Search_Competitor_Conquest,16991,642,956.01
1845,2024-10-08,3,Instagram_Story_Retargeting,106112,2595,1327.43
1846,2024-10-08,4,Partner_Syndication_Cashback,24740,576,381.86
1847,2024-10-09,2,Search_Brand_Core,13601,478,661.38
1848,2024-10-09,3,Meta_Advantage_Catalog_Ads,101917,1554,1146.71
1849,2024-10-09,4,Affiliate_Creator_Network,23148,731,365.41
1850,2024-10-10,2,Search_Generic_HighIntent,22831,705,848.95
1851,2024-10-10,3,TikTok_Creator_Lifestyle,81302,1656,1406.74
1852,2024-10-10,4,Editorial_Lifestyle_Reviews,43504,1205,559.42
1853,2024-10-11,2,Search_Competitor_Conquest,16951,581,667.97
1854,2024-10-11,3,Instagram_Story_Retargeting,44144,919,857.13
1855,2024-10-11,4,Partner_Syndication_Cashback,29106,770,428.46
1856,2024-10-12,2,Search_Brand_Core,30001,810,760.82
1857,2024-10-12,3,Meta_Advantage_Catalog_Ads,80374,981,1173.83
1858,2024-10-12,4,Affiliate_Creator_Network,17515,518,337.03
1859,2024-10-13,2,Search_Generic_HighIntent,18184,708,1054.46
1860,2024-10-13,3,TikTok_Creator_Lifestyle,118509,2849,1668.53
1861,2024-10-13,4,Editorial_Lifestyle_Reviews,19607,374,255.69
1862,2024-10-14,2,Search_Competitor_Conquest,28137,954,862.31
1863,2024-10-14,3,Instagram_Story_Retargeting,112348,2007,1236.93
1864,2024-10-14,4,Partner_Syndication_Cashback,18948,578,379.85
1865,2024-10-15,2,Search_Brand_Core,30801,952,969.01
1866,2024-10-15,3,Meta_Advantage_Catalog_Ads,153449,2653,1491.08
1867,2024-10-15,4,Affiliate_Creator_Network,27992,665,485.32
1868,2024-10-16,2,Search_Generic_HighIntent,18268,732,976.5
1869,2024-10-16,3,TikTok_Creator_Lifestyle,71555,1430,859.35
1870,2024-10-16,4,Editorial_Lifestyle_Reviews,19941,457,281.86
1871,2024-10-17,2,Search_Competitor_Conquest,21258,741,1244.05
1872,2024-10-17,3,Instagram_Story_Retargeting,125913,2320,1600.33
1873,2024-10-17,4,Partner_Syndication_Cashback,15242,450,312.71
1874,2024-10-18,2,Search_Brand_Core,14233,629,1089.66
1875,2024-10-18,3,Meta_Advantage_Catalog_Ads,44734,869,1001.3
1876,2024-10-18,4,Affiliate_Creator_Network,25706,586,336.64
1877,2024-10-19,2,Search_Generic_HighIntent,23829,635,716.74
1878,2024-10-19,3,TikTok_Creator_Lifestyle,47494,959,1074.9
1879,2024-10-19,4,Editorial_Lifestyle_Reviews,25713,630,328.56
1880,2024-10-20,2,Search_Competitor_Conquest,17917,519,872.55
1881,2024-10-20,3,Instagram_Story_Retargeting,77439,1508,1555.86
1882,2024-10-20,4,Partner_Syndication_Cashback,37670,1143,533.0
1883,2024-10-21,2,Search_Brand_Core,18255,699,1159.51
1884,2024-10-21,3,Meta_Advantage_Catalog_Ads,79715,1392,1663.72
1885,2024-10-21,4,Affiliate_Creator_Network,32785,798,517.02
1886,2024-10-22,2,Search_Generic_HighIntent,23851,866,1103.38
1887,2024-10-22,3,TikTok_Creator_Lifestyle,60622,1390,914.99
1888,2024-10-22,4,Editorial_Lifestyle_Reviews,30312,650,329.74
1889,2024-10-23,2,Search_Competitor_Conquest,12517,537,895.08
1890,2024-10-23,3,Instagram_Story_Retargeting,54552,986,889.6
1891,2024-10-23,4,Partner_Syndication_Cashback,31466,742,392.52
1892,2024-10-24,2,Search_Brand_Core,20017,701,1018.89
1893,2024-10-24,3,Meta_Advantage_Catalog_Ads,58313,1265,1356.16
1894,2024-10-24,4,Affiliate_Creator_Network,17996,539,361.26
1895,2024-10-25,2,Search_Generic_HighIntent,16446,505,733.56
1896,2024-10-25,3,TikTok_Creator_Lifestyle,99188,2056,1371.99
1897,2024-10-25,4,Editorial_Lifestyle_Reviews,16687,522,289.43
1898,2024-10-26,2,Search_Competitor_Conquest,9790,438,758.93
1899,2024-10-26,3,Instagram_Story_Retargeting,94811,2148,1323.25
1900,2024-10-26,4,Partner_Syndication_Cashback,13249,400,202.79
1901,2024-10-27,2,Search_Brand_Core,24758,811,1139.97
1902,2024-10-27,3,Meta_Advantage_Catalog_Ads,90938,1645,1639.7
1903,2024-10-27,4,Affiliate_Creator_Network,60435,1232,544.36
1904,2024-10-28,2,Search_Generic_HighIntent,20437,612,1115.06
1905,2024-10-28,3,TikTok_Creator_Lifestyle,84701,1964,1174.02
1906,2024-10-28,4,Editorial_Lifestyle_Reviews,18417,587,323.74
1907,2024-10-29,2,Search_Competitor_Conquest,13250,467,666.84
1908,2024-10-29,3,Instagram_Story_Retargeting,109666,1901,1423.53
1909,2024-10-29,4,Partner_Syndication_Cashback,14145,410,264.77
1910,2024-10-30,2,Search_Brand_Core,13323,571,727.01
1911,2024-10-30,3,Meta_Advantage_Catalog_Ads,61929,1190,843.58
1912,2024-10-30,4,Affiliate_Creator_Network,27904,682,312.82
1913,2024-10-31,2,Search_Generic_HighIntent,15690,614,861.23
1914,2024-10-31,3,TikTok_Creator_Lifestyle,111327,2558,1445.75
1915,2024-10-31,4,Editorial_Lifestyle_Reviews,20306,468,307.08
1916,2024-11-01,2,Search_Holiday_Surge,39571,1137,1681.55
1917,2024-11-01,3,Social_Cyber_Week_Special,184475,2754,1944.78
1918,2024-11-01,4,Affiliate_Creator_Network,38942,745,689.22
1919,2024-11-02,2,Search_Holiday_Surge,16701,708,1583.71
1920,2024-11-02,3,Social_Cyber_Week_Special,79464,1496,1963.01
1921,2024-11-02,4,Affiliate_Creator_Network,31431,610,590.57
1922,2024-11-03,2,Search_Holiday_Surge,26403,1159,1516.53
1923,2024-11-03,3,Social_Cyber_Week_Special,71987,1651,2168.73
1924,2024-11-03,4,Affiliate_Creator_Network,57342,1674,936.95
1925,2024-11-04,2,Search_Holiday_Surge,39644,1589,2030.12
1926,2024-11-04,3,Social_Cyber_Week_Special,85106,1590,2047.77
1927,2024-11-04,4,Affiliate_Creator_Network,50771,997,543.64
1928,2024-11-05,2,Search_Holiday_Surge,17734,568,1153.99
1929,2024-11-05,3,Social_Cyber_Week_Special,58244,1219,1619.72
1930,2024-11-05,4,Affiliate_Creator_Network,26415,618,603.8
1931,2024-11-06,2,Search_Holiday_Surge,33093,1317,1726.53
1932,2024-11-06,3,Social_Cyber_Week_Special,87584,1711,2524.49
1933,2024-11-06,4,Affiliate_Creator_Network,35365,973,645.09
1934,2024-11-07,2,Search_Holiday_Surge,22153,772,1927.52
1935,2024-11-07,3,Social_Cyber_Week_Special,98691,1337,1654.89
1936,2024-11-07,4,Affiliate_Creator_Network,29220,825,536.24
1937,2024-11-08,2,Search_Holiday_Surge,32935,853,1218.34
1938,2024-11-08,3,Social_Cyber_Week_Special,143618,1798,2391.53
1939,2024-11-08,4,Affiliate_Creator_Network,21453,471,364.98
1940,2024-11-09,2,Search_Holiday_Surge,18014,783,1387.54
1941,2024-11-09,3,Social_Cyber_Week_Special,91791,1166,1535.31
1942,2024-11-09,4,Affiliate_Creator_Network,25364,719,720.27
1943,2024-11-10,2,Search_Holiday_Surge,26812,1106,1655.4
1944,2024-11-10,3,Social_Cyber_Week_Special,162433,2902,2567.84
1945,2024-11-10,4,Affiliate_Creator_Network,25822,712,654.6
1946,2024-11-11,2,Search_Holiday_Surge,29169,887,1816.23
1947,2024-11-11,3,Social_Cyber_Week_Special,130093,2892,2076.68
1948,2024-11-11,4,Affiliate_Creator_Network,42034,901,638.78
1949,2024-11-12,2,Search_Holiday_Surge,21247,630,1240.42
1950,2024-11-12,3,Social_Cyber_Week_Special,61086,1032,1445.45
1951,2024-11-12,4,Affiliate_Creator_Network,25603,753,530.91
1952,2024-11-13,2,Search_Holiday_Surge,13861,607,1328.2
1953,2024-11-13,3,Social_Cyber_Week_Special,91293,1983,2147.01
1954,2024-11-13,4,Affiliate_Creator_Network,32145,815,567.62
1955,2024-11-14,2,Search_Holiday_Surge,33967,1131,1525.25
1956,2024-11-14,3,Social_Cyber_Week_Special,85290,1641,1744.27
1957,2024-11-14,4,Affiliate_Creator_Network,69175,1847,908.66
1958,2024-11-15,2,Search_Holiday_Surge,38612,1158,1436.61
1959,2024-11-15,3,Social_Cyber_Week_Special,110280,1717,1511.07
1960,2024-11-15,4,Affiliate_Creator_Network,39636,714,541.48
1961,2024-11-16,2,Search_Holiday_Surge,22560,812,1084.67
1962,2024-11-16,3,Social_Cyber_Week_Special,89158,1327,1583.47
1963,2024-11-16,4,Affiliate_Creator_Network,17114,334,327.86
1964,2024-11-17,2,Search_Holiday_Surge,21647,966,1354.96
1965,2024-11-17,3,Social_Cyber_Week_Special,77697,1929,2414.7
1966,2024-11-17,4,Affiliate_Creator_Network,21768,454,453.86
1967,2024-11-18,2,Search_Holiday_Surge,31457,1028,1803.38
1968,2024-11-18,3,Social_Cyber_Week_Special,139453,3481,2840.24
1969,2024-11-18,4,Affiliate_Creator_Network,23549,743,611.46
1970,2024-11-19,2,Search_Holiday_Surge,12900,469,1124.83
1971,2024-11-19,3,Social_Cyber_Week_Special,142653,2701,2203.63
1972,2024-11-19,4,Affiliate_Creator_Network,46257,933,670.61
1973,2024-11-20,2,Search_Holiday_Surge,35929,923,2132.13
1974,2024-11-20,3,Social_Cyber_Week_Special,189133,2288,3704.68
1975,2024-11-20,4,Affiliate_Creator_Network,45648,860,719.83
1976,2024-11-21,2,Search_Holiday_Surge,38707,1423,2976.66
1977,2024-11-21,3,Social_Cyber_Week_Special,132314,2610,3481.14
1978,2024-11-21,4,Affiliate_Creator_Network,36940,1121,870.49
1979,2024-11-22,2,Search_Holiday_Surge,47054,1479,2691.01
1980,2024-11-22,3,Social_Cyber_Week_Special,225023,2733,2476.18
1981,2024-11-22,4,Affiliate_Creator_Network,78787,2317,1373.26
1982,2024-11-23,2,Search_Holiday_Surge,34766,1160,1831.75
1983,2024-11-23,3,Social_Cyber_Week_Special,75951,1857,2654.04
1984,2024-11-23,4,Affiliate_Creator_Network,72142,2083,1157.18
1985,2024-11-24,2,Search_Holiday_Surge,27377,968,2310.14
1986,2024-11-24,3,Social_Cyber_Week_Special,341712,4153,3419.93
1987,2024-11-24,4,Affiliate_Creator_Network,32234,940,908.26
1988,2024-11-25,2,Search_Holiday_Surge,71844,2647,3558.26
1989,2024-11-25,3,Social_Cyber_Week_Special,168750,2728,3240.99
1990,2024-11-25,4,Affiliate_Creator_Network,58493,1203,940.98
1991,2024-11-26,2,Search_Holiday_Surge,43100,1188,2434.48
1992,2024-11-26,3,Social_Cyber_Week_Special,159002,3602,4152.96
1993,2024-11-26,4,Affiliate_Creator_Network,46350,1299,1112.0
1994,2024-11-27,2,Search_Holiday_Surge,48553,1484,2971.64
1995,2024-11-27,3,Social_Cyber_Week_Special,156267,2010,2508.3
1996,2024-11-27,4,Affiliate_Creator_Network,60543,1555,785.5
1997,2024-11-28,2,Search_Holiday_Surge,28615,1168,2332.79
1998,2024-11-28,3,Social_Cyber_Week_Special,244769,4684,4532.09
1999,2024-11-28,4,Affiliate_Creator_Network,60541,1645,1196.99
2000,2024-11-29,2,Search_Holiday_Surge,31452,848,2095.11
2001,2024-11-29,3,Social_Cyber_Week_Special,210760,3200,3957.13
2002,2024-11-29,4,Affiliate_Creator_Network,79364,2289,1186.15
2003,2024-11-30,2,Search_Holiday_Surge,64799,1723,2338.48
2004,2024-11-30,3,Social_Cyber_Week_Special,152626,3596,3422.96
2005,2024-11-30,4,Affiliate_Creator_Network,58035,1271,1079.69
2006,2024-12-01,2,Search_Holiday_Surge,40923,1098,2669.7
2007,2024-12-01,3,Social_Cyber_Week_Special,186942,3199,2868.65
2008,2024-12-01,4,Affiliate_Creator_Network,60561,1574,1147.08
2009,2024-12-02,2,Search_Holiday_Surge,51123,1551,2164.83
2010,2024-12-02,3,Social_Cyber_Week_Special,185115,3131,3895.47
2011,2024-12-02,4,Affiliate_Creator_Network,108284,2334,1184.13
2012,2024-12-03,2,Search_Holiday_Surge,18455,722,1789.53
2013,2024-12-03,3,Social_Cyber_Week_Special,304945,4390,2984.23
2014,2024-12-03,4,Affiliate_Creator_Network,44215,1368,926.84
2015,2024-12-04,2,Search_Holiday_Surge,33358,1334,2386.56
2016,2024-12-04,3,Social_Cyber_Week_Special,158553,3227,3583.77
2017,2024-12-04,4,Affiliate_Creator_Network,60503,1840,1116.7
2018,2024-12-05,2,Search_Holiday_Surge,22702,923,1889.56
2019,2024-12-05,3,Social_Cyber_Week_Special,149759,2999,3428.57
2020,2024-12-05,4,Affiliate_Creator_Network,54136,1179,694.2
2021,2024-12-06,2,Search_Holiday_Surge,41352,1236,2202.17
2022,2024-12-06,3,Social_Cyber_Week_Special,187489,3337,3431.68
2023,2024-12-06,4,Affiliate_Creator_Network,48189,1361,776.73
2024,2024-12-07,2,Search_Holiday_Surge,33491,1483,1832.69
2025,2024-12-07,3,Social_Cyber_Week_Special,94428,2200,2988.71
2026,2024-12-07,4,Affiliate_Creator_Network,57469,1526,999.12
2027,2024-12-08,2,Search_Holiday_Surge,55572,1636,2548.75
2028,2024-12-08,3,Social_Cyber_Week_Special,85816,1901,2467.88
2029,2024-12-08,4,Affiliate_Creator_Network,86760,1811,1164.74
2030,2024-12-09,2,Search_Holiday_Surge,28284,1227,2350.33
2031,2024-12-09,3,Social_Cyber_Week_Special,110830,2555,3935.91
2032,2024-12-09,4,Affiliate_Creator_Network,97886,1827,1322.26
2033,2024-12-10,2,Search_Holiday_Surge,31538,951,1630.84
2034,2024-12-10,3,Social_Cyber_Week_Special,97865,1423,2241.73
2035,2024-12-10,4,Affiliate_Creator_Network,48122,1298,1146.77
2036,2024-12-11,2,Search_Holiday_Surge,36885,1399,2294.22
2037,2024-12-11,3,Social_Cyber_Week_Special,91375,1455,2270.75
2038,2024-12-11,4,Affiliate_Creator_Network,28981,788,674.63
2039,2024-12-12,2,Search_Holiday_Surge,41150,1160,2350.25
2040,2024-12-12,3,Social_Cyber_Week_Special,245451,3816,3551.81
2041,2024-12-12,4,Affiliate_Creator_Network,47708,1080,704.33
2042,2024-12-13,2,Search_Holiday_Surge,48614,1403,2047.76
2043,2024-12-13,3,Social_Cyber_Week_Special,171791,3600,2868.83
2044,2024-12-13,4,Affiliate_Creator_Network,52882,1619,1137.82
2045,2024-12-14,2,Search_Holiday_Surge,29649,1169,1485.05
2046,2024-12-14,3,Social_Cyber_Week_Special,155433,1980,2914.55
2047,2024-12-14,4,Affiliate_Creator_Network,61402,1366,923.44
2048,2024-12-15,2,Search_Holiday_Surge,30449,800,1994.6
2049,2024-12-15,3,Social_Cyber_Week_Special,139729,3012,3853.21
2050,2024-12-15,4,Affiliate_Creator_Network,58669,1207,1130.03
2051,2024-12-16,2,Search_Holiday_Surge,27901,895,1773.45
2052,2024-12-16,3,Social_Cyber_Week_Special,179737,2932,2495.11
2053,2024-12-16,4,Affiliate_Creator_Network,40909,1261,634.37
2054,2024-12-17,2,Search_Holiday_Surge,17251,764,1891.81
2055,2024-12-17,3,Social_Cyber_Week_Special,82280,1630,2202.14
2056,2024-12-17,4,Affiliate_Creator_Network,89536,1848,969.27
2057,2024-12-18,2,Search_Holiday_Surge,18287,818,1628.44
2058,2024-12-18,3,Social_Cyber_Week_Special,92622,2297,3093.88
2059,2024-12-18,4,Affiliate_Creator_Network,64536,1945,961.16
2060,2024-12-19,2,Search_Holiday_Surge,52327,1839,2245.22
2061,2024-12-19,3,Social_Cyber_Week_Special,241168,4435,4072.49
2062,2024-12-19,4,Affiliate_Creator_Network,74238,1420,715.33
2063,2024-12-20,2,Search_Holiday_Surge,36460,1016,2359.96
2064,2024-12-20,3,Social_Cyber_Week_Special,230867,2851,2450.3
2065,2024-12-20,4,Affiliate_Creator_Network,38123,1032,878.03
2066,2024-12-21,2,Search_Holiday_Surge,34410,925,1782.19
2067,2024-12-21,3,Social_Cyber_Week_Special,58814,1288,2002.97
2068,2024-12-21,4,Affiliate_Creator_Network,38721,1049,1014.54
2069,2024-12-22,2,Search_Holiday_Surge,67844,1701,2976.2
2070,2024-12-22,3,Social_Cyber_Week_Special,231200,3061,2382.59
2071,2024-12-22,4,Affiliate_Creator_Network,34504,1003,854.16
2072,2024-12-23,2,Search_Holiday_Surge,22649,905,1270.22
2073,2024-12-23,3,Social_Cyber_Week_Special,137145,2146,1475.11
2074,2024-12-23,4,Affiliate_Creator_Network,22986,675,419.07
2075,2024-12-24,2,Search_Holiday_Surge,20518,570,1200.42
2076,2024-12-24,3,Social_Cyber_Week_Special,87113,1266,1665.32
2077,2024-12-24,4,Affiliate_Creator_Network,26624,643,471.67
2078,2024-12-25,2,Search_Holiday_Surge,16482,445,836.52
2079,2024-12-25,3,Social_Cyber_Week_Special,57492,1403,1122.98
2080,2024-12-25,4,Affiliate_Creator_Network,23368,526,349.27
2081,2024-12-26,2,Search_Holiday_Surge,17495,759,1471.13
2082,2024-12-26,3,Social_Cyber_Week_Special,94484,1817,1423.65
2083,2024-12-26,4,Affiliate_Creator_Network,15505,470,425.38
2084,2024-12-27,2,Search_Holiday_Surge,11730,423,1040.12
2085,2024-12-27,3,Social_Cyber_Week_Special,85542,1068,1213.97
2086,2024-12-27,4,Affiliate_Creator_Network,44619,996,524.91
2087,2024-12-28,2,Search_Holiday_Surge,29113,774,983.5
2088,2024-12-28,3,Social_Cyber_Week_Special,104768,1907,1416.3
2089,2024-12-28,4,Affiliate_Creator_Network,26934,556,331.1
2090,2024-12-29,2,Search_Holiday_Surge,20465,569,1385.56
2091,2024-12-29,3,Social_Cyber_Week_Special,82147,1671,2066.62
2092,2024-12-29,4,Affiliate_Creator_Network,22594,666,567.57
2093,2024-12-30,2,Search_Holiday_Surge,20142,634,1204.67
2094,2024-12-30,3,Social_Cyber_Week_Special,76305,949,1236.7
2095,2024-12-30,4,Affiliate_Creator_Network,36865,762,398.89
2096,2024-12-31,2,Search_Holiday_Surge,16816,562,1135.51
2097,2024-12-31,3,Social_Cyber_Week_Special,59087,980,1063.07
2098,2024-12-31,4,Affiliate_Creator_Network,25480,634,497.5
2099,2025-01-01,2,Search_Brand_Core,10193,409,744.01
2100,2025-01-01,3,Meta_Advantage_Catalog_Ads,96725,1194,997.14
2101,2025-01-01,4,Affiliate_Creator_Network,39336,849,405.78
2102,2025-01-02,2,Search_Generic_HighIntent,26592,690,1091.53
2103,2025-01-02,3,TikTok_Creator_Lifestyle,82647,1636,847.16
2104,2025-01-02,4,Editorial_Lifestyle_Reviews,10059,313,226.61
2105,2025-01-03,2,Search_Competitor_Conquest,16765,517,768.24
2106,2025-01-03,3,Instagram_Story_Retargeting,54491,726,738.21
2107,2025-01-03,4,Partner_Syndication_Cashback,23274,423,200.49
2108,2025-01-04,2,Search_Brand_Core,10091,414,651.37
2109,2025-01-04,3,Meta_Advantage_Catalog_Ads,50623,875,956.49
2110,2025-01-04,4,Affiliate_Creator_Network,29589,625,345.4
2111,2025-01-05,2,Search_Generic_HighIntent,36005,919,1067.43
2112,2025-01-05,3,TikTok_Creator_Lifestyle,77622,1286,973.01
2113,2025-01-05,4,Editorial_Lifestyle_Reviews,22677,501,352.01
2114,2025-01-06,2,Search_Competitor_Conquest,17232,714,872.92
2115,2025-01-06,3,Instagram_Story_Retargeting,86197,1598,914.65
2116,2025-01-06,4,Partner_Syndication_Cashback,22396,588,392.83
2117,2025-01-07,2,Search_Brand_Core,26347,676,860.74
2118,2025-01-07,3,Meta_Advantage_Catalog_Ads,89824,1462,770.73
2119,2025-01-07,4,Affiliate_Creator_Network,23522,608,299.34
2120,2025-01-08,2,Search_Generic_HighIntent,12572,482,743.58
2121,2025-01-08,3,TikTok_Creator_Lifestyle,61305,1202,892.44
2122,2025-01-08,4,Editorial_Lifestyle_Reviews,30056,680,323.73
2123,2025-01-09,2,Search_Competitor_Conquest,22743,630,953.86
2124,2025-01-09,3,Instagram_Story_Retargeting,79218,988,1111.77
2125,2025-01-09,4,Partner_Syndication_Cashback,42587,1069,444.0
2126,2025-01-10,2,Search_Brand_Core,18311,793,721.62
2127,2025-01-10,3,Meta_Advantage_Catalog_Ads,53091,835,975.5
2128,2025-01-10,4,Affiliate_Creator_Network,20973,541,388.92
2129,2025-01-11,2,Search_Generic_HighIntent,10200,367,569.68
2130,2025-01-11,3,TikTok_Creator_Lifestyle,91410,1416,1143.49
2131,2025-01-11,4,Editorial_Lifestyle_Reviews,9672,306,192.45
2132,2025-01-12,2,Search_Competitor_Conquest,9279,404,647.75
2133,2025-01-12,3,Instagram_Story_Retargeting,70920,1489,859.54
2134,2025-01-12,4,Partner_Syndication_Cashback,34566,1026,387.16
2135,2025-01-13,2,Search_Brand_Core,11701,498,876.63
2136,2025-01-13,3,Meta_Advantage_Catalog_Ads,104241,1592,1370.87
2137,2025-01-13,4,Affiliate_Creator_Network,32765,892,347.98
2138,2025-01-14,2,Search_Generic_HighIntent,16751,437,606.15
2139,2025-01-14,3,TikTok_Creator_Lifestyle,66499,1334,883.44
2140,2025-01-14,4,Editorial_Lifestyle_Reviews,33206,993,370.39
2141,2025-01-15,2,Search_Competitor_Conquest,19198,733,898.47
2142,2025-01-15,3,Instagram_Story_Retargeting,82448,1556,945.95
2143,2025-01-15,4,Partner_Syndication_Cashback,9308,288,201.66
2144,2025-01-16,2,Search_Brand_Core,19584,708,1015.55
2145,2025-01-16,3,Meta_Advantage_Catalog_Ads,170551,2215,1491.89
2146,2025-01-16,4,Affiliate_Creator_Network,33581,756,363.93
2147,2025-01-17,2,Search_Generic_HighIntent,12516,379,555.86
2148,2025-01-17,3,TikTok_Creator_Lifestyle,92432,1547,817.16
2149,2025-01-17,4,Editorial_Lifestyle_Reviews,29483,811,393.09
2150,2025-01-18,2,Search_Competitor_Conquest,15374,637,771.86
2151,2025-01-18,3,Instagram_Story_Retargeting,94232,1132,1009.51
2152,2025-01-18,4,Partner_Syndication_Cashback,7910,229,170.58
2153,2025-01-19,2,Search_Brand_Core,23968,609,1070.46
2154,2025-01-19,3,Meta_Advantage_Catalog_Ads,74873,1667,1359.86
2155,2025-01-19,4,Affiliate_Creator_Network,15849,452,210.16
2156,2025-01-20,2,Search_Generic_HighIntent,21724,674,1003.96
2157,2025-01-20,3,TikTok_Creator_Lifestyle,49238,872,1025.96
2158,2025-01-20,4,Editorial_Lifestyle_Reviews,24565,583,332.62
2159,2025-01-21,2,Search_Competitor_Conquest,14253,592,776.54
2160,2025-01-21,3,Instagram_Story_Retargeting,56269,1088,1254.26
2161,2025-01-21,4,Partner_Syndication_Cashback,15335,456,288.15
2162,2025-01-22,2,Search_Brand_Core,12477,499,781.01
2163,2025-01-22,3,Meta_Advantage_Catalog_Ads,74087,1090,1114.13
2164,2025-01-22,4,Affiliate_Creator_Network,28612,516,301.86
2165,2025-01-23,2,Search_Generic_HighIntent,25342,699,1034.36
2166,2025-01-23,3,TikTok_Creator_Lifestyle,62952,1376,1379.11
2167,2025-01-23,4,Editorial_Lifestyle_Reviews,19289,459,317.7
2168,2025-01-24,2,Search_Competitor_Conquest,22983,871,784.67
2169,2025-01-24,3,Instagram_Story_Retargeting,68869,1271,1140.31
2170,2025-01-24,4,Partner_Syndication_Cashback,27680,606,377.5
2171,2025-01-25,2,Search_Brand_Core,12042,539,847.59
2172,2025-01-25,3,Meta_Advantage_Catalog_Ads,46701,1019,1164.55
2173,2025-01-25,4,Affiliate_Creator_Network,27610,707,296.2
2174,2025-01-26,2,Search_Generic_HighIntent,16806,712,993.56
2175,2025-01-26,3,TikTok_Creator_Lifestyle,62387,1159,888.7
2176,2025-01-26,4,Editorial_Lifestyle_Reviews,41540,837,329.3
2177,2025-01-27,2,Search_Competitor_Conquest,29067,755,1027.51
2178,2025-01-27,3,Instagram_Story_Retargeting,70100,991,824.16
2179,2025-01-27,4,Partner_Syndication_Cashback,28637,607,405.44
2180,2025-01-28,2,Search_Brand_Core,24427,759,794.69
2181,2025-01-28,3,Meta_Advantage_Catalog_Ads,60128,1414,1245.54
2182,2025-01-28,4,Affiliate_Creator_Network,19924,490,236.39
2183,2025-01-29,2,Search_Generic_HighIntent,14878,406,749.71
2184,2025-01-29,3,TikTok_Creator_Lifestyle,57734,1108,1223.71
2185,2025-01-29,4,Editorial_Lifestyle_Reviews,21544,476,265.29
2186,2025-01-30,2,Search_Competitor_Conquest,16913,736,1010.85
2187,2025-01-30,3,Instagram_Story_Retargeting,68302,1451,1247.94
2188,2025-01-30,4,Partner_Syndication_Cashback,23856,491,349.81
2189,2025-01-31,2,Search_Brand_Core,13455,568,949.83
2190,2025-01-31,3,Meta_Advantage_Catalog_Ads,57668,922,1000.79
2191,2025-01-31,4,Affiliate_Creator_Network,40496,903,366.92
2192,2025-02-01,2,Search_Generic_HighIntent,16799,550,663.05
2193,2025-02-01,3,TikTok_Creator_Lifestyle,73633,1597,1085.27
2194,2025-02-01,4,Editorial_Lifestyle_Reviews,9420,274,179.98
2195,2025-02-02,2,Search_Competitor_Conquest,12032,521,827.07
2196,2025-02-02,3,Instagram_Story_Retargeting,97077,1776,1373.75
2197,2025-02-02,4,Partner_Syndication_Cashback,31277,915,427.16
2198,2025-02-03,2,Search_Brand_Core,17804,476,793.11
2199,2025-02-03,3,Meta_Advantage_Catalog_Ads,30297,706,845.98
2200,2025-02-03,4,Affiliate_Creator_Network,25894,625,456.25
2201,2025-02-04,2,Search_Generic_HighIntent,18787,658,673.24
2202,2025-02-04,3,TikTok_Creator_Lifestyle,60571,730,842.67
2203,2025-02-04,4,Editorial_Lifestyle_Reviews,23286,484,217.11
2204,2025-02-05,2,Search_Competitor_Conquest,13502,426,648.76
2205,2025-02-05,3,Instagram_Story_Retargeting,48605,964,1083.12
2206,2025-02-05,4,Partner_Syndication_Cashback,34987,708,351.26
2207,2025-02-06,2,Search_Brand_Core,11620,435,790.58
2208,2025-02-06,3,Meta_Advantage_Catalog_Ads,54152,1238,1010.04
2209,2025-02-06,4,Affiliate_Creator_Network,22736,691,396.82
2210,2025-02-07,2,Search_Generic_HighIntent,19100,550,830.45
2211,2025-02-07,3,TikTok_Creator_Lifestyle,33308,659,774.54
2212,2025-02-07,4,Editorial_Lifestyle_Reviews,25655,484,283.68
2213,2025-02-08,2,Search_Competitor_Conquest,17668,726,802.37
2214,2025-02-08,3,Instagram_Story_Retargeting,108370,1343,931.81
2215,2025-02-08,4,Partner_Syndication_Cashback,43577,816,343.1
2216,2025-02-09,2,Search_Brand_Core,24614,807,994.74
2217,2025-02-09,3,Meta_Advantage_Catalog_Ads,56665,899,989.94
2218,2025-02-09,4,Affiliate_Creator_Network,27250,568,268.94
2219,2025-02-10,2,Search_Generic_HighIntent,28682,808,790.48
2220,2025-02-10,3,TikTok_Creator_Lifestyle,77993,994,1109.41
2221,2025-02-10,4,Editorial_Lifestyle_Reviews,12410,378,269.75
2222,2025-02-11,2,Search_Competitor_Conquest,22158,740,834.63
2223,2025-02-11,3,Instagram_Story_Retargeting,84002,1423,839.66
2224,2025-02-11,4,Partner_Syndication_Cashback,24631,654,323.17
2225,2025-02-12,2,Search_Brand_Core,13549,553,679.23
2226,2025-02-12,3,Meta_Advantage_Catalog_Ads,88473,1719,1246.68
2227,2025-02-12,4,Affiliate_Creator_Network,23826,675,250.72
2228,2025-02-13,2,Search_Generic_HighIntent,15947,554,722.86
2229,2025-02-13,3,TikTok_Creator_Lifestyle,101306,1674,947.62
2230,2025-02-13,4,Editorial_Lifestyle_Reviews,34319,801,477.56
2231,2025-02-14,2,Search_Competitor_Conquest,14565,391,575.1
2232,2025-02-14,3,Instagram_Story_Retargeting,58035,1016,1042.82
2233,2025-02-14,4,Partner_Syndication_Cashback,37827,694,256.11
2234,2025-02-15,2,Search_Brand_Core,12717,380,661.03
2235,2025-02-15,3,Meta_Advantage_Catalog_Ads,76383,977,956.22
2236,2025-02-15,4,Affiliate_Creator_Network,15010,411,198.44
2237,2025-02-16,2,Search_Generic_HighIntent,12561,532,849.2
2238,2025-02-16,3,TikTok_Creator_Lifestyle,51911,1132,1351.75
2239,2025-02-16,4,Editorial_Lifestyle_Reviews,23349,659,450.02
2240,2025-02-17,2,Search_Competitor_Conquest,16520,570,1019.43
2241,2025-02-17,3,Instagram_Story_Retargeting,63911,1474,1267.94
2242,2025-02-17,4,Partner_Syndication_Cashback,16786,490,331.95
2243,2025-02-18,2,Search_Brand_Core,21382,838,952.04
2244,2025-02-18,3,Meta_Advantage_Catalog_Ads,42750,1017,1175.49
2245,2025-02-18,4,Affiliate_Creator_Network,27333,556,323.52
2246,2025-02-19,2,Search_Generic_HighIntent,21218,838,957.75
2247,2025-02-19,3,TikTok_Creator_Lifestyle,100573,1483,1199.73
2248,2025-02-19,4,Editorial_Lifestyle_Reviews,13200,332,229.61
2249,2025-02-20,2,Search_Competitor_Conquest,14465,434,686.97
2250,2025-02-20,3,Instagram_Story_Retargeting,137296,2005,1436.92
2251,2025-02-20,4,Partner_Syndication_Cashback,17400,423,234.87
2252,2025-02-21,2,Search_Brand_Core,20297,647,867.29
2253,2025-02-21,3,Meta_Advantage_Catalog_Ads,52282,1258,873.88
2254,2025-02-21,4,Affiliate_Creator_Network,13288,300,223.95
2255,2025-02-22,2,Search_Generic_HighIntent,18075,473,537.42
2256,2025-02-22,3,TikTok_Creator_Lifestyle,76614,1255,1077.87
2257,2025-02-22,4,Editorial_Lifestyle_Reviews,16593,517,311.14
2258,2025-02-23,2,Search_Competitor_Conquest,17144,709,1096.74
2259,2025-02-23,3,Instagram_Story_Retargeting,77276,1635,1379.52
2260,2025-02-23,4,Partner_Syndication_Cashback,11346,357,233.29
2261,2025-02-24,2,Search_Brand_Core,9276,405,685.64
2262,2025-02-24,3,Meta_Advantage_Catalog_Ads,47003,1131,981.19
2263,2025-02-24,4,Affiliate_Creator_Network,52477,1201,481.9
2264,2025-02-25,2,Search_Generic_HighIntent,24226,763,846.95
2265,2025-02-25,3,TikTok_Creator_Lifestyle,62143,1200,729.21
2266,2025-02-25,4,Editorial_Lifestyle_Reviews,19518,564,343.93
2267,2025-02-26,2,Search_Competitor_Conquest,24929,631,731.68
2268,2025-02-26,3,Instagram_Story_Retargeting,81793,1171,841.89
2269,2025-02-26,4,Partner_Syndication_Cashback,16724,457,188.85
2270,2025-02-27,2,Search_Brand_Core,12865,527,942.54
2271,2025-02-27,3,Meta_Advantage_Catalog_Ads,106088,2051,1223.26
2272,2025-02-27,4,Affiliate_Creator_Network,18667,438,228.96
2273,2025-02-28,2,Search_Generic_HighIntent,16324,632,737.39
2274,2025-02-28,3,TikTok_Creator_Lifestyle,58877,1187,1231.74
2275,2025-02-28,4,Editorial_Lifestyle_Reviews,31009,872,316.18
2276,2025-03-01,2,Search_Competitor_Conquest,23925,755,873.44
2277,2025-03-01,3,Instagram_Story_Retargeting,84182,1531,1434.54
2278,2025-03-01,4,Partner_Syndication_Cashback,29533,726,374.19
2279,2025-03-02,2,Search_Brand_Core,18986,735,968.4
2280,2025-03-02,3,Meta_Advantage_Catalog_Ads,63526,996,1052.49
2281,2025-03-02,4,Affiliate_Creator_Network,30328,823,499.83
2282,2025-03-03,2,Search_Generic_HighIntent,18114,637,1153.68
2283,2025-03-03,3,TikTok_Creator_Lifestyle,110606,1667,1657.1
2284,2025-03-03,4,Editorial_Lifestyle_Reviews,31707,694,360.67
2285,2025-03-04,2,Search_Competitor_Conquest,18691,693,881.44
2286,2025-03-04,3,Instagram_Story_Retargeting,55970,990,1052.54
2287,2025-03-04,4,Partner_Syndication_Cashback,47031,1156,442.18
2288,2025-03-05,2,Search_Brand_Core,14463,461,710.41
2289,2025-03-05,3,Meta_Advantage_Catalog_Ads,114385,2211,1606.84
2290,2025-03-05,4,Affiliate_Creator_Network,20865,512,306.01
2291,2025-03-06,2,Search_Generic_HighIntent,34153,930,1016.73
2292,2025-03-06,3,TikTok_Creator_Lifestyle,53975,937,1124.01
2293,2025-03-06,4,Editorial_Lifestyle_Reviews,19639,359,262.77
2294,2025-03-07,2,Search_Competitor_Conquest,13282,575,908.76
2295,2025-03-07,3,Instagram_Story_Retargeting,70213,1732,1428.47
2296,2025-03-07,4,Partner_Syndication_Cashback,10772,322,239.96
2297,2025-03-08,2,Search_Brand_Core,33035,920,1051.02
2298,2025-03-08,3,Meta_Advantage_Catalog_Ads,77336,1454,1252.22
2299,2025-03-08,4,Affiliate_Creator_Network,34265,766,458.36
2300,2025-03-09,2,Search_Generic_HighIntent,34944,1008,1035.1
2301,2025-03-09,3,TikTok_Creator_Lifestyle,50748,1074,1145.87
2302,2025-03-09,4,Editorial_Lifestyle_Reviews,32750,896,447.97
2303,2025-03-10,2,Search_Competitor_Conquest,20451,735,1276.35
2304,2025-03-10,3,Instagram_Story_Retargeting,111509,2026,1738.33
2305,2025-03-10,4,Partner_Syndication_Cashback,47615,1121,565.43
2306,2025-03-11,2,Search_Brand_Core,17049,612,852.51
2307,2025-03-11,3,Meta_Advantage_Catalog_Ads,117045,1736,1390.84
2308,2025-03-11,4,Affiliate_Creator_Network,32599,1008,492.31
2309,2025-03-12,2,Search_Generic_HighIntent,15700,561,803.32
2310,2025-03-12,3,TikTok_Creator_Lifestyle,106760,2544,1519.46
2311,2025-03-12,4,Editorial_Lifestyle_Reviews,26569,668,390.33
2312,2025-03-13,2,Search_Competitor_Conquest,19854,601,824.12
2313,2025-03-13,3,Instagram_Story_Retargeting,75040,1386,1322.33
2314,2025-03-13,4,Partner_Syndication_Cashback,37817,779,295.49
2315,2025-03-14,2,Search_Brand_Core,18840,538,795.59
2316,2025-03-14,3,Meta_Advantage_Catalog_Ads,183015,2413,1561.11
2317,2025-03-14,4,Affiliate_Creator_Network,44206,1059,495.6
2318,2025-03-15,2,Search_Generic_HighIntent,15115,594,1067.71
2319,2025-03-15,3,TikTok_Creator_Lifestyle,37252,926,847.85
2320,2025-03-15,4,Editorial_Lifestyle_Reviews,50417,1187,465.76
2321,2025-03-16,2,Search_Competitor_Conquest,24835,966,988.55
2322,2025-03-16,3,Instagram_Story_Retargeting,129339,1704,1263.52
2323,2025-03-16,4,Partner_Syndication_Cashback,44035,1059,437.85
2324,2025-03-17,2,Search_Brand_Core,17635,492,888.21
2325,2025-03-17,3,Meta_Advantage_Catalog_Ads,178793,2323,1481.67
2326,2025-03-17,4,Affiliate_Creator_Network,45059,899,334.25
2327,2025-03-18,2,Search_Generic_HighIntent,23405,626,950.84
2328,2025-03-18,3,TikTok_Creator_Lifestyle,89931,1353,1227.19
2329,2025-03-18,4,Editorial_Lifestyle_Reviews,42928,905,342.6
2330,2025-03-19,2,Search_Competitor_Conquest,11330,509,937.61
2331,2025-03-19,3,Instagram_Story_Retargeting,157792,2059,1638.96
2332,2025-03-19,4,Partner_Syndication_Cashback,40499,737,327.92
2333,2025-03-20,2,Search_Brand_Core,20350,647,861.08
2334,2025-03-20,3,Meta_Advantage_Catalog_Ads,71023,1182,1183.38
2335,2025-03-20,4,Affiliate_Creator_Network,49378,1261,562.91
2336,2025-03-21,2,Search_Generic_HighIntent,20678,580,794.36
2337,2025-03-21,3,TikTok_Creator_Lifestyle,70840,1093,1015.09
2338,2025-03-21,4,Editorial_Lifestyle_Reviews,21019,391,281.96
2339,2025-03-22,2,Search_Competitor_Conquest,20858,626,889.98
2340,2025-03-22,3,Instagram_Story_Retargeting,92859,1985,1114.3
2341,2025-03-22,4,Partner_Syndication_Cashback,27936,626,267.44
2342,2025-03-23,2,Search_Brand_Core,18344,806,1335.39
2343,2025-03-23,3,Meta_Advantage_Catalog_Ads,90952,1659,1599.59
2344,2025-03-23,4,Affiliate_Creator_Network,45710,1050,582.33
2345,2025-03-24,2,Search_Generic_HighIntent,30313,833,1182.23
2346,2025-03-24,3,TikTok_Creator_Lifestyle,82925,1908,1372.12
2347,2025-03-24,4,Editorial_Lifestyle_Reviews,24180,585,397.31
2348,2025-03-25,2,Search_Competitor_Conquest,24280,1056,1086.16
2349,2025-03-25,3,Instagram_Story_Retargeting,122132,1849,1260.85
2350,2025-03-25,4,Partner_Syndication_Cashback,22321,626,310.79
2351,2025-03-26,2,Search_Brand_Core,21506,773,1186.69
2352,2025-03-26,3,Meta_Advantage_Catalog_Ads,49728,1146,1236.87
2353,2025-03-26,4,Affiliate_Creator_Network,18571,437,319.48
2354,2025-03-27,2,Search_Generic_HighIntent,17966,702,1277.42
2355,2025-03-27,3,TikTok_Creator_Lifestyle,94875,1285,1170.09
2356,2025-03-27,4,Editorial_Lifestyle_Reviews,42296,1173,542.36
2357,2025-03-28,2,Search_Competitor_Conquest,33143,1089,1167.44
2358,2025-03-28,3,Instagram_Story_Retargeting,122682,1751,1389.98
2359,2025-03-28,4,Partner_Syndication_Cashback,17203,466,238.81
2360,2025-03-29,2,Search_Brand_Core,25137,855,896.51
2361,2025-03-29,3,Meta_Advantage_Catalog_Ads,71320,1532,1059.9
2362,2025-03-29,4,Affiliate_Creator_Network,16718,517,292.46
2363,2025-03-30,2,Search_Generic_HighIntent,28604,757,1125.58
2364,2025-03-30,3,TikTok_Creator_Lifestyle,94702,2078,1186.1
2365,2025-03-30,4,Editorial_Lifestyle_Reviews,62554,1318,559.5
2366,2025-03-31,2,Search_Competitor_Conquest,18245,683,998.92
2367,2025-03-31,3,Instagram_Story_Retargeting,91124,1443,1635.34
2368,2025-03-31,4,Partner_Syndication_Cashback,38866,866,497.2
2369,2025-04-01,2,Search_Brand_Core,30046,1179,1167.91
2370,2025-04-01,3,Meta_Advantage_Catalog_Ads,68031,1275,1454.15
2371,2025-04-01,4,Affiliate_Creator_Network,16776,483,329.01
2372,2025-04-02,2,Search_Generic_HighIntent,19402,589,959.97
2373,2025-04-02,3,TikTok_Creator_Lifestyle,75618,1220,1348.48
2374,2025-04-02,4,Editorial_Lifestyle_Reviews,17789,519,378.87
2375,2025-04-03,2,Search_Competitor_Conquest,23414,1052,1332.15
2376,2025-04-03,3,Instagram_Story_Retargeting,74052,1350,1165.38
2377,2025-04-03,4,Partner_Syndication_Cashback,27164,767,547.14
2378,2025-04-04,2,Search_Brand_Core,22297,785,1025.54
2379,2025-04-04,3,Meta_Advantage_Catalog_Ads,135062,2504,1287.9
2380,2025-04-04,4,Affiliate_Creator_Network,26733,779,493.65
2381,2025-04-05,2,Search_Generic_HighIntent,22634,581,814.34
2382,2025-04-05,3,TikTok_Creator_Lifestyle,84151,1289,1072.18
2383,2025-04-05,4,Editorial_Lifestyle_Reviews,14321,345,216.21
2384,2025-04-06,2,Search_Competitor_Conquest,25953,928,1055.8
2385,2025-04-06,3,Instagram_Story_Retargeting,87258,1706,1419.22
2386,2025-04-06,4,Partner_Syndication_Cashback,19742,375,267.56
2387,2025-04-07,2,Search_Brand_Core,27681,982,1077.01
2388,2025-04-07,3,Meta_Advantage_Catalog_Ads,67745,1162,1280.16
2389,2025-04-07,4,Affiliate_Creator_Network,59819,1093,491.49
2390,2025-04-08,2,Search_Generic_HighIntent,18952,648,912.9
2391,2025-04-08,3,TikTok_Creator_Lifestyle,66029,1647,1638.36
2392,2025-04-08,4,Editorial_Lifestyle_Reviews,18737,483,321.74
2393,2025-04-09,2,Search_Competitor_Conquest,14575,555,1019.82
2394,2025-04-09,3,Instagram_Story_Retargeting,115553,1578,1590.34
2395,2025-04-09,4,Partner_Syndication_Cashback,26601,821,446.4
2396,2025-04-10,2,Search_Brand_Core,46607,1290,1288.45
2397,2025-04-10,3,Meta_Advantage_Catalog_Ads,99310,1296,1095.1
2398,2025-04-10,4,Affiliate_Creator_Network,30806,915,522.16
2399,2025-04-11,2,Search_Generic_HighIntent,22304,610,850.09
2400,2025-04-11,3,TikTok_Creator_Lifestyle,190462,2539,1580.64
2401,2025-04-11,4,Editorial_Lifestyle_Reviews,22483,438,294.37
2402,2025-04-12,2,Search_Competitor_Conquest,14292,572,920.15
2403,2025-04-12,3,Instagram_Story_Retargeting,97171,1733,941.27
2404,2025-04-12,4,Partner_Syndication_Cashback,18266,420,264.33
2405,2025-04-13,2,Search_Brand_Core,29435,1070,1078.61
2406,2025-04-13,3,Meta_Advantage_Catalog_Ads,95163,1230,1199.18
2407,2025-04-13,4,Affiliate_Creator_Network,47751,981,612.24
2408,2025-04-14,2,Search_Generic_HighIntent,24059,675,821.59
2409,2025-04-14,3,TikTok_Creator_Lifestyle,55741,1106,1228.83
2410,2025-04-14,4,Editorial_Lifestyle_Reviews,26598,574,328.78
2411,2025-04-15,2,Search_Competitor_Conquest,32765,1299,1209.73
2412,2025-04-15,3,Instagram_Story_Retargeting,192282,2737,1496.98
2413,2025-04-15,4,Partner_Syndication_Cashback,19672,502,350.17
2414,2025-04-16,2,Search_Brand_Core,15302,636,1045.03
2415,2025-04-16,3,Meta_Advantage_Catalog_Ads,69466,1482,1268.48
2416,2025-04-16,4,Affiliate_Creator_Network,24712,452,312.95
2417,2025-04-17,2,Search_Generic_HighIntent,17607,560,930.14
2418,2025-04-17,3,TikTok_Creator_Lifestyle,98096,1854,1169.36
2419,2025-04-17,4,Editorial_Lifestyle_Reviews,81349,1499,567.11
2420,2025-04-18,2,Search_Competitor_Conquest,17135,524,947.9
2421,2025-04-18,3,Instagram_Story_Retargeting,93427,1465,1642.58
2422,2025-04-18,4,Partner_Syndication_Cashback,30836,776,484.3
2423,2025-04-19,2,Search_Brand_Core,12187,498,833.85
2424,2025-04-19,3,Meta_Advantage_Catalog_Ads,61249,1116,1338.21
2425,2025-04-19,4,Affiliate_Creator_Network,29720,623,433.25
2426,2025-04-20,2,Search_Generic_HighIntent,15522,654,840.1
2427,2025-04-20,3,TikTok_Creator_Lifestyle,108139,1308,1294.58
2428,2025-04-20,4,Editorial_Lifestyle_Reviews,33255,659,393.19
2429,2025-04-21,2,Search_Competitor_Conquest,29748,1285,1347.24
2430,2025-04-21,3,Instagram_Story_Retargeting,51808,1029,1230.39
2431,2025-04-21,4,Partner_Syndication_Cashback,41420,789,296.9
2432,2025-04-22,2,Search_Brand_Core,18361,607,1013.73
2433,2025-04-22,3,Meta_Advantage_Catalog_Ads,72215,1367,1247.11
2434,2025-04-22,4,Affiliate_Creator_Network,29506,826,445.16
2435,2025-04-23,2,Search_Generic_HighIntent,39336,993,1224.4
2436,2025-04-23,3,TikTok_Creator_Lifestyle,68405,1127,1000.47
2437,2025-04-23,4,Editorial_Lifestyle_Reviews,34447,871,523.34
2438,2025-04-24,2,Search_Competitor_Conquest,27202,1126,1290.29
2439,2025-04-24,3,Instagram_Story_Retargeting,46208,1116,1041.83
2440,2025-04-24,4,Partner_Syndication_Cashback,33620,792,547.88
2441,2025-04-25,2,Search_Brand_Core,21354,798,1135.96
2442,2025-04-25,3,Meta_Advantage_Catalog_Ads,77286,1481,949.57
2443,2025-04-25,4,Affiliate_Creator_Network,13037,388,250.66
2444,2025-04-26,2,Search_Generic_HighIntent,24455,1071,1067.47
2445,2025-04-26,3,TikTok_Creator_Lifestyle,45151,1035,861.01
2446,2025-04-26,4,Editorial_Lifestyle_Reviews,34933,641,228.89
2447,2025-04-27,2,Search_Competitor_Conquest,24357,671,1121.32
2448,2025-04-27,3,Instagram_Story_Retargeting,85206,1282,1151.43
2449,2025-04-27,4,Partner_Syndication_Cashback,25170,723,527.96
2450,2025-04-28,2,Search_Brand_Core,23075,961,1339.36
2451,2025-04-28,3,Meta_Advantage_Catalog_Ads,107028,2197,1203.88
2452,2025-04-28,4,Affiliate_Creator_Network,14631,405,286.15
2453,2025-04-29,2,Search_Generic_HighIntent,28943,1005,1203.93
2454,2025-04-29,3,TikTok_Creator_Lifestyle,116047,2210,1480.87
2455,2025-04-29,4,Editorial_Lifestyle_Reviews,20756,590,437.5
2456,2025-04-30,2,Search_Competitor_Conquest,15554,572,772.74
2457,2025-04-30,3,Instagram_Story_Retargeting,80996,1271,1019.5
2458,2025-04-30,4,Partner_Syndication_Cashback,23919,486,269.79
2459,2025-05-01,2,Search_Brand_Core,27944,1103,1170.26
2460,2025-05-01,3,Meta_Advantage_Catalog_Ads,87434,1079,1216.3
2461,2025-05-01,4,Affiliate_Creator_Network,44962,951,454.4
2462,2025-05-02,2,Search_Generic_HighIntent,13001,563,956.42
2463,2025-05-02,3,TikTok_Creator_Lifestyle,87914,1878,1141.98
2464,2025-05-02,4,Editorial_Lifestyle_Reviews,33585,962,413.93
2465,2025-05-03,2,Search_Competitor_Conquest,18051,581,883.18
2466,2025-05-03,3,Instagram_Story_Retargeting,82163,1794,1123.2
2467,2025-05-03,4,Partner_Syndication_Cashback,13163,384,253.77
2468,2025-05-04,2,Search_Brand_Core,45203,1377,1264.66
2469,2025-05-04,3,Meta_Advantage_Catalog_Ads,66556,1594,1461.9
2470,2025-05-04,4,Affiliate_Creator_Network,28342,575,402.57
2471,2025-05-05,2,Search_Generic_HighIntent,27528,1097,1041.34
2472,2025-05-05,3,TikTok_Creator_Lifestyle,78494,1733,1178.31
2473,2025-05-05,4,Editorial_Lifestyle_Reviews,71709,1293,459.66
2474,2025-05-06,2,Search_Competitor_Conquest,28735,822,978.16
2475,2025-05-06,3,Instagram_Story_Retargeting,106555,2099,1385.23
2476,2025-05-06,4,Partner_Syndication_Cashback,41538,828,351.48
2477,2025-05-07,2,Search_Brand_Core,28913,901,836.46
2478,2025-05-07,3,Meta_Advantage_Catalog_Ads,88382,1488,1610.23
2479,2025-05-07,4,Affiliate_Creator_Network,24187,716,412.82
2480,2025-05-08,2,Search_Generic_HighIntent,26228,814,961.96
2481,2025-05-08,3,TikTok_Creator_Lifestyle,64110,1501,1081.37
2482,2025-05-08,4,Editorial_Lifestyle_Reviews,61935,1512,595.33
2483,2025-05-09,2,Search_Competitor_Conquest,18507,668,912.14
2484,2025-05-09,3,Instagram_Story_Retargeting,34432,849,924.63
2485,2025-05-09,4,Partner_Syndication_Cashback,28041,712,437.31
2486,2025-05-10,2,Search_Brand_Core,20910,767,799.23
2487,2025-05-10,3,Meta_Advantage_Catalog_Ads,45158,789,849.8
2488,2025-05-10,4,Affiliate_Creator_Network,21539,680,326.77
2489,2025-05-11,2,Search_Generic_HighIntent,31366,888,926.39
2490,2025-05-11,3,TikTok_Creator_Lifestyle,90962,1370,1636.39
2491,2025-05-11,4,Editorial_Lifestyle_Reviews,47542,1287,593.74
2492,2025-05-12,2,Search_Competitor_Conquest,16198,617,846.38
2493,2025-05-12,3,Instagram_Story_Retargeting,100657,2292,1527.41
2494,2025-05-12,4,Partner_Syndication_Cashback,42969,1156,617.12
2495,2025-05-13,2,Search_Brand_Core,23576,997,1126.33
2496,2025-05-13,3,Meta_Advantage_Catalog_Ads,80403,1082,1128.87
2497,2025-05-13,4,Affiliate_Creator_Network,22683,575,324.07
2498,2025-05-14,2,Search_Generic_HighIntent,23099,627,1157.99
2499,2025-05-14,3,TikTok_Creator_Lifestyle,82081,1496,1122.43
2500,2025-05-14,4,Editorial_Lifestyle_Reviews,19487,561,388.36
2501,2025-05-15,2,Search_Competitor_Conquest,16755,626,834.4
2502,2025-05-15,3,Instagram_Story_Retargeting,143879,2470,1461.01
2503,2025-05-15,4,Partner_Syndication_Cashback,34350,982,417.24
2504,2025-05-16,2,Search_Brand_Core,17132,605,883.4
2505,2025-05-16,3,Meta_Advantage_Catalog_Ads,202218,2727,1596.69
2506,2025-05-16,4,Affiliate_Creator_Network,28314,628,328.17
2507,2025-05-17,2,Search_Generic_HighIntent,33152,885,1002.5
2508,2025-05-17,3,TikTok_Creator_Lifestyle,46276,1067,1111.51
2509,2025-05-17,4,Editorial_Lifestyle_Reviews,25872,728,417.28
2510,2025-05-18,2,Search_Competitor_Conquest,30487,1098,1232.44
2511,2025-05-18,3,Instagram_Story_Retargeting,117649,2412,1741.58
2512,2025-05-18,4,Partner_Syndication_Cashback,41691,803,442.83
2513,2025-05-19,2,Search_Brand_Core,25549,711,1223.82
2514,2025-05-19,3,Meta_Advantage_Catalog_Ads,208394,2581,1378.47
2515,2025-05-19,4,Affiliate_Creator_Network,49745,1143,625.81
2516,2025-05-20,2,Search_Generic_HighIntent,15643,470,860.5
2517,2025-05-20,3,TikTok_Creator_Lifestyle,164055,2119,1480.46
2518,2025-05-20,4,Editorial_Lifestyle_Reviews,46576,1279,448.52
2519,2025-05-21,2,Search_Competitor_Conquest,13046,527,848.05
2520,2025-05-21,3,Instagram_Story_Retargeting,135281,2861,1479.78
2521,2025-05-21,4,Partner_Syndication_Cashback,55817,1219,544.76
2522,2025-05-22,2,Search_Brand_Core,32660,1248,1313.66
2523,2025-05-22,3,Meta_Advantage_Catalog_Ads,171312,3289,1730.24
2524,2025-05-22,4,Affiliate_Creator_Network,33467,1013,477.51
2525,2025-05-23,2,Search_Generic_HighIntent,15343,644,802.95
2526,2025-05-23,3,TikTok_Creator_Lifestyle,75914,989,1063.09
2527,2025-05-23,4,Editorial_Lifestyle_Reviews,37140,1021,388.24
2528,2025-05-24,2,Search_Competitor_Conquest,13356,596,1018.1
2529,2025-05-24,3,Instagram_Story_Retargeting,67241,1249,1296.61
2530,2025-05-24,4,Partner_Syndication_Cashback,25420,772,469.01
2531,2025-05-25,2,Search_Brand_Core,17805,705,967.79
2532,2025-05-25,3,Meta_Advantage_Catalog_Ads,77080,1905,1234.38
2533,2025-05-25,4,Affiliate_Creator_Network,44610,1010,427.13
2534,2025-05-26,2,Search_Generic_HighIntent,16429,714,1065.5
2535,2025-05-26,3,TikTok_Creator_Lifestyle,96261,2031,1941.72
2536,2025-05-26,4,Editorial_Lifestyle_Reviews,26509,558,386.61
2537,2025-05-27,2,Search_Competitor_Conquest,10051,425,774.7
2538,2025-05-27,3,Instagram_Story_Retargeting,65629,1186,1153.37
2539,2025-05-27,4,Partner_Syndication_Cashback,36424,725,336.72
2540,2025-05-28,2,Search_Brand_Core,21564,760,1006.73
2541,2025-05-28,3,Meta_Advantage_Catalog_Ads,46154,937,1084.53
2542,2025-05-28,4,Affiliate_Creator_Network,49214,1315,517.8
2543,2025-05-29,2,Search_Generic_HighIntent,38128,1102,1338.83
2544,2025-05-29,3,TikTok_Creator_Lifestyle,104976,1870,1292.53
2545,2025-05-29,4,Editorial_Lifestyle_Reviews,31279,847,388.55
2546,2025-05-30,2,Search_Competitor_Conquest,15749,611,747.67
2547,2025-05-30,3,Instagram_Story_Retargeting,110277,1611,1054.34
2548,2025-05-30,4,Partner_Syndication_Cashback,23564,437,235.89
2549,2025-05-31,2,Search_Brand_Core,9708,421,776.82
2550,2025-05-31,3,Meta_Advantage_Catalog_Ads,75604,1363,977.01
2551,2025-05-31,4,Affiliate_Creator_Network,33995,672,450.95
2552,2025-06-01,2,Search_Generic_HighIntent,16438,697,903.51
2553,2025-06-01,3,TikTok_Creator_Lifestyle,165418,3220,1851.75
2554,2025-06-01,4,Editorial_Lifestyle_Reviews,16996,524,327.43
2555,2025-06-02,2,Search_Competitor_Conquest,30805,1127,1102.97
2556,2025-06-02,3,Instagram_Story_Retargeting,81220,1334,1424.26
2557,2025-06-02,4,Partner_Syndication_Cashback,63300,1279,587.68
2558,2025-06-03,2,Search_Brand_Core,30857,945,881.71
2559,2025-06-03,3,Meta_Advantage_Catalog_Ads,178171,2396,1436.86
2560,2025-06-03,4,Affiliate_Creator_Network,24103,729,277.62
2561,2025-06-04,2,Search_Generic_HighIntent,32039,1288,1216.54
2562,2025-06-04,3,TikTok_Creator_Lifestyle,75716,1251,1498.03
2563,2025-06-04,4,Editorial_Lifestyle_Reviews,20472,614,325.92
2564,2025-06-05,2,Search_Competitor_Conquest,31514,942,1269.49
2565,2025-06-05,3,Instagram_Story_Retargeting,90759,1561,1714.22
2566,2025-06-05,4,Partner_Syndication_Cashback,40771,1007,513.66
2567,2025-06-06,2,Search_Brand_Core,13670,609,997.4
2568,2025-06-06,3,Meta_Advantage_Catalog_Ads,101740,1715,1268.62
2569,2025-06-06,4,Affiliate_Creator_Network,30921,594,278.41
2570,2025-06-07,2,Search_Generic_HighIntent,25213,805,852.15
2571,2025-06-07,3,TikTok_Creator_Lifestyle,103635,2068,1389.78
2572,2025-06-07,4,Editorial_Lifestyle_Reviews,39202,812,468.26
2573,2025-06-08,2,Search_Competitor_Conquest,20238,711,1039.05
2574,2025-06-08,3,Instagram_Story_Retargeting,76968,1467,1192.0
2575,2025-06-08,4,Partner_Syndication_Cashback,32662,620,368.79
2576,2025-06-09,2,Search_Brand_Core,20606,622,1034.51
2577,2025-06-09,3,Meta_Advantage_Catalog_Ads,126660,2041,1606.38
2578,2025-06-09,4,Affiliate_Creator_Network,58179,1240,604.22
2579,2025-06-10,2,Search_Generic_HighIntent,19334,747,1201.03
2580,2025-06-10,3,TikTok_Creator_Lifestyle,79858,1621,959.17
2581,2025-06-10,4,Editorial_Lifestyle_Reviews,23765,687,302.67
2582,2025-06-11,2,Search_Competitor_Conquest,35058,902,873.61
2583,2025-06-11,3,Instagram_Story_Retargeting,58509,1363,1270.11
2584,2025-06-11,4,Partner_Syndication_Cashback,24944,634,271.66
2585,2025-06-12,2,Search_Brand_Core,17823,775,1052.34
2586,2025-06-12,3,Meta_Advantage_Catalog_Ads,79034,1965,1553.51
2587,2025-06-12,4,Affiliate_Creator_Network,16345,409,295.97
2588,2025-06-13,2,Search_Generic_HighIntent,15848,557,988.94
2589,2025-06-13,3,TikTok_Creator_Lifestyle,89231,1835,1267.32
2590,2025-06-13,4,Editorial_Lifestyle_Reviews,34226,956,416.78
2591,2025-06-14,2,Search_Competitor_Conquest,29855,749,956.89
2592,2025-06-14,3,Instagram_Story_Retargeting,175260,2274,1146.83
2593,2025-06-14,4,Partner_Syndication_Cashback,40120,877,335.71
2594,2025-06-15,2,Search_Brand_Core,22935,1031,1230.07
2595,2025-06-15,3,Meta_Advantage_Catalog_Ads,84696,2081,1892.79
2596,2025-06-15,4,Affiliate_Creator_Network,43237,1232,588.12
2597,2025-06-16,2,Search_Generic_HighIntent,16972,591,916.21
2598,2025-06-16,3,TikTok_Creator_Lifestyle,63677,1555,1075.85
2599,2025-06-16,4,Editorial_Lifestyle_Reviews,44460,917,387.56
2600,2025-06-17,2,Search_Competitor_Conquest,14318,575,977.51
2601,2025-06-17,3,Instagram_Story_Retargeting,155808,1963,1268.02
2602,2025-06-17,4,Partner_Syndication_Cashback,20095,567,383.57
2603,2025-06-18,2,Search_Brand_Core,19036,642,940.64
2604,2025-06-18,3,Meta_Advantage_Catalog_Ads,76825,1602,1380.97
2605,2025-06-18,4,Affiliate_Creator_Network,22841,548,397.98
2606,2025-06-19,2,Search_Generic_HighIntent,21421,750,843.9
2607,2025-06-19,3,TikTok_Creator_Lifestyle,82295,1752,1553.73
2608,2025-06-19,4,Editorial_Lifestyle_Reviews,21754,606,373.01
2609,2025-06-20,2,Search_Competitor_Conquest,25719,735,942.78
2610,2025-06-20,3,Instagram_Story_Retargeting,50007,1191,1251.37
2611,2025-06-20,4,Partner_Syndication_Cashback,32883,906,425.48
2612,2025-06-21,2,Search_Brand_Core,19913,827,1005.09
2613,2025-06-21,3,Meta_Advantage_Catalog_Ads,128101,1742,884.11
2614,2025-06-21,4,Affiliate_Creator_Network,15366,368,258.32
2615,2025-06-22,2,Search_Generic_HighIntent,23285,766,1002.2
2616,2025-06-22,3,TikTok_Creator_Lifestyle,109223,2242,1337.65
2617,2025-06-22,4,Editorial_Lifestyle_Reviews,23483,489,323.12
2618,2025-06-23,2,Search_Competitor_Conquest,27957,769,1279.93
2619,2025-06-23,3,Instagram_Story_Retargeting,54441,981,1142.45
2620,2025-06-23,4,Partner_Syndication_Cashback,63967,1401,503.22
2621,2025-06-24,2,Search_Brand_Core,18765,571,993.96
2622,2025-06-24,3,Meta_Advantage_Catalog_Ads,118383,1598,1539.67
2623,2025-06-24,4,Affiliate_Creator_Network,30708,743,330.91
2624,2025-06-25,2,Search_Generic_HighIntent,27099,810,1063.05
2625,2025-06-25,3,TikTok_Creator_Lifestyle,86662,1625,1477.35
2626,2025-06-25,4,Editorial_Lifestyle_Reviews,34258,943,413.86
2627,2025-06-26,2,Search_Competitor_Conquest,30756,861,1072.2
2628,2025-06-26,3,Instagram_Story_Retargeting,106308,1746,1609.22
2629,2025-06-26,4,Partner_Syndication_Cashback,43735,854,587.6
2630,2025-06-27,2,Search_Brand_Core,19114,860,1095.45
2631,2025-06-27,3,Meta_Advantage_Catalog_Ads,89365,1586,1104.71
2632,2025-06-27,4,Affiliate_Creator_Network,20863,516,323.46
2633,2025-06-28,2,Search_Generic_HighIntent,12881,551,760.37
2634,2025-06-28,3,TikTok_Creator_Lifestyle,104696,1649,1400.11
2635,2025-06-28,4,Editorial_Lifestyle_Reviews,13564,379,265.83
2636,2025-06-29,2,Search_Competitor_Conquest,24896,683,1185.89
2637,2025-06-29,3,Instagram_Story_Retargeting,191045,2592,1689.3
2638,2025-06-29,4,Partner_Syndication_Cashback,28226,880,444.21
2639,2025-06-30,2,Search_Brand_Core,15459,618,1035.13
2640,2025-06-30,3,Meta_Advantage_Catalog_Ads,84667,1465,1676.63
2641,2025-06-30,4,Affiliate_Creator_Network,45973,1005,416.62
2642,2025-07-01,2,Search_Generic_HighIntent,27807,885,1195.03
2643,2025-07-01,3,TikTok_Creator_Lifestyle,61454,1310,1099.31
2644,2025-07-01,4,Editorial_Lifestyle_Reviews,18831,505,329.67
2645,2025-07-02,2,Search_Competitor_Conquest,26767,1007,1146.59
2646,2025-07-02,3,Instagram_Story_Retargeting,64996,1392,1050.12
2647,2025-07-02,4,Partner_Syndication_Cashback,34447,1034,439.54
2648,2025-07-03,2,Search_Brand_Core,13318,595,871.24
2649,2025-07-03,3,Meta_Advantage_Catalog_Ads,74225,1465,1553.73
2650,2025-07-03,4,Affiliate_Creator_Network,33097,916,561.07
2651,2025-07-04,2,Search_Generic_HighIntent,17810,530,850.45
2652,2025-07-04,3,TikTok_Creator_Lifestyle,171919,2592,1709.05
2653,2025-07-04,4,Editorial_Lifestyle_Reviews,49669,1145,512.14
2654,2025-07-05,2,Search_Competitor_Conquest,33710,950,998.27
2655,2025-07-05,3,Instagram_Story_Retargeting,117237,1766,1184.53
2656,2025-07-05,4,Partner_Syndication_Cashback,19461,437,217.62
2657,2025-07-06,2,Search_Brand_Core,15346,576,858.68
2658,2025-07-06,3,Meta_Advantage_Catalog_Ads,67248,1570,1133.5
2659,2025-07-06,4,Affiliate_Creator_Network,38676,948,488.1
2660,2025-07-07,2,Search_Generic_HighIntent,13378,579,967.2
2661,2025-07-07,3,TikTok_Creator_Lifestyle,180678,2898,1903.52
2662,2025-07-07,4,Editorial_Lifestyle_Reviews,31157,706,333.77
2663,2025-07-08,2,Search_Competitor_Conquest,22771,988,1067.12
2664,2025-07-08,3,Instagram_Story_Retargeting,86743,2005,1012.14
2665,2025-07-08,4,Partner_Syndication_Cashback,35767,942,463.53
2666,2025-07-09,2,Search_Brand_Core,23298,802,849.8
2667,2025-07-09,3,Meta_Advantage_Catalog_Ads,87760,1302,1211.95
2668,2025-07-09,4,Affiliate_Creator_Network,33738,686,450.67
2669,2025-07-10,2,Search_Generic_HighIntent,22455,909,1198.31
2670,2025-07-10,3,TikTok_Creator_Lifestyle,134769,2323,2302.42
2671,2025-07-10,4,Editorial_Lifestyle_Reviews,42519,887,499.11
2672,2025-07-11,2,Search_Competitor_Conquest,46066,1420,1543.73
2673,2025-07-11,3,Instagram_Story_Retargeting,110696,2193,1843.91
2674,2025-07-11,4,Partner_Syndication_Cashback,24497,729,523.44
2675,2025-07-12,2,Search_Brand_Core,26392,995,1491.01
2676,2025-07-12,3,Meta_Advantage_Catalog_Ads,135291,2190,1762.0
2677,2025-07-12,4,Affiliate_Creator_Network,81693,1479,532.61
2678,2025-07-13,2,Search_Generic_HighIntent,56175,1994,1882.67
2679,2025-07-13,3,TikTok_Creator_Lifestyle,149633,3538,2259.64
2680,2025-07-13,4,Editorial_Lifestyle_Reviews,23639,678,476.92
2681,2025-07-14,2,Search_Competitor_Conquest,41820,1310,1366.66
2682,2025-07-14,3,Instagram_Story_Retargeting,118228,2954,1985.12
2683,2025-07-14,4,Partner_Syndication_Cashback,36040,729,497.18
2684,2025-07-15,2,Search_Brand_Core,46510,1555,1732.97
2685,2025-07-15,3,Meta_Advantage_Catalog_Ads,144085,3259,1904.11
2686,2025-07-15,4,Affiliate_Creator_Network,30901,794,452.37
2687,2025-07-16,2,Search_Generic_HighIntent,53855,1528,1455.68
2688,2025-07-16,3,TikTok_Creator_Lifestyle,148445,2061,1466.09
2689,2025-07-16,4,Editorial_Lifestyle_Reviews,49757,1330,738.39
2690,2025-07-17,2,Search_Competitor_Conquest,35992,1262,1467.07
2691,2025-07-17,3,Instagram_Story_Retargeting,140111,2506,1855.74
2692,2025-07-17,4,Partner_Syndication_Cashback,40612,858,638.01
2693,2025-07-18,2,Search_Brand_Core,41156,1317,1372.31
2694,2025-07-18,3,Meta_Advantage_Catalog_Ads,171085,3346,2081.67
2695,2025-07-18,4,Affiliate_Creator_Network,44780,1391,515.65
2696,2025-07-19,2,Search_Generic_HighIntent,21635,721,1186.22
2697,2025-07-19,3,TikTok_Creator_Lifestyle,171438,2976,2093.12
2698,2025-07-19,4,Editorial_Lifestyle_Reviews,53331,1232,600.42
2699,2025-07-20,2,Search_Competitor_Conquest,36274,1407,2009.03
2700,2025-07-20,3,Instagram_Story_Retargeting,91882,2132,2301.82
2701,2025-07-20,4,Partner_Syndication_Cashback,77951,1428,667.99
2702,2025-07-21,2,Search_Brand_Core,21317,725,1221.74
2703,2025-07-21,3,Meta_Advantage_Catalog_Ads,93828,1748,1226.44
2704,2025-07-21,4,Affiliate_Creator_Network,52540,1396,584.65
2705,2025-07-22,2,Search_Generic_HighIntent,23231,635,1137.02
2706,2025-07-22,3,TikTok_Creator_Lifestyle,82897,1821,1677.24
2707,2025-07-22,4,Editorial_Lifestyle_Reviews,17442,466,257.64
2708,2025-07-23,2,Search_Competitor_Conquest,19010,686,898.81
2709,2025-07-23,3,Instagram_Story_Retargeting,147008,2604,1378.18
2710,2025-07-23,4,Partner_Syndication_Cashback,13608,431,309.05
2711,2025-07-24,2,Search_Brand_Core,32834,965,1029.6
2712,2025-07-24,3,Meta_Advantage_Catalog_Ads,73728,1364,1516.53
2713,2025-07-24,4,Affiliate_Creator_Network,38332,812,297.1
2714,2025-07-25,2,Search_Generic_HighIntent,21953,796,1186.12
2715,2025-07-25,3,TikTok_Creator_Lifestyle,63538,1036,1191.83
2716,2025-07-25,4,Editorial_Lifestyle_Reviews,28991,718,508.6
2717,2025-07-26,2,Search_Competitor_Conquest,24628,940,1092.72
2718,2025-07-26,3,Instagram_Story_Retargeting,73523,1090,906.2
2719,2025-07-26,4,Partner_Syndication_Cashback,29628,668,234.82
2720,2025-07-27,2,Search_Brand_Core,29225,907,1209.19
2721,2025-07-27,3,Meta_Advantage_Catalog_Ads,126233,1721,1992.29
2722,2025-07-27,4,Affiliate_Creator_Network,24974,706,430.28
2723,2025-07-28,2,Search_Generic_HighIntent,24233,666,1072.24
2724,2025-07-28,3,TikTok_Creator_Lifestyle,68641,1382,1384.02
2725,2025-07-28,4,Editorial_Lifestyle_Reviews,77783,1590,586.39
2726,2025-07-29,2,Search_Competitor_Conquest,28064,704,762.47
2727,2025-07-29,3,Instagram_Story_Retargeting,75076,1543,1342.46
2728,2025-07-29,4,Partner_Syndication_Cashback,37836,1038,364.74
2729,2025-07-30,2,Search_Brand_Core,17483,445,765.86
2730,2025-07-30,3,Meta_Advantage_Catalog_Ads,62287,1211,1364.07
2731,2025-07-30,4,Affiliate_Creator_Network,35559,701,436.73
2732,2025-07-31,2,Search_Generic_HighIntent,16365,728,1263.65
2733,2025-07-31,3,TikTok_Creator_Lifestyle,92140,2008,1488.43
2734,2025-07-31,4,Editorial_Lifestyle_Reviews,51739,1056,478.18
2735,2025-08-01,2,Search_Competitor_Conquest,21829,620,828.6
2736,2025-08-01,3,Instagram_Story_Retargeting,73853,1779,954.27
2737,2025-08-01,4,Partner_Syndication_Cashback,28705,698,264.78
2738,2025-08-02,2,Search_Brand_Core,9972,431,782.17
2739,2025-08-02,3,Meta_Advantage_Catalog_Ads,82837,1398,1137.99
2740,2025-08-02,4,Affiliate_Creator_Network,24800,489,228.22
2741,2025-08-03,2,Search_Generic_HighIntent,23577,636,911.73
2742,2025-08-03,3,TikTok_Creator_Lifestyle,79156,1405,1175.26
2743,2025-08-03,4,Editorial_Lifestyle_Reviews,45117,934,328.67
2744,2025-08-04,2,Search_Competitor_Conquest,13831,599,994.5
2745,2025-08-04,3,Instagram_Story_Retargeting,87432,1859,1456.3
2746,2025-08-04,4,Partner_Syndication_Cashback,61719,1204,510.03
2747,2025-08-05,2,Search_Brand_Core,24411,678,973.44
2748,2025-08-05,3,Meta_Advantage_Catalog_Ads,106970,1647,1176.06
2749,2025-08-05,4,Affiliate_Creator_Network,25387,638,390.13
2750,2025-08-06,2,Search_Generic_HighIntent,20489,849,846.93
2751,2025-08-06,3,TikTok_Creator_Lifestyle,158965,2441,1326.42
2752,2025-08-06,4,Editorial_Lifestyle_Reviews,25445,770,500.93
2753,2025-08-07,2,Search_Competitor_Conquest,28003,939,1221.95
2754,2025-08-07,3,Instagram_Story_Retargeting,67327,1320,1261.45
2755,2025-08-07,4,Partner_Syndication_Cashback,20554,476,335.55
2756,2025-08-08,2,Search_Brand_Core,14907,632,766.0
2757,2025-08-08,3,Meta_Advantage_Catalog_Ads,81572,1993,1680.36
2758,2025-08-08,4,Affiliate_Creator_Network,25669,771,524.28
2759,2025-08-09,2,Search_Generic_HighIntent,14365,525,850.43
2760,2025-08-09,3,TikTok_Creator_Lifestyle,101961,2193,1369.65
2761,2025-08-09,4,Editorial_Lifestyle_Reviews,33107,1053,495.94
2762,2025-08-10,2,Search_Competitor_Conquest,36556,996,1084.9
2763,2025-08-10,3,Instagram_Story_Retargeting,127496,2039,1811.35
2764,2025-08-10,4,Partner_Syndication_Cashback,43004,1044,504.32
2765,2025-08-11,2,Search_Brand_Core,22411,902,1385.07
2766,2025-08-11,3,Meta_Advantage_Catalog_Ads,89904,1361,1624.97
2767,2025-08-11,4,Affiliate_Creator_Network,37700,971,375.95
2768,2025-08-12,2,Search_Generic_HighIntent,21224,673,1070.62
2769,2025-08-12,3,TikTok_Creator_Lifestyle,40427,1010,952.18
2770,2025-08-12,4,Editorial_Lifestyle_Reviews,36319,797,337.46
2771,2025-08-13,2,Search_Competitor_Conquest,26676,852,969.79
2772,2025-08-13,3,Instagram_Story_Retargeting,114702,1967,1458.28
2773,2025-08-13,4,Partner_Syndication_Cashback,15023,356,255.33
2774,2025-08-14,2,Search_Brand_Core,28527,1075,1055.39
2775,2025-08-14,3,Meta_Advantage_Catalog_Ads,256974,3569,1887.36
2776,2025-08-14,4,Affiliate_Creator_Network,18254,564,333.28
2777,2025-08-15,2,Search_Generic_HighIntent,19768,797,977.17
2778,2025-08-15,3,TikTok_Creator_Lifestyle,162873,2295,1543.75
2779,2025-08-15,4,Editorial_Lifestyle_Reviews,19581,543,358.3
2780,2025-08-16,2,Search_Competitor_Conquest,19219,587,990.48
2781,2025-08-16,3,Instagram_Story_Retargeting,88865,2070,1096.6
2782,2025-08-16,4,Partner_Syndication_Cashback,43591,827,388.0
2783,2025-08-17,2,Search_Brand_Core,21084,808,1301.79
2784,2025-08-17,3,Meta_Advantage_Catalog_Ads,51351,1119,1275.27
2785,2025-08-17,4,Affiliate_Creator_Network,27983,858,524.0
2786,2025-08-18,2,Search_Generic_HighIntent,29250,975,1429.43
2787,2025-08-18,3,TikTok_Creator_Lifestyle,65113,1327,1424.65
2788,2025-08-18,4,Editorial_Lifestyle_Reviews,24736,757,308.04
2789,2025-08-19,2,Search_Competitor_Conquest,20145,676,1219.8
2790,2025-08-19,3,Instagram_Story_Retargeting,90847,1463,1579.66
2791,2025-08-19,4,Partner_Syndication_Cashback,21006,387,290.01
2792,2025-08-20,2,Search_Brand_Core,18170,702,1065.17
2793,2025-08-20,3,Meta_Advantage_Catalog_Ads,77363,1146,1152.17
2794,2025-08-20,4,Affiliate_Creator_Network,42120,1169,511.66
2795,2025-08-21,2,Search_Generic_HighIntent,41734,1242,1341.01
2796,2025-08-21,3,TikTok_Creator_Lifestyle,223551,3237,1813.34
2797,2025-08-21,4,Editorial_Lifestyle_Reviews,24047,622,449.39
2798,2025-08-22,2,Search_Competitor_Conquest,15201,521,952.65
2799,2025-08-22,3,Instagram_Story_Retargeting,102501,1646,1297.42
2800,2025-08-22,4,Partner_Syndication_Cashback,30046,558,348.82
2801,2025-08-23,2,Search_Brand_Core,28056,917,1000.83
2802,2025-08-23,3,Meta_Advantage_Catalog_Ads,50322,1081,958.49
2803,2025-08-23,4,Affiliate_Creator_Network,36654,776,322.51
2804,2025-08-24,2,Search_Generic_HighIntent,29189,1182,1364.09
2805,2025-08-24,3,TikTok_Creator_Lifestyle,103053,2211,1397.48
2806,2025-08-24,4,Editorial_Lifestyle_Reviews,39887,1254,454.75
2807,2025-08-25,2,Search_Competitor_Conquest,23459,767,947.48
2808,2025-08-25,3,Instagram_Story_Retargeting,121863,1472,1545.68
2809,2025-08-25,4,Partner_Syndication_Cashback,32962,1032,628.12
2810,2025-08-26,2,Search_Brand_Core,17990,666,1186.65
2811,2025-08-26,3,Meta_Advantage_Catalog_Ads,74291,1527,1237.3
2812,2025-08-26,4,Affiliate_Creator_Network,30852,595,382.22
2813,2025-08-27,2,Search_Generic_HighIntent,24864,1091,1193.91
2814,2025-08-27,3,TikTok_Creator_Lifestyle,80649,1819,1073.89
2815,2025-08-27,4,Editorial_Lifestyle_Reviews,25121,790,509.63
2816,2025-08-28,2,Search_Competitor_Conquest,18976,608,1025.03
2817,2025-08-28,3,Instagram_Story_Retargeting,162388,1961,1592.22
2818,2025-08-28,4,Partner_Syndication_Cashback,37322,763,495.01
2819,2025-08-29,2,Search_Brand_Core,31157,890,1249.89
2820,2025-08-29,3,Meta_Advantage_Catalog_Ads,181117,2323,1473.28
2821,2025-08-29,4,Affiliate_Creator_Network,60758,1184,466.65
2822,2025-08-30,2,Search_Generic_HighIntent,26289,1083,1031.79
2823,2025-08-30,3,TikTok_Creator_Lifestyle,127969,2398,1436.36
2824,2025-08-30,4,Editorial_Lifestyle_Reviews,21768,411,247.82
2825,2025-08-31,2,Search_Competitor_Conquest,34094,1318,1446.44
2826,2025-08-31,3,Instagram_Story_Retargeting,104857,1873,1211.31
2827,2025-08-31,4,Partner_Syndication_Cashback,35942,660,495.05
2828,2025-09-01,2,Search_Brand_Core,21533,696,857.97
2829,2025-09-01,3,Meta_Advantage_Catalog_Ads,71865,1685,1918.77
2830,2025-09-01,4,Affiliate_Creator_Network,22818,649,334.32
2831,2025-09-02,2,Search_Generic_HighIntent,20139,599,915.81
2832,2025-09-02,3,TikTok_Creator_Lifestyle,72100,1100,1212.93
2833,2025-09-02,4,Editorial_Lifestyle_Reviews,64432,1181,558.18
2834,2025-09-03,2,Search_Competitor_Conquest,23708,833,884.82
2835,2025-09-03,3,Instagram_Story_Retargeting,47489,1110,1041.81
2836,2025-09-03,4,Partner_Syndication_Cashback,36779,868,362.37
2837,2025-09-04,2,Search_Brand_Core,34156,923,1349.59
2838,2025-09-04,3,Meta_Advantage_Catalog_Ads,118690,1929,1596.16
2839,2025-09-04,4,Affiliate_Creator_Network,21207,434,322.32
2840,2025-09-05,2,Search_Generic_HighIntent,22525,820,851.71
2841,2025-09-05,3,TikTok_Creator_Lifestyle,110621,1945,1312.27
2842,2025-09-05,4,Editorial_Lifestyle_Reviews,32551,1003,464.01
2843,2025-09-06,2,Search_Competitor_Conquest,17146,756,822.39
2844,2025-09-06,3,Instagram_Story_Retargeting,85445,1960,1450.67
2845,2025-09-06,4,Partner_Syndication_Cashback,25610,762,372.37
2846,2025-09-07,2,Search_Brand_Core,30269,1124,1329.95
2847,2025-09-07,3,Meta_Advantage_Catalog_Ads,117411,2877,1440.57
2848,2025-09-07,4,Affiliate_Creator_Network,31328,827,487.54
2849,2025-09-08,2,Search_Generic_HighIntent,23069,1025,1204.4
2850,2025-09-08,3,TikTok_Creator_Lifestyle,96582,1730,1677.79
2851,2025-09-08,4,Editorial_Lifestyle_Reviews,45277,1037,389.48
2852,2025-09-09,2,Search_Competitor_Conquest,12964,552,843.91
2853,2025-09-09,3,Instagram_Story_Retargeting,78978,1636,1199.21
2854,2025-09-09,4,Partner_Syndication_Cashback,17624,407,293.56
2855,2025-09-10,2,Search_Brand_Core,17272,754,803.46
2856,2025-09-10,3,Meta_Advantage_Catalog_Ads,85388,1198,1154.24
2857,2025-09-10,4,Affiliate_Creator_Network,21871,439,308.31
2858,2025-09-11,2,Search_Generic_HighIntent,15004,634,872.7
2859,2025-09-11,3,TikTok_Creator_Lifestyle,95967,2377,1401.94
2860,2025-09-11,4,Editorial_Lifestyle_Reviews,27235,777,536.01
2861,2025-09-12,2,Search_Competitor_Conquest,28329,892,1129.25
2862,2025-09-12,3,Instagram_Story_Retargeting,63060,1536,1538.96
2863,2025-09-12,4,Partner_Syndication_Cashback,37057,921,430.95
2864,2025-09-13,2,Search_Brand_Core,18299,747,975.25
2865,2025-09-13,3,Meta_Advantage_Catalog_Ads,131029,2543,1288.22
2866,2025-09-13,4,Affiliate_Creator_Network,23873,568,407.1
2867,2025-09-14,2,Search_Generic_HighIntent,25370,904,1222.01
2868,2025-09-14,3,TikTok_Creator_Lifestyle,43171,1029,1160.26
2869,2025-09-14,4,Editorial_Lifestyle_Reviews,45358,853,488.21
2870,2025-09-15,2,Search_Competitor_Conquest,24144,946,1237.19
2871,2025-09-15,3,Instagram_Story_Retargeting,72729,1144,1141.71
2872,2025-09-15,4,Partner_Syndication_Cashback,41462,878,527.38
2873,2025-09-16,2,Search_Brand_Core,15763,585,990.3
2874,2025-09-16,3,Meta_Advantage_Catalog_Ads,77742,1248,1010.84
2875,2025-09-16,4,Affiliate_Creator_Network,42104,764,455.47
2876,2025-09-17,2,Search_Generic_HighIntent,16768,677,1081.93
2877,2025-09-17,3,TikTok_Creator_Lifestyle,80565,1408,1003.22
2878,2025-09-17,4,Editorial_Lifestyle_Reviews,30902,587,304.42
2879,2025-09-18,2,Search_Competitor_Conquest,20131,609,934.25
2880,2025-09-18,3,Instagram_Story_Retargeting,171575,3314,1768.49
2881,2025-09-18,4,Partner_Syndication_Cashback,22191,643,429.94
2882,2025-09-19,2,Search_Brand_Core,21691,641,955.96
2883,2025-09-19,3,Meta_Advantage_Catalog_Ads,145610,2570,1431.08
2884,2025-09-19,4,Affiliate_Creator_Network,17954,435,305.61
2885,2025-09-20,2,Search_Generic_HighIntent,25280,778,966.49
2886,2025-09-20,3,TikTok_Creator_Lifestyle,39610,887,1010.05
2887,2025-09-20,4,Editorial_Lifestyle_Reviews,16849,402,260.56
2888,2025-09-21,2,Search_Competitor_Conquest,22572,623,873.81
2889,2025-09-21,3,Instagram_Story_Retargeting,85643,1314,1297.71
2890,2025-09-21,4,Partner_Syndication_Cashback,34062,1010,619.12
2891,2025-09-22,2,Search_Brand_Core,22492,725,1251.22
2892,2025-09-22,3,Meta_Advantage_Catalog_Ads,79118,1879,1618.07
2893,2025-09-22,4,Affiliate_Creator_Network,20797,594,345.12
2894,2025-09-23,2,Search_Generic_HighIntent,17067,554,954.35
2895,2025-09-23,3,TikTok_Creator_Lifestyle,69215,1209,1099.23
2896,2025-09-23,4,Editorial_Lifestyle_Reviews,32025,664,251.09
2897,2025-09-24,2,Search_Competitor_Conquest,18684,671,1173.15
2898,2025-09-24,3,Instagram_Story_Retargeting,51637,1194,1044.04
2899,2025-09-24,4,Partner_Syndication_Cashback,53460,1055,492.21
2900,2025-09-25,2,Search_Brand_Core,32101,837,1432.28
2901,2025-09-25,3,Meta_Advantage_Catalog_Ads,257980,3308,1879.04
2902,2025-09-25,4,Affiliate_Creator_Network,42388,1009,569.7
2903,2025-09-26,2,Search_Generic_HighIntent,28104,735,1247.66
2904,2025-09-26,3,TikTok_Creator_Lifestyle,73448,1407,1464.07
2905,2025-09-26,4,Editorial_Lifestyle_Reviews,46870,912,569.29
2906,2025-09-27,2,Search_Competitor_Conquest,10237,460,775.52
2907,2025-09-27,3,Instagram_Story_Retargeting,74804,1640,935.33
2908,2025-09-27,4,Partner_Syndication_Cashback,20957,638,240.85
2909,2025-09-28,2,Search_Brand_Core,20758,789,1370.71
2910,2025-09-28,3,Meta_Advantage_Catalog_Ads,78132,1241,1407.48
2911,2025-09-28,4,Affiliate_Creator_Network,19977,550,387.69
2912,2025-09-29,2,Search_Generic_HighIntent,31013,1366,1431.23
2913,2025-09-29,3,TikTok_Creator_Lifestyle,72814,1739,1682.37
2914,2025-09-29,4,Editorial_Lifestyle_Reviews,24847,670,427.64
2915,2025-09-30,2,Search_Competitor_Conquest,17538,677,1185.83
2916,2025-09-30,3,Instagram_Story_Retargeting,66225,1616,1015.15
2917,2025-09-30,4,Partner_Syndication_Cashback,41425,767,565.4
2918,2025-10-01,2,Search_Brand_Core,14829,594,963.96
2919,2025-10-01,3,Meta_Advantage_Catalog_Ads,80246,1112,1030.56
2920,2025-10-01,4,Affiliate_Creator_Network,48975,918,409.14
2921,2025-10-02,2,Search_Generic_HighIntent,13035,520,918.13
2922,2025-10-02,3,TikTok_Creator_Lifestyle,137917,2396,1986.24
2923,2025-10-02,4,Editorial_Lifestyle_Reviews,30669,703,419.65
2924,2025-10-03,2,Search_Competitor_Conquest,16488,701,1164.37
2925,2025-10-03,3,Instagram_Story_Retargeting,89636,1336,1160.49
2926,2025-10-03,4,Partner_Syndication_Cashback,15962,410,259.37
2927,2025-10-04,2,Search_Brand_Core,23491,1055,1037.27
2928,2025-10-04,3,Meta_Advantage_Catalog_Ads,83452,1941,1601.94
2929,2025-10-04,4,Affiliate_Creator_Network,15078,457,294.61
2930,2025-10-05,2,Search_Generic_HighIntent,24168,828,1383.21
2931,2025-10-05,3,TikTok_Creator_Lifestyle,139485,1914,1882.45
2932,2025-10-05,4,Editorial_Lifestyle_Reviews,18575,497,327.54
2933,2025-10-06,2,Search_Competitor_Conquest,17779,679,1197.11
2934,2025-10-06,3,Instagram_Story_Retargeting,94422,1876,1481.38
2935,2025-10-06,4,Partner_Syndication_Cashback,39606,995,572.63
2936,2025-10-07,2,Search_Brand_Core,17689,736,1155.43
2937,2025-10-07,3,Meta_Advantage_Catalog_Ads,52787,986,1013.56
2938,2025-10-07,4,Affiliate_Creator_Network,15625,438,272.0
2939,2025-10-08,2,Search_Generic_HighIntent,20352,631,1044.07
2940,2025-10-08,3,TikTok_Creator_Lifestyle,87360,1514,1128.88
2941,2025-10-08,4,Editorial_Lifestyle_Reviews,24668,693,477.08
2942,2025-10-09,2,Search_Competitor_Conquest,27868,785,979.93
2943,2025-10-09,3,Instagram_Story_Retargeting,138661,2611,1758.75
2944,2025-10-09,4,Partner_Syndication_Cashback,42656,946,585.24
2945,2025-10-10,2,Search_Brand_Core,17172,618,939.85
2946,2025-10-10,3,Meta_Advantage_Catalog_Ads,50257,938,1042.61
2947,2025-10-10,4,Affiliate_Creator_Network,40425,941,403.94
2948,2025-10-11,2,Search_Generic_HighIntent,20111,731,846.16
2949,2025-10-11,3,TikTok_Creator_Lifestyle,44518,1079,1210.61
2950,2025-10-11,4,Editorial_Lifestyle_Reviews,25487,739,288.2
2951,2025-10-12,2,Search_Competitor_Conquest,34231,872,1500.88
2952,2025-10-12,3,Instagram_Story_Retargeting,112042,2540,1347.0
2953,2025-10-12,4,Partner_Syndication_Cashback,35362,911,505.92
2954,2025-10-13,2,Search_Brand_Core,27369,701,1031.07
2955,2025-10-13,3,Meta_Advantage_Catalog_Ads,81882,1699,1722.63
2956,2025-10-13,4,Affiliate_Creator_Network,21558,604,411.34
2957,2025-10-14,2,Search_Generic_HighIntent,20216,763,828.49
2958,2025-10-14,3,TikTok_Creator_Lifestyle,147204,2063,1203.7
2959,2025-10-14,4,Editorial_Lifestyle_Reviews,21129,560,302.77
2960,2025-10-15,2,Search_Competitor_Conquest,17701,542,855.31
2961,2025-10-15,3,Instagram_Story_Retargeting,83845,1862,1222.45
2962,2025-10-15,4,Partner_Syndication_Cashback,55626,1034,565.59
2963,2025-10-16,2,Search_Brand_Core,23605,988,1037.35
2964,2025-10-16,3,Meta_Advantage_Catalog_Ads,51499,1012,1190.65
2965,2025-10-16,4,Affiliate_Creator_Network,38073,700,482.43
2966,2025-10-17,2,Search_Generic_HighIntent,28100,1175,1187.38
2967,2025-10-17,3,TikTok_Creator_Lifestyle,113261,2586,1403.44
2968,2025-10-17,4,Editorial_Lifestyle_Reviews,21769,635,257.31
2969,2025-10-18,2,Search_Competitor_Conquest,13949,526,913.91
2970,2025-10-18,3,Instagram_Story_Retargeting,137795,1893,1333.86
2971,2025-10-18,4,Partner_Syndication_Cashback,51208,1301,509.99
2972,2025-10-19,2,Search_Brand_Core,24640,909,1046.1
2973,2025-10-19,3,Meta_Advantage_Catalog_Ads,76928,1792,1871.1
2974,2025-10-19,4,Affiliate_Creator_Network,40870,741,397.31
2975,2025-10-20,2,Search_Generic_HighIntent,31328,1135,1347.74
2976,2025-10-20,3,TikTok_Creator_Lifestyle,52421,1186,1272.85
2977,2025-10-20,4,Editorial_Lifestyle_Reviews,52799,1684,620.22
2978,2025-10-21,2,Search_Competitor_Conquest,25044,751,896.62
2979,2025-10-21,3,Instagram_Story_Retargeting,88639,1340,1188.64
2980,2025-10-21,4,Partner_Syndication_Cashback,20839,619,379.17
2981,2025-10-22,2,Search_Brand_Core,27902,780,1142.89
2982,2025-10-22,3,Meta_Advantage_Catalog_Ads,202469,3125,1643.89
2983,2025-10-22,4,Affiliate_Creator_Network,18741,434,267.65
2984,2025-10-23,2,Search_Generic_HighIntent,30720,1048,1288.92
2985,2025-10-23,3,TikTok_Creator_Lifestyle,165578,2913,1549.56
2986,2025-10-23,4,Editorial_Lifestyle_Reviews,49019,934,530.71
2987,2025-10-24,2,Search_Competitor_Conquest,37448,947,1130.06
2988,2025-10-24,3,Instagram_Story_Retargeting,80635,1293,1097.06
2989,2025-10-24,4,Partner_Syndication_Cashback,37267,1074,479.35
2990,2025-10-25,2,Search_Brand_Core,13542,555,827.4
2991,2025-10-25,3,Meta_Advantage_Catalog_Ads,114763,2176,1159.49
2992,2025-10-25,4,Affiliate_Creator_Network,33516,707,521.52
2993,2025-10-26,2,Search_Generic_HighIntent,39177,1105,1356.31
2994,2025-10-26,3,TikTok_Creator_Lifestyle,108206,2057,1749.81
2995,2025-10-26,4,Editorial_Lifestyle_Reviews,45466,1243,602.46
2996,2025-10-27,2,Search_Competitor_Conquest,36210,1179,1108.77
2997,2025-10-27,3,Instagram_Story_Retargeting,179906,2412,2021.83
2998,2025-10-27,4,Partner_Syndication_Cashback,24323,747,549.35
2999,2025-10-28,2,Search_Brand_Core,23434,858,1078.48
3000,2025-10-28,3,Meta_Advantage_Catalog_Ads,65975,1494,1647.33
3001,2025-10-28,4,Affiliate_Creator_Network,38816,1008,400.65
3002,2025-10-29,2,Search_Generic_HighIntent,25334,886,848.61
3003,2025-10-29,3,TikTok_Creator_Lifestyle,62182,1379,1514.47
3004,2025-10-29,4,Editorial_Lifestyle_Reviews,29341,817,534.37
3005,2025-10-30,2,Search_Competitor_Conquest,21562,591,883.0
3006,2025-10-30,3,Instagram_Story_Retargeting,84659,1922,1171.69
3007,2025-10-30,4,Partner_Syndication_Cashback,24696,783,571.38
3008,2025-10-31,2,Search_Brand_Core,28801,1226,1257.84
3009,2025-10-31,3,Meta_Advantage_Catalog_Ads,107573,1503,1668.01
3010,2025-10-31,4,Affiliate_Creator_Network,19625,401,288.4
3011,2025-11-01,2,Search_Holiday_Surge,28484,783,1409.41
3012,2025-11-01,3,Social_Cyber_Week_Special,38125,892,1439.59
3013,2025-11-01,4,Affiliate_Creator_Network,61096,1288,806.23
3014,2025-11-02,2,Search_Holiday_Surge,41255,1036,1860.72
3015,2025-11-02,3,Social_Cyber_Week_Special,98819,1865,3015.89
3016,2025-11-02,4,Affiliate_Creator_Network,53295,1031,705.65
3017,2025-11-03,2,Search_Holiday_Surge,27113,912,1696.32
3018,2025-11-03,3,Social_Cyber_Week_Special,120310,1796,2653.85
3019,2025-11-03,4,Affiliate_Creator_Network,49199,978,482.28
3020,2025-11-04,2,Search_Holiday_Surge,18181,777,1749.22
3021,2025-11-04,3,Social_Cyber_Week_Special,164255,2301,2430.01
3022,2025-11-04,4,Affiliate_Creator_Network,31577,953,621.16
3023,2025-11-05,2,Search_Holiday_Surge,36165,1113,1674.51
3024,2025-11-05,3,Social_Cyber_Week_Special,90008,1139,1758.14
3025,2025-11-05,4,Affiliate_Creator_Network,24564,721,411.68
3026,2025-11-06,2,Search_Holiday_Surge,30291,974,1964.41
3027,2025-11-06,3,Social_Cyber_Week_Special,89136,1292,1917.38
3028,2025-11-06,4,Affiliate_Creator_Network,32453,622,486.15
3029,2025-11-07,2,Search_Holiday_Surge,16967,591,1323.82
3030,2025-11-07,3,Social_Cyber_Week_Special,88128,1893,1901.23
3031,2025-11-07,4,Affiliate_Creator_Network,30908,823,440.88
3032,2025-11-08,2,Search_Holiday_Surge,20067,652,1606.14
3033,2025-11-08,3,Social_Cyber_Week_Special,62369,1266,1497.27
3034,2025-11-08,4,Affiliate_Creator_Network,27012,561,432.55
3035,2025-11-09,2,Search_Holiday_Surge,29947,1006,2299.32
3036,2025-11-09,3,Social_Cyber_Week_Special,151386,2071,3314.86
3037,2025-11-09,4,Affiliate_Creator_Network,45446,872,694.67
3038,2025-11-10,2,Search_Holiday_Surge,26680,1175,1821.34
3039,2025-11-10,3,Social_Cyber_Week_Special,103247,1758,2453.15
3040,2025-11-10,4,Affiliate_Creator_Network,32434,584,548.26
3041,2025-11-11,2,Search_Holiday_Surge,19800,767,1289.84
3042,2025-11-11,3,Social_Cyber_Week_Special,171399,2765,2039.46
3043,2025-11-11,4,Affiliate_Creator_Network,44414,1132,538.12
3044,2025-11-12,2,Search_Holiday_Surge,22446,849,1345.05
3045,2025-11-12,3,Social_Cyber_Week_Special,170091,2769,2558.79
3046,2025-11-12,4,Affiliate_Creator_Network,26370,545,539.36
3047,2025-11-13,2,Search_Holiday_Surge,31439,905,1616.38
3048,2025-11-13,3,Social_Cyber_Week_Special,132367,2690,2059.21
3049,2025-11-13,4,Affiliate_Creator_Network,35697,1029,847.78
3050,2025-11-14,2,Search_Holiday_Surge,16186,642,1535.26
3051,2025-11-14,3,Social_Cyber_Week_Special,118068,1967,2668.37
3052,2025-11-14,4,Affiliate_Creator_Network,41222,798,559.31
3053,2025-11-15,2,Search_Holiday_Surge,46573,1168,1483.72
3054,2025-11-15,3,Social_Cyber_Week_Special,99876,1928,2556.91
3055,2025-11-15,4,Affiliate_Creator_Network,22341,681,531.87
3056,2025-11-16,2,Search_Holiday_Surge,30961,1059,2105.39
3057,2025-11-16,3,Social_Cyber_Week_Special,71265,1764,2355.83
3058,2025-11-16,4,Affiliate_Creator_Network,44595,1070,731.98
3059,2025-11-17,2,Search_Holiday_Surge,19241,753,1870.5
3060,2025-11-17,3,Social_Cyber_Week_Special,131645,2317,2377.7
3061,2025-11-17,4,Affiliate_Creator_Network,22037,647,490.37
3062,2025-11-18,2,Search_Holiday_Surge,31648,1252,1839.49
3063,2025-11-18,3,Social_Cyber_Week_Special,137829,2770,2556.66
3064,2025-11-18,4,Affiliate_Creator_Network,40040,797,737.91
3065,2025-11-19,2,Search_Holiday_Surge,29827,772,1419.13
3066,2025-11-19,3,Social_Cyber_Week_Special,108445,1511,2145.55
3067,2025-11-19,4,Affiliate_Creator_Network,25994,652,656.28
3068,2025-11-20,2,Search_Holiday_Surge,58879,1691,3266.11
3069,2025-11-20,3,Social_Cyber_Week_Special,152406,2613,3435.97
3070,2025-11-20,4,Affiliate_Creator_Network,74486,2223,1087.84
3071,2025-11-21,2,Search_Holiday_Surge,30025,980,2134.38
3072,2025-11-21,3,Social_Cyber_Week_Special,315117,4418,4016.06
3073,2025-11-21,4,Affiliate_Creator_Network,66403,1377,1167.85
3074,2025-11-22,2,Search_Holiday_Surge,47238,1385,2473.32
3075,2025-11-22,3,Social_Cyber_Week_Special,234233,4363,3546.86
3076,2025-11-22,4,Affiliate_Creator_Network,43063,963,707.38
3077,2025-11-23,2,Search_Holiday_Surge,41730,1801,3189.22
3078,2025-11-23,3,Social_Cyber_Week_Special,200489,2994,4337.07
3079,2025-11-23,4,Affiliate_Creator_Network,94180,2250,1154.13
3080,2025-11-24,2,Search_Holiday_Surge,42898,1558,3568.29
3081,2025-11-24,3,Social_Cyber_Week_Special,449867,5616,4731.84
3082,2025-11-24,4,Affiliate_Creator_Network,148887,2870,1615.07
3083,2025-11-25,2,Search_Holiday_Surge,38392,1433,3512.33
3084,2025-11-25,3,Social_Cyber_Week_Special,164173,2407,3520.52
3085,2025-11-25,4,Affiliate_Creator_Network,52473,1615,1074.76
3086,2025-11-26,2,Search_Holiday_Surge,62503,1701,3486.57
3087,2025-11-26,3,Social_Cyber_Week_Special,176311,4144,3757.79
3088,2025-11-26,4,Affiliate_Creator_Network,57928,1614,809.88
3089,2025-11-27,2,Search_Holiday_Surge,52656,1395,3195.63
3090,2025-11-27,3,Social_Cyber_Week_Special,587388,7263,5159.07
3091,2025-11-27,4,Affiliate_Creator_Network,81560,2146,1270.34
3092,2025-11-28,2,Search_Holiday_Surge,42738,1690,2129.86
3093,2025-11-28,3,Social_Cyber_Week_Special,111453,2424,3140.09
3094,2025-11-28,4,Affiliate_Creator_Network,38193,831,738.32
3095,2025-11-29,2,Search_Holiday_Surge,43593,1821,2415.47
3096,2025-11-29,3,Social_Cyber_Week_Special,125207,3079,3546.92
3097,2025-11-29,4,Affiliate_Creator_Network,33267,934,890.74
3098,2025-11-30,2,Search_Holiday_Surge,37795,1694,4030.63
3099,2025-11-30,3,Social_Cyber_Week_Special,106330,2388,3407.69
3100,2025-11-30,4,Affiliate_Creator_Network,74543,2349,1463.89
3101,2025-12-01,2,Search_Holiday_Surge,35422,1255,2328.09
3102,2025-12-01,3,Social_Cyber_Week_Special,164421,2163,2937.33
3103,2025-12-01,4,Affiliate_Creator_Network,59891,1371,1276.29
3104,2025-12-02,2,Search_Holiday_Surge,45015,1887,2672.67
3105,2025-12-02,3,Social_Cyber_Week_Special,236923,4974,4074.93
3106,2025-12-02,4,Affiliate_Creator_Network,45606,1272,966.14
3107,2025-12-03,2,Search_Holiday_Surge,40651,1204,2390.56
3108,2025-12-03,3,Social_Cyber_Week_Special,148339,1992,2972.92
3109,2025-12-03,4,Affiliate_Creator_Network,60734,1813,1037.1
3110,2025-12-04,2,Search_Holiday_Surge,55506,1665,2883.39
3111,2025-12-04,3,Social_Cyber_Week_Special,120625,2246,3549.21
3112,2025-12-04,4,Affiliate_Creator_Network,52903,1233,1079.69
3113,2025-12-05,2,Search_Holiday_Surge,50146,1405,2313.57
3114,2025-12-05,3,Social_Cyber_Week_Special,101545,2414,3620.64
3115,2025-12-05,4,Affiliate_Creator_Network,79765,1753,1255.97
3116,2025-12-06,2,Search_Holiday_Surge,24127,954,2326.22
3117,2025-12-06,3,Social_Cyber_Week_Special,98535,2172,2880.18
3118,2025-12-06,4,Affiliate_Creator_Network,54354,1308,1157.45
3119,2025-12-07,2,Search_Holiday_Surge,41567,1312,2435.3
3120,2025-12-07,3,Social_Cyber_Week_Special,223138,4047,4674.03
3121,2025-12-07,4,Affiliate_Creator_Network,47071,1190,973.34
3122,2025-12-08,2,Search_Holiday_Surge,29646,954,2222.55
3123,2025-12-08,3,Social_Cyber_Week_Special,212460,4078,3544.84
3124,2025-12-08,4,Affiliate_Creator_Network,72533,1358,1287.43
3125,2025-12-09,2,Search_Holiday_Surge,46438,1425,3018.61
3126,2025-12-09,3,Social_Cyber_Week_Special,118412,2769,2643.76
3127,2025-12-09,4,Affiliate_Creator_Network,39885,1112,803.18
3128,2025-12-10,2,Search_Holiday_Surge,35021,1403,2889.38
3129,2025-12-10,3,Social_Cyber_Week_Special,110239,1718,2584.62
3130,2025-12-10,4,Affiliate_Creator_Network,32560,678,677.7
3131,2025-12-11,2,Search_Holiday_Surge,35312,1108,2236.19
3132,2025-12-11,3,Social_Cyber_Week_Special,106143,2321,2884.67
3133,2025-12-11,4,Affiliate_Creator_Network,95402,2461,1369.71
3134,2025-12-12,2,Search_Holiday_Surge,67950,1981,2816.41
3135,2025-12-12,3,Social_Cyber_Week_Special,132614,1927,2256.57
3136,2025-12-12,4,Affiliate_Creator_Network,54821,1147,1138.24
3137,2025-12-13,2,Search_Holiday_Surge,62184,1577,2345.0
3138,2025-12-13,3,Social_Cyber_Week_Special,126829,3083,3345.67
3139,2025-12-13,4,Affiliate_Creator_Network,65893,1601,892.74
3140,2025-12-14,2,Search_Holiday_Surge,25710,998,2336.68
3141,2025-12-14,3,Social_Cyber_Week_Special,137853,2854,3349.55
3142,2025-12-14,4,Affiliate_Creator_Network,144197,2641,1361.99
3143,2025-12-15,2,Search_Holiday_Surge,37339,1282,2206.5
3144,2025-12-15,3,Social_Cyber_Week_Special,153485,2723,2895.71
3145,2025-12-15,4,Affiliate_Creator_Network,29900,789,763.6
3146,2025-12-16,2,Search_Holiday_Surge,38934,1218,2272.57
3147,2025-12-16,3,Social_Cyber_Week_Special,173921,3206,3906.52
3148,2025-12-16,4,Affiliate_Creator_Network,47244,1388,1284.18
3149,2025-12-17,2,Search_Holiday_Surge,37679,1462,2063.35
3150,2025-12-17,3,Social_Cyber_Week_Special,109374,2394,3162.13
3151,2025-12-17,4,Affiliate_Creator_Network,51907,1291,808.51
3152,2025-12-18,2,Search_Holiday_Surge,29573,1181,2444.8
3153,2025-12-18,3,Social_Cyber_Week_Special,143917,2682,3645.3
3154,2025-12-18,4,Affiliate_Creator_Network,77301,2191,1301.66
3155,2025-12-19,2,Search_Holiday_Surge,47952,1732,2696.31
3156,2025-12-19,3,Social_Cyber_Week_Special,199186,4296,3912.6
3157,2025-12-19,4,Affiliate_Creator_Network,59396,1403,1318.9
3158,2025-12-20,2,Search_Holiday_Surge,25461,926,2302.21
3159,2025-12-20,3,Social_Cyber_Week_Special,139624,3110,2232.91
3160,2025-12-20,4,Affiliate_Creator_Network,59036,1350,817.86
3161,2025-12-21,2,Search_Holiday_Surge,41232,1747,3165.69
3162,2025-12-21,3,Social_Cyber_Week_Special,112694,2654,4234.61
3163,2025-12-21,4,Affiliate_Creator_Network,59056,1080,894.8
3164,2025-12-22,2,Search_Holiday_Surge,59197,2267,3513.94
3165,2025-12-22,3,Social_Cyber_Week_Special,235944,5432,4490.58
3166,2025-12-22,4,Affiliate_Creator_Network,38808,955,679.21
3167,2025-12-23,2,Search_Holiday_Surge,13257,574,1129.79
3168,2025-12-23,3,Social_Cyber_Week_Special,50583,1184,1447.2
3169,2025-12-23,4,Affiliate_Creator_Network,38270,1194,590.25
3170,2025-12-24,2,Search_Holiday_Surge,12765,466,918.61
3171,2025-12-24,3,Social_Cyber_Week_Special,162017,2322,1892.99
3172,2025-12-24,4,Affiliate_Creator_Network,42853,1053,582.36
3173,2025-12-25,2,Search_Holiday_Surge,26154,764,1565.98
3174,2025-12-25,3,Social_Cyber_Week_Special,57815,1031,1639.79
3175,2025-12-25,4,Affiliate_Creator_Network,26279,599,354.34
3176,2025-12-26,2,Search_Holiday_Surge,37528,958,1535.39
3177,2025-12-26,3,Social_Cyber_Week_Special,138856,2161,1629.09
3178,2025-12-26,4,Affiliate_Creator_Network,42332,792,676.0
3179,2025-12-27,2,Search_Holiday_Surge,26949,740,1061.69
3180,2025-12-27,3,Social_Cyber_Week_Special,61319,1328,1531.44
3181,2025-12-27,4,Affiliate_Creator_Network,30626,947,573.66
3182,2025-12-28,2,Search_Holiday_Surge,21734,911,1408.66
3183,2025-12-28,3,Social_Cyber_Week_Special,52149,1115,1341.91
3184,2025-12-28,4,Affiliate_Creator_Network,22936,490,459.87
3185,2025-12-29,2,Search_Holiday_Surge,44435,1253,1648.77
3186,2025-12-29,3,Social_Cyber_Week_Special,84008,1166,1728.12
3187,2025-12-29,4,Affiliate_Creator_Network,50010,1217,725.99
3188,2025-12-30,2,Search_Holiday_Surge,18662,819,1118.78
3189,2025-12-30,3,Social_Cyber_Week_Special,60272,1174,1558.8
3190,2025-12-30,4,Affiliate_Creator_Network,19754,604,486.32
3191,2025-12-31,2,Search_Holiday_Surge,18679,708,1343.68
3192,2025-12-31,3,Social_Cyber_Week_Special,78969,1589,1722.8
3193,2025-12-31,4,Affiliate_Creator_Network,16664,526,463.9
