order_id,customer_id,order_date,order_status,payment_method,shipping_cost,discount_amount,total_order_amount
ORD_00001,CUST_00001,2024-01-11 14:41:53,Delivered,Credit Card,0.0,0.0,403.0
ORD_00002,CUST_00002,2024-01-20 18:37:28,Delivered,PayPal,4.99,0.0,382.99
ORD_00003,CUST_00002,2024-01-24 22:36:54,Delivered,Apple Pay,0.0,0.0,170.5
ORD_00004,CUST_00001,2024-01-29 16:26:43,Delivered,Klarna / BNPL,0.0,60.5,544.5
ORD_00005,CUST_00003,2024-01-30 09:51:01,Delivered,Credit Card,5.99,0.0,53.99
ORD_00006,CUST_00004,2024-01-30 09:53:08,Delivered,Credit Card,0.0,0.0,836.5
ORD_00007,CUST_00007,2024-02-05 15:52:44,Returned,Credit Card,0.0,20.0,382.0
ORD_00008,CUST_00006,2024-02-06 14:24:56,Returned,Credit Card,4.99,0.0,337.47
ORD_00009,CUST_00009,2024-02-06 15:12:58,Delivered,Credit Card,0.0,10.0,181.0
ORD_00010,CUST_00010,2024-02-14 18:29:53,Delivered,Credit Card,0.0,0.0,1464.0
ORD_00011,CUST_00015,2024-03-04 22:58:01,Delivered,Apple Pay,0.0,0.0,143.98
ORD_00012,CUST_00014,2024-03-05 10:56:50,Delivered,PayPal,4.99,15.0,128.98
ORD_00013,CUST_00021,2024-03-07 16:57:53,Cancelled,PayPal,0.0,0.0,164.98
ORD_00014,CUST_00020,2024-03-12 11:03:31,Delivered,PayPal,4.99,0.0,108.99
ORD_00015,CUST_00018,2024-03-12 15:39:56,Delivered,PayPal,5.99,9.82,61.67
ORD_00016,CUST_00022,2024-03-12 16:46:43,Returned,PayPal,5.99,25.0,54.98
ORD_00017,CUST_00013,2024-03-13 22:51:45,Delivered,Credit Card,0.0,30.9,123.6
ORD_00018,CUST_00020,2024-03-16 19:06:03,Delivered,Credit Card,0.0,120.0,1079.96
ORD_00019,CUST_00028,2024-03-17 10:23:20,Delivered,Credit Card,0.0,20.0,150.0
ORD_00020,CUST_00017,2024-03-19 19:39:00,Cancelled,PayPal,4.99,0.0,186.97
ORD_00021,CUST_00020,2024-03-20 21:10:48,Delivered,Credit Card,0.0,98.84,560.12
ORD_00022,CUST_00024,2024-03-23 14:58:04,Delivered,Credit Card,0.0,58.5,331.48
ORD_00023,CUST_00017,2024-03-24 12:27:10,Delivered,PayPal,0.0,0.0,280.0
ORD_00024,CUST_00027,2024-03-24 16:28:28,Delivered,PayPal,0.0,20.2,80.8
ORD_00025,CUST_00026,2024-03-25 13:54:14,Delivered,Klarna / BNPL,0.0,20.0,560.5
ORD_00026,CUST_00030,2024-03-25 13:55:36,Delivered,Credit Card,0.0,53.85,305.15
ORD_00027,CUST_00020,2024-03-26 21:48:55,Delivered,Credit Card,0.0,0.0,271.49
ORD_00028,CUST_00020,2024-03-27 14:04:22,Delivered,Credit Card,4.99,90.97,520.5
ORD_00029,CUST_00005,2024-03-30 14:32:09,Delivered,Credit Card,0.0,25.0,189.97
ORD_00030,CUST_00020,2024-03-31 09:40:59,Returned,Credit Card,0.0,0.0,849.98
ORD_00031,CUST_00012,2024-04-02 15:31:39,Cancelled,Apple Pay,0.0,45.52,257.98
ORD_00032,CUST_00017,2024-04-04 11:44:42,Delivered,Apple Pay,0.0,0.0,425.0
ORD_00033,CUST_00031,2024-04-06 17:07:07,Returned,PayPal,0.0,49.12,278.38
ORD_00034,CUST_00017,2024-04-11 12:32:16,Delivered,Credit Card,0.0,0.0,282.5
ORD_00035,CUST_00017,2024-04-12 08:08:03,Delivered,PayPal,0.0,0.0,746.49
ORD_00036,CUST_00019,2024-04-12 11:45:06,Delivered,Credit Card,5.99,9.75,61.24
ORD_00037,CUST_00017,2024-04-16 14:13:37,Delivered,Credit Card,0.0,7.9,71.1
ORD_00038,CUST_00020,2024-04-16 16:47:56,Returned,Credit Card,4.99,25.0,540.98
ORD_00039,CUST_00032,2024-04-17 14:07:59,Delivered,PayPal,0.0,0.0,687.5
ORD_00040,CUST_00020,2024-04-20 20:51:11,Delivered,Apple Pay,4.99,38.6,159.38
ORD_00041,CUST_00020,2024-04-22 21:25:56,Delivered,Credit Card,0.0,0.0,402.0
ORD_00042,CUST_00036,2024-04-24 14:47:46,Delivered,Credit Card,0.0,10.0,728.98
ORD_00043,CUST_00037,2024-04-24 16:29:04,Returned,Credit Card,0.0,0.0,249.0
ORD_00044,CUST_00033,2024-04-26 10:20:47,Cancelled,PayPal,0.0,25.0,532.99
ORD_00045,CUST_00040,2024-04-26 18:51:24,Delivered,PayPal,0.0,178.8,715.19
ORD_00046,CUST_00017,2024-04-28 13:41:59,Delivered,PayPal,0.0,0.0,215.98
ORD_00047,CUST_00038,2024-04-28 21:20:29,Delivered,Klarna / BNPL,0.0,25.35,228.15
ORD_00048,CUST_00020,2024-04-30 17:40:06,Delivered,Credit Card,0.0,0.0,163.5
ORD_00049,CUST_00020,2024-05-01 10:05:30,Delivered,Apple Pay,0.0,25.0,1237.98
ORD_00050,CUST_00019,2024-05-01 18:50:03,Delivered,Credit Card,0.0,0.0,632.0
ORD_00051,CUST_00039,2024-05-01 19:42:01,Delivered,Credit Card,0.0,15.0,722.49
ORD_00052,CUST_00036,2024-05-03 12:59:34,Delivered,PayPal,0.0,0.0,143.48
ORD_00053,CUST_00045,2024-05-04 11:02:54,Delivered,Credit Card,0.0,10.0,238.99
ORD_00054,CUST_00044,2024-05-04 13:33:12,Delivered,Credit Card,0.0,37.27,211.22
ORD_00055,CUST_00027,2024-05-06 22:40:52,Returned,Credit Card,0.0,0.0,479.97
ORD_00056,CUST_00041,2024-05-07 09:05:46,Returned,Credit Card,0.0,0.0,1971.0
ORD_00057,CUST_00046,2024-05-07 17:09:42,Delivered,Klarna / BNPL,0.0,0.0,107.99
ORD_00058,CUST_00042,2024-05-10 16:32:08,Delivered,Klarna / BNPL,0.0,0.0,206.0
ORD_00059,CUST_00047,2024-05-13 09:55:36,Delivered,Credit Card,0.0,0.0,183.0
ORD_00060,CUST_00040,2024-05-15 10:30:34,Delivered,PayPal,0.0,0.0,83.98
ORD_00061,CUST_00020,2024-05-16 13:02:18,Delivered,Credit Card,0.0,0.0,228.0
ORD_00062,CUST_00051,2024-05-17 20:21:02,Returned,PayPal,8.99,0.0,77.49
ORD_00063,CUST_00052,2024-05-18 10:34:00,Delivered,Apple Pay,0.0,131.65,1184.84
ORD_00064,CUST_00049,2024-05-20 21:55:05,Delivered,Klarna / BNPL,0.0,0.0,494.48
ORD_00065,CUST_00053,2024-05-24 18:45:28,Delivered,Credit Card,0.0,15.0,685.97
ORD_00066,CUST_00057,2024-05-27 12:00:48,Delivered,Credit Card,4.99,0.0,122.99
ORD_00067,CUST_00036,2024-05-30 10:03:24,Delivered,Credit Card,0.0,0.0,595.0
ORD_00068,CUST_00063,2024-05-31 19:40:10,Delivered,Klarna / BNPL,0.0,0.0,1184.5
ORD_00069,CUST_00061,2024-06-01 10:25:14,Delivered,Apple Pay,8.99,3.8,43.19
ORD_00070,CUST_00056,2024-06-01 11:37:32,Delivered,PayPal,0.0,18.0,161.96
ORD_00071,CUST_00058,2024-06-01 12:56:17,Delivered,Credit Card,0.0,53.2,212.79
ORD_00072,CUST_00066,2024-06-02 15:59:24,Delivered,PayPal,0.0,0.0,480.0
ORD_00073,CUST_00020,2024-06-04 09:54:52,Delivered,Credit Card,0.0,0.0,250.0
ORD_00074,CUST_00065,2024-06-04 10:33:38,Cancelled,Credit Card,0.0,0.0,130.0
ORD_00075,CUST_00013,2024-06-07 21:44:12,Delivered,PayPal,0.0,0.0,668.49
ORD_00076,CUST_00070,2024-06-11 08:12:52,Delivered,Credit Card,5.99,0.0,43.99
ORD_00077,CUST_00040,2024-06-11 08:13:06,Delivered,Credit Card,0.0,0.0,272.0
ORD_00078,CUST_00064,2024-06-11 22:23:56,Delivered,PayPal,0.0,0.0,278.49
ORD_00079,CUST_00029,2024-06-12 10:24:39,Returned,Credit Card,0.0,0.0,310.5
ORD_00080,CUST_00071,2024-06-12 21:13:02,Delivered,Credit Card,5.99,0.0,44.98
ORD_00081,CUST_00072,2024-06-14 10:24:19,Delivered,Credit Card,0.0,0.0,83.5
ORD_00082,CUST_00067,2024-06-14 12:11:33,Delivered,Credit Card,0.0,44.4,251.59
ORD_00083,CUST_00073,2024-06-14 13:06:42,Delivered,Klarna / BNPL,0.0,0.0,548.98
ORD_00084,CUST_00040,2024-06-14 21:34:48,Delivered,Credit Card,0.0,0.0,564.96
ORD_00085,CUST_00040,2024-06-18 16:54:20,Delivered,Credit Card,0.0,0.0,581.45
ORD_00086,CUST_00074,2024-06-22 08:52:09,Delivered,Credit Card,0.0,15.0,340.0
ORD_00087,CUST_00081,2024-06-26 08:28:50,Delivered,Credit Card,0.0,0.0,372.98
ORD_00088,CUST_00079,2024-06-27 09:31:21,Delivered,Credit Card,0.0,145.05,821.95
ORD_00089,CUST_00076,2024-06-28 12:32:47,Returned,Apple Pay,4.99,0.0,120.99
ORD_00090,CUST_00083,2024-06-28 13:30:43,Delivered,Klarna / BNPL,4.99,25.35,148.64
ORD_00091,CUST_00040,2024-06-29 19:13:44,Delivered,PayPal,0.0,19.72,111.78
ORD_00092,CUST_00075,2024-06-30 18:47:28,Delivered,Credit Card,0.0,48.0,192.0
ORD_00093,CUST_00040,2024-06-30 19:31:48,Delivered,Credit Card,0.0,0.0,191.49
ORD_00094,CUST_00081,2024-07-02 14:32:08,Delivered,PayPal,5.99,0.0,58.99
ORD_00095,CUST_00086,2024-07-02 21:10:55,Delivered,Credit Card,0.0,0.0,420.0
ORD_00096,CUST_00080,2024-07-04 12:28:07,Delivered,Credit Card,0.0,43.6,392.39
ORD_00097,CUST_00050,2024-07-04 12:56:22,Delivered,Credit Card,5.99,0.0,43.99
ORD_00098,CUST_00089,2024-07-04 15:16:17,Delivered,Credit Card,0.0,0.0,523.47
ORD_00099,CUST_00020,2024-07-04 15:17:11,Delivered,Apple Pay,0.0,0.0,494.5
ORD_00100,CUST_00070,2024-07-05 16:06:55,Delivered,PayPal,0.0,0.0,1769.9
ORD_00101,CUST_00070,2024-07-07 11:13:49,Delivered,Credit Card,0.0,37.8,214.19
ORD_00102,CUST_00087,2024-07-07 12:35:59,Delivered,PayPal,0.0,16.2,91.8
ORD_00103,CUST_00055,2024-07-11 13:35:10,Delivered,Apple Pay,0.0,0.0,438.97
ORD_00104,CUST_00083,2024-07-12 11:33:41,Delivered,Klarna / BNPL,0.0,83.4,750.59
ORD_00105,CUST_00081,2024-07-12 20:38:01,Delivered,Credit Card,0.0,0.0,176.5
ORD_00106,CUST_00084,2024-07-14 17:59:08,Delivered,Credit Card,0.0,20.0,386.5
ORD_00107,CUST_00090,2024-07-15 10:45:59,Delivered,Credit Card,0.0,0.0,173.97
ORD_00108,CUST_00060,2024-07-15 13:24:56,Returned,Credit Card,0.0,20.0,179.98
ORD_00109,CUST_00096,2024-07-16 12:35:02,Delivered,Credit Card,0.0,10.0,408.5
ORD_00110,CUST_00001,2024-07-16 13:29:54,Delivered,Credit Card,0.0,0.0,219.0
ORD_00111,CUST_00097,2024-07-16 19:57:59,Delivered,Apple Pay,0.0,80.55,456.45
ORD_00112,CUST_00093,2024-07-16 21:32:03,Delivered,Klarna / BNPL,0.0,51.6,464.39
ORD_00113,CUST_00025,2024-07-17 20:46:37,Delivered,PayPal,0.0,0.0,634.46
ORD_00114,CUST_00082,2024-07-18 08:12:01,Delivered,Credit Card,0.0,56.45,508.01
ORD_00115,CUST_00048,2024-07-20 12:05:36,Delivered,Apple Pay,0.0,15.0,1234.94
ORD_00116,CUST_00094,2024-07-20 21:22:19,Delivered,Credit Card,0.0,0.0,103.0
ORD_00117,CUST_00095,2024-07-23 09:11:45,Delivered,Klarna / BNPL,0.0,0.0,192.5
ORD_00118,CUST_00048,2024-07-23 09:55:59,Delivered,Credit Card,0.0,0.0,479.47
ORD_00119,CUST_00048,2024-07-23 19:51:02,Delivered,Credit Card,0.0,0.0,168.99
ORD_00120,CUST_00092,2024-07-24 11:21:39,Delivered,PayPal,0.0,69.8,628.19
ORD_00121,CUST_00076,2024-07-25 19:11:20,Delivered,Credit Card,8.99,0.0,59.99
ORD_00122,CUST_00100,2024-07-26 08:55:14,Cancelled,Credit Card,5.99,13.2,58.79
ORD_00123,CUST_00101,2024-07-27 11:20:13,Delivered,Klarna / BNPL,0.0,0.0,1770.43
ORD_00124,CUST_00078,2024-07-27 14:41:31,Delivered,Klarna / BNPL,0.0,0.0,183.0
ORD_00125,CUST_00069,2024-07-27 18:03:50,Cancelled,Credit Card,0.0,0.0,458.5
ORD_00126,CUST_00099,2024-07-29 15:00:05,Delivered,Credit Card,0.0,0.0,322.0
ORD_00127,CUST_00092,2024-07-29 19:53:12,Delivered,Credit Card,0.0,0.0,454.0
ORD_00128,CUST_00098,2024-07-29 22:36:14,Delivered,Apple Pay,0.0,25.0,930.99
ORD_00129,CUST_00050,2024-07-30 13:41:15,Delivered,Credit Card,4.99,0.0,201.99
ORD_00130,CUST_00092,2024-07-30 15:35:18,Delivered,Credit Card,0.0,0.0,417.0
ORD_00131,CUST_00059,2024-07-30 15:40:36,Delivered,Credit Card,0.0,88.79,503.13
ORD_00132,CUST_00078,2024-08-01 13:44:35,Delivered,Credit Card,8.99,5.7,41.29
ORD_00133,CUST_00048,2024-08-01 21:44:30,Delivered,Credit Card,0.0,0.0,200.0
ORD_00134,CUST_00023,2024-08-01 22:02:14,Delivered,Credit Card,8.99,0.0,77.49
ORD_00135,CUST_00048,2024-08-02 13:40:58,Delivered,Klarna / BNPL,0.0,95.0,379.99
ORD_00136,CUST_00104,2024-08-02 18:52:27,Cancelled,Credit Card,0.0,0.0,796.48
ORD_00137,CUST_00040,2024-08-03 11:04:10,Delivered,Klarna / BNPL,4.99,25.0,80.49
ORD_00138,CUST_00078,2024-08-04 13:28:47,Delivered,Credit Card,5.99,0.0,74.49
ORD_00139,CUST_00081,2024-08-08 08:57:22,Delivered,Credit Card,0.0,0.0,510.0
ORD_00140,CUST_00082,2024-08-08 10:48:33,Delivered,Credit Card,0.0,0.0,385.99
ORD_00141,CUST_00062,2024-08-08 21:47:00,Delivered,Klarna / BNPL,4.99,0.0,253.99
ORD_00142,CUST_00048,2024-08-10 11:03:20,Delivered,Credit Card,4.99,15.0,66.98
ORD_00143,CUST_00040,2024-08-14 15:00:52,Cancelled,Klarna / BNPL,0.0,0.0,630.46
ORD_00144,CUST_00035,2024-08-15 09:08:15,Returned,Klarna / BNPL,0.0,0.0,273.99
ORD_00145,CUST_00073,2024-08-16 09:23:26,Delivered,Klarna / BNPL,4.99,67.42,387.07
ORD_00146,CUST_00108,2024-08-17 15:32:19,Delivered,PayPal,0.0,0.0,116.97
ORD_00147,CUST_00111,2024-08-18 16:09:21,Cancelled,Credit Card,0.0,182.4,729.59
ORD_00148,CUST_00078,2024-08-19 22:18:11,Delivered,Credit Card,0.0,76.35,432.64
ORD_00149,CUST_00068,2024-08-20 13:28:46,Delivered,Credit Card,0.0,10.0,447.98
ORD_00150,CUST_00114,2024-08-22 19:37:47,Delivered,Credit Card,0.0,0.0,427.97
ORD_00151,CUST_00076,2024-08-23 21:44:35,Delivered,PayPal,0.0,0.0,106.0
ORD_00152,CUST_00112,2024-08-24 18:14:23,Delivered,Apple Pay,0.0,0.0,176.99
ORD_00153,CUST_00040,2024-08-25 11:56:51,Delivered,Apple Pay,0.0,16.2,91.77
ORD_00154,CUST_00040,2024-08-25 18:30:32,Cancelled,PayPal,4.99,21.2,195.78
ORD_00155,CUST_00110,2024-08-25 21:45:13,Delivered,Credit Card,0.0,0.0,191.0
ORD_00156,CUST_00106,2024-08-26 18:06:03,Delivered,Credit Card,0.0,0.0,304.5
ORD_00157,CUST_00115,2024-08-27 21:58:07,Delivered,Credit Card,0.0,44.1,176.4
ORD_00158,CUST_00113,2024-08-28 20:12:59,Delivered,Credit Card,0.0,0.0,270.0
ORD_00159,CUST_00068,2024-08-30 14:47:54,Delivered,PayPal,0.0,0.0,577.49
ORD_00160,CUST_00050,2024-08-31 19:07:54,Delivered,Credit Card,0.0,0.0,122.5
ORD_00161,CUST_00040,2024-09-02 17:59:32,Delivered,PayPal,0.0,0.0,251.99
ORD_00162,CUST_00092,2024-09-06 12:14:25,Delivered,Credit Card,0.0,0.0,253.0
ORD_00163,CUST_00106,2024-09-06 17:57:34,Delivered,Credit Card,5.99,0.0,74.49
ORD_00164,CUST_00116,2024-09-10 20:24:44,Delivered,PayPal,0.0,0.0,456.49
ORD_00165,CUST_00040,2024-09-15 08:50:43,Delivered,Credit Card,0.0,0.0,528.99
ORD_00166,CUST_00110,2024-09-15 11:06:33,Delivered,PayPal,0.0,0.0,250.0
ORD_00167,CUST_00034,2024-09-18 11:20:14,Delivered,Apple Pay,0.0,15.08,85.42
ORD_00168,CUST_00124,2024-09-19 17:18:47,Delivered,Credit Card,0.0,0.0,401.5
ORD_00169,CUST_00122,2024-09-20 11:35:37,Delivered,Apple Pay,0.0,20.0,436.97
ORD_00170,CUST_00120,2024-09-20 16:27:26,Delivered,PayPal,0.0,21.38,121.12
ORD_00171,CUST_00012,2024-09-21 17:03:45,Delivered,Credit Card,0.0,15.0,522.99
ORD_00172,CUST_00083,2024-09-21 20:55:51,Delivered,PayPal,0.0,0.0,505.97
ORD_00173,CUST_00123,2024-09-24 18:52:55,Delivered,Credit Card,8.99,25.0,55.97
ORD_00174,CUST_00130,2024-09-24 22:31:26,Delivered,Credit Card,0.0,27.45,247.03
ORD_00175,CUST_00128,2024-09-27 08:25:19,Delivered,Credit Card,0.0,60.0,239.98
ORD_00176,CUST_00110,2024-09-27 12:00:44,Delivered,Credit Card,0.0,0.0,426.96
ORD_00177,CUST_00102,2024-09-27 18:00:13,Delivered,Credit Card,0.0,15.3,86.7
ORD_00178,CUST_00109,2024-09-28 15:51:18,Delivered,Credit Card,5.99,0.0,30.49
ORD_00179,CUST_00106,2024-09-28 18:29:58,Delivered,Credit Card,4.99,25.0,256.98
ORD_00180,CUST_00110,2024-09-29 16:10:29,Returned,PayPal,0.0,15.0,201.48
ORD_00181,CUST_00129,2024-10-01 13:17:44,Delivered,Credit Card,0.0,0.0,411.5
ORD_00182,CUST_00126,2024-10-01 22:49:17,Delivered,Apple Pay,0.0,28.1,112.39
ORD_00183,CUST_00110,2024-10-02 08:58:11,Delivered,Credit Card,8.99,0.0,77.49
ORD_00184,CUST_00110,2024-10-03 10:50:01,Delivered,Klarna / BNPL,0.0,25.0,100.0
ORD_00185,CUST_00070,2024-10-05 12:31:22,Delivered,Apple Pay,0.0,0.0,122.49
ORD_00186,CUST_00110,2024-10-09 21:41:42,Delivered,Apple Pay,0.0,25.0,594.98
ORD_00187,CUST_00106,2024-10-09 22:32:25,Delivered,Credit Card,0.0,0.0,154.5
ORD_00188,CUST_00084,2024-10-11 15:20:16,Delivered,Credit Card,0.0,37.1,333.9
ORD_00189,CUST_00131,2024-10-11 19:07:09,Returned,Klarna / BNPL,0.0,0.0,479.5
ORD_00190,CUST_00085,2024-10-12 08:01:04,Delivered,Apple Pay,0.0,10.5,94.49
ORD_00191,CUST_00132,2024-10-14 10:17:27,Delivered,Credit Card,5.99,0.0,58.99
ORD_00192,CUST_00134,2024-10-14 10:47:36,Delivered,PayPal,0.0,16.35,147.13
ORD_00193,CUST_00070,2024-10-15 11:04:46,Delivered,Credit Card,0.0,0.0,769.97
ORD_00194,CUST_00073,2024-10-15 18:52:08,Delivered,PayPal,0.0,10.0,164.5
ORD_00195,CUST_00059,2024-10-16 19:28:49,Delivered,PayPal,0.0,0.0,472.0
ORD_00196,CUST_00117,2024-10-18 21:02:11,Cancelled,Credit Card,0.0,0.0,764.98
ORD_00197,CUST_00034,2024-10-20 15:28:03,Delivered,Apple Pay,0.0,80.77,457.73
ORD_00198,CUST_00138,2024-10-22 10:20:35,Delivered,Credit Card,8.99,12.9,60.59
ORD_00199,CUST_00043,2024-10-22 15:01:07,Delivered,Klarna / BNPL,0.0,20.0,84.99
ORD_00200,CUST_00136,2024-10-23 13:25:59,Delivered,PayPal,0.0,0.0,565.49
ORD_00201,CUST_00137,2024-10-26 09:47:38,Returned,Credit Card,4.99,0.0,88.49
ORD_00202,CUST_00016,2024-10-27 12:13:39,Returned,Credit Card,0.0,21.25,191.25
ORD_00203,CUST_00135,2024-10-29 17:14:19,Delivered,PayPal,0.0,0.0,1037.41
ORD_00204,CUST_00119,2024-10-31 14:27:09,Delivered,Credit Card,0.0,0.0,264.5
ORD_00205,CUST_00062,2024-10-31 14:33:32,Delivered,Apple Pay,0.0,20.0,166.0
ORD_00206,CUST_00040,2024-10-31 18:24:32,Delivered,Credit Card,0.0,0.0,223.48
ORD_00207,CUST_00040,2024-10-31 19:48:00,Delivered,PayPal,5.99,0.0,72.49
ORD_00208,CUST_00102,2024-11-01 17:24:00,Delivered,Credit Card,0.0,33.75,191.24
ORD_00209,CUST_00119,2024-11-02 08:06:24,Delivered,Apple Pay,0.0,0.0,600.47
ORD_00210,CUST_00122,2024-11-02 11:56:14,Delivered,Credit Card,0.0,0.0,146.5
ORD_00211,CUST_00070,2024-11-02 12:11:44,Delivered,Credit Card,0.0,19.4,174.59
ORD_00212,CUST_00142,2024-11-02 17:34:38,Delivered,Credit Card,0.0,0.0,334.49
ORD_00213,CUST_00078,2024-11-02 17:36:51,Delivered,Credit Card,5.99,0.0,58.99
ORD_00214,CUST_00141,2024-11-03 21:47:09,Delivered,PayPal,0.0,0.0,598.99
ORD_00215,CUST_00035,2024-11-05 08:59:05,Delivered,Apple Pay,0.0,0.0,348.0
ORD_00216,CUST_00140,2024-11-05 09:57:27,Delivered,Credit Card,0.0,15.0,247.0
ORD_00217,CUST_00140,2024-11-05 15:49:53,Delivered,Credit Card,0.0,0.0,366.0
ORD_00218,CUST_00110,2024-11-07 12:35:42,Delivered,Credit Card,0.0,0.0,1269.49
ORD_00219,CUST_00133,2024-11-07 14:14:22,Delivered,Credit Card,5.99,0.0,58.99
ORD_00220,CUST_00117,2024-11-08 11:28:40,Delivered,PayPal,0.0,0.0,137.0
ORD_00221,CUST_00078,2024-11-10 10:14:09,Delivered,Credit Card,0.0,10.0,262.99
ORD_00222,CUST_00148,2024-11-10 20:03:57,Delivered,Credit Card,4.99,0.0,1725.98
ORD_00223,CUST_00140,2024-11-10 20:38:55,Delivered,Credit Card,0.0,0.0,200.99
ORD_00224,CUST_00146,2024-11-11 20:10:44,Delivered,Credit Card,8.99,14.4,30.58
ORD_00225,CUST_00109,2024-11-11 21:57:12,Cancelled,Credit Card,0.0,0.0,494.98
ORD_00226,CUST_00106,2024-11-14 08:07:10,Delivered,Credit Card,0.0,15.0,287.0
ORD_00227,CUST_00011,2024-11-14 15:09:04,Delivered,Apple Pay,0.0,0.0,394.47
ORD_00228,CUST_00012,2024-11-14 17:19:24,Delivered,PayPal,0.0,0.0,166.5
ORD_00229,CUST_00147,2024-11-16 09:06:14,Delivered,PayPal,0.0,36.5,328.5
ORD_00230,CUST_00149,2024-11-19 22:06:44,Delivered,Credit Card,0.0,178.99,715.97
ORD_00231,CUST_00062,2024-11-21 09:44:34,Delivered,PayPal,0.0,31.12,176.38
ORD_00232,CUST_00140,2024-11-21 14:02:56,Delivered,Credit Card,0.0,42.55,382.92
ORD_00233,CUST_00078,2024-11-22 20:32:43,Returned,Klarna / BNPL,0.0,23.18,131.32
ORD_00234,CUST_00156,2024-11-23 08:23:15,Delivered,Apple Pay,0.0,20.4,81.6
ORD_00235,CUST_00110,2024-11-23 11:03:11,Delivered,Apple Pay,0.0,0.0,182.0
ORD_00236,CUST_00151,2024-11-23 11:54:20,Returned,Credit Card,0.0,30.8,277.18
ORD_00237,CUST_00119,2024-11-23 14:43:47,Delivered,PayPal,4.99,0.0,200.99
ORD_00238,CUST_00154,2024-11-23 15:41:43,Delivered,Apple Pay,0.0,0.0,370.99
ORD_00239,CUST_00169,2024-11-24 10:11:07,Cancelled,Credit Card,0.0,0.0,489.47
ORD_00240,CUST_00001,2024-11-24 11:26:25,Returned,Apple Pay,4.99,0.0,142.99
ORD_00241,CUST_00140,2024-11-24 15:44:53,Returned,PayPal,5.99,0.0,71.99
ORD_00242,CUST_00158,2024-11-26 14:12:38,Delivered,Credit Card,0.0,38.9,350.08
ORD_00243,CUST_00105,2024-11-26 15:06:22,Delivered,Apple Pay,0.0,0.0,576.0
ORD_00244,CUST_00164,2024-11-26 22:23:25,Delivered,Credit Card,0.0,0.0,243.99
ORD_00245,CUST_00084,2024-11-27 16:54:59,Delivered,Credit Card,0.0,0.0,335.98
ORD_00246,CUST_00016,2024-11-28 10:41:46,Delivered,Credit Card,0.0,125.29,501.17
ORD_00247,CUST_00152,2024-11-28 20:14:58,Delivered,Credit Card,0.0,0.0,824.99
ORD_00248,CUST_00078,2024-11-29 12:46:49,Delivered,Credit Card,4.99,15.0,681.97
ORD_00249,CUST_00172,2024-11-29 21:29:26,Delivered,PayPal,8.99,0.0,74.99
ORD_00250,CUST_00055,2024-11-30 12:03:46,Delivered,Credit Card,0.0,10.0,697.98
ORD_00251,CUST_00173,2024-11-30 17:02:37,Delivered,PayPal,0.0,0.0,279.49
ORD_00252,CUST_00175,2024-12-01 09:31:46,Delivered,Credit Card,4.99,0.0,152.97
ORD_00253,CUST_00166,2024-12-01 11:24:04,Delivered,Klarna / BNPL,0.0,0.0,230.5
ORD_00254,CUST_00109,2024-12-01 15:55:58,Delivered,Credit Card,0.0,42.5,170.0
ORD_00255,CUST_00140,2024-12-03 17:41:37,Delivered,PayPal,0.0,0.0,204.0
ORD_00256,CUST_00062,2024-12-03 18:44:03,Delivered,Apple Pay,5.99,7.8,50.19
ORD_00257,CUST_00174,2024-12-04 10:45:04,Delivered,PayPal,0.0,0.0,374.49
ORD_00258,CUST_00125,2024-12-05 16:36:20,Delivered,Apple Pay,0.0,15.8,63.2
ORD_00259,CUST_00170,2024-12-06 17:19:50,Delivered,Apple Pay,5.99,7.2,46.79
ORD_00260,CUST_00168,2024-12-07 22:23:12,Delivered,PayPal,0.0,87.9,498.08
ORD_00261,CUST_00140,2024-12-07 22:31:40,Delivered,Credit Card,0.0,10.0,2008.48
ORD_00262,CUST_00157,2024-12-09 14:31:57,Delivered,Credit Card,0.0,20.0,186.0
ORD_00263,CUST_00176,2024-12-10 13:11:46,Delivered,Credit Card,0.0,0.0,774.97
ORD_00264,CUST_00163,2024-12-10 17:18:43,Delivered,Credit Card,0.0,0.0,183.0
ORD_00265,CUST_00084,2024-12-11 08:06:52,Delivered,PayPal,4.99,64.3,262.19
ORD_00266,CUST_00162,2024-12-11 11:51:20,Delivered,Credit Card,4.99,0.0,136.49
ORD_00267,CUST_00078,2024-12-13 22:07:27,Delivered,Credit Card,4.99,71.85,651.64
ORD_00268,CUST_00048,2024-12-14 10:15:19,Delivered,PayPal,0.0,0.0,258.5
ORD_00269,CUST_00181,2024-12-14 15:15:17,Delivered,Credit Card,0.0,0.0,615.98
ORD_00270,CUST_00157,2024-12-14 17:08:37,Delivered,Credit Card,0.0,228.19,912.77
ORD_00271,CUST_00171,2024-12-14 19:47:00,Delivered,Apple Pay,5.99,13.7,60.79
ORD_00272,CUST_00182,2024-12-15 18:14:50,Delivered,Credit Card,0.0,142.3,1280.69
ORD_00273,CUST_00171,2024-12-16 11:20:18,Cancelled,Credit Card,4.99,0.0,88.99
ORD_00274,CUST_00133,2024-12-17 09:25:28,Delivered,Credit Card,8.99,10.0,50.99
ORD_00275,CUST_00175,2024-12-18 20:04:21,Returned,Credit Card,0.0,25.0,79.99
ORD_00276,CUST_00155,2024-12-18 22:19:36,Delivered,Credit Card,0.0,453.08,1812.32
ORD_00277,CUST_00185,2024-12-19 08:34:31,Delivered,Klarna / BNPL,8.99,0.0,33.49
ORD_00278,CUST_00025,2024-12-19 14:35:44,Delivered,Credit Card,0.0,0.0,650.96
ORD_00279,CUST_00175,2024-12-19 18:39:19,Delivered,Apple Pay,0.0,15.0,235.5
ORD_00280,CUST_00144,2024-12-20 10:15:55,Delivered,Credit Card,0.0,0.0,114.0
ORD_00281,CUST_00180,2024-12-20 16:17:35,Delivered,Apple Pay,0.0,110.0,439.99
ORD_00282,CUST_00107,2024-12-20 16:53:24,Cancelled,Credit Card,0.0,62.45,562.05
ORD_00283,CUST_00140,2024-12-21 11:54:46,Delivered,Credit Card,0.0,15.0,447.48
ORD_00284,CUST_00078,2024-12-21 12:38:03,Delivered,PayPal,0.0,0.0,340.5
ORD_00285,CUST_00140,2024-12-23 12:13:01,Delivered,Credit Card,0.0,0.0,239.99
ORD_00286,CUST_00191,2024-12-23 12:37:52,Delivered,Credit Card,0.0,0.0,107.0
ORD_00287,CUST_00183,2024-12-24 20:03:04,Delivered,Credit Card,0.0,16.2,145.8
ORD_00288,CUST_00171,2024-12-25 11:16:01,Delivered,Credit Card,5.99,0.0,44.98
ORD_00289,CUST_00194,2024-12-25 21:10:41,Delivered,Credit Card,4.99,0.0,106.99
ORD_00290,CUST_00192,2024-12-26 14:59:31,Delivered,Klarna / BNPL,0.0,53.62,303.85
ORD_00291,CUST_00082,2024-12-26 16:52:48,Delivered,Credit Card,0.0,0.0,729.5
ORD_00292,CUST_00144,2024-12-26 21:44:11,Returned,Credit Card,5.99,0.0,56.99
ORD_00293,CUST_00169,2024-12-27 09:26:19,Returned,PayPal,0.0,0.0,280.98
ORD_00294,CUST_00186,2024-12-27 15:01:31,Delivered,Klarna / BNPL,0.0,0.0,585.95
ORD_00295,CUST_00144,2024-12-28 15:06:58,Delivered,Apple Pay,0.0,0.0,249.49
ORD_00296,CUST_00184,2024-12-28 21:44:31,Returned,PayPal,0.0,0.0,350.5
ORD_00297,CUST_00012,2024-12-28 22:26:17,Delivered,Klarna / BNPL,0.0,103.05,583.94
ORD_00298,CUST_00195,2024-12-30 20:06:07,Delivered,Klarna / BNPL,0.0,0.0,127.0
ORD_00299,CUST_00118,2024-12-30 21:53:30,Delivered,Apple Pay,0.0,0.0,140.0
ORD_00300,CUST_00110,2024-12-31 11:42:11,Delivered,Credit Card,0.0,10.0,80.99
ORD_00301,CUST_00189,2024-12-31 13:47:56,Delivered,Credit Card,0.0,20.0,240.0
ORD_00302,CUST_00178,2024-12-31 15:56:01,Delivered,PayPal,0.0,9.7,87.3
ORD_00303,CUST_00125,2024-12-31 17:50:42,Delivered,Credit Card,0.0,0.0,182.0
ORD_00304,CUST_00199,2025-01-01 12:58:11,Delivered,Credit Card,4.99,0.0,361.99
ORD_00305,CUST_00191,2025-01-03 15:34:57,Delivered,Credit Card,0.0,31.1,279.9
ORD_00306,CUST_00191,2025-01-03 18:53:21,Delivered,Credit Card,4.99,15.0,119.99
ORD_00307,CUST_00122,2025-01-04 10:20:00,Delivered,Credit Card,0.0,0.0,100.5
ORD_00308,CUST_00193,2025-01-04 13:37:01,Delivered,Credit Card,0.0,0.0,234.0
ORD_00309,CUST_00201,2025-01-04 18:50:11,Delivered,Credit Card,0.0,92.3,369.19
ORD_00310,CUST_00127,2025-01-06 08:52:36,Delivered,Credit Card,8.99,0.0,73.99
ORD_00311,CUST_00133,2025-01-06 11:24:19,Delivered,PayPal,0.0,8.7,78.3
ORD_00312,CUST_00169,2025-01-06 12:06:13,Delivered,Credit Card,0.0,0.0,109.49
ORD_00313,CUST_00025,2025-01-06 12:19:31,Returned,Apple Pay,0.0,67.27,381.23
ORD_00314,CUST_00050,2025-01-06 22:42:45,Delivered,PayPal,0.0,80.1,320.39
ORD_00315,CUST_00196,2025-01-10 12:06:40,Returned,PayPal,0.0,0.0,206.99
ORD_00316,CUST_00206,2025-01-10 17:09:13,Delivered,Apple Pay,0.0,0.0,1616.38
ORD_00317,CUST_00191,2025-01-11 12:02:50,Delivered,Apple Pay,0.0,0.0,322.0
ORD_00318,CUST_00205,2025-01-12 12:26:54,Delivered,PayPal,0.0,65.47,370.99
ORD_00319,CUST_00157,2025-01-12 15:10:30,Delivered,Apple Pay,0.0,0.0,1700.0
ORD_00320,CUST_00178,2025-01-12 18:56:43,Delivered,Credit Card,0.0,0.0,167.98
ORD_00321,CUST_00163,2025-01-13 22:41:11,Delivered,Credit Card,0.0,112.2,448.78
ORD_00322,CUST_00001,2025-01-14 21:59:44,Delivered,PayPal,0.0,28.45,256.05
ORD_00323,CUST_00208,2025-01-15 11:52:59,Delivered,Apple Pay,8.99,0.0,73.99
ORD_00324,CUST_00054,2025-01-17 13:06:23,Delivered,Credit Card,0.0,172.5,690.0
ORD_00325,CUST_00204,2025-01-18 12:04:33,Delivered,Credit Card,0.0,27.45,247.04
ORD_00326,CUST_00208,2025-01-18 15:44:10,Delivered,PayPal,0.0,25.0,209.49
ORD_00327,CUST_00209,2025-01-18 22:56:02,Delivered,PayPal,0.0,0.0,721.96
ORD_00328,CUST_00118,2025-01-19 16:16:42,Delivered,Credit Card,0.0,0.0,201.98
ORD_00329,CUST_00212,2025-01-21 08:31:23,Delivered,PayPal,0.0,10.0,487.49
ORD_00330,CUST_00207,2025-01-21 11:31:58,Cancelled,Credit Card,0.0,0.0,329.0
ORD_00331,CUST_00198,2025-01-21 12:24:52,Delivered,PayPal,0.0,0.0,537.5
ORD_00332,CUST_00121,2025-01-21 14:50:10,Delivered,Apple Pay,0.0,0.0,501.5
ORD_00333,CUST_00106,2025-01-21 16:02:25,Delivered,Credit Card,0.0,0.0,267.5
ORD_00334,CUST_00161,2025-01-21 16:03:50,Delivered,Credit Card,0.0,10.0,104.0
ORD_00335,CUST_00163,2025-01-22 10:21:56,Delivered,Credit Card,0.0,118.2,472.79
ORD_00336,CUST_00102,2025-01-22 22:15:47,Delivered,Credit Card,0.0,42.08,238.42
ORD_00337,CUST_00198,2025-01-23 10:56:32,Delivered,Apple Pay,0.0,0.0,180.48
ORD_00338,CUST_00187,2025-01-25 19:15:53,Returned,PayPal,4.99,10.0,81.99
ORD_00339,CUST_00001,2025-01-26 11:47:35,Delivered,Credit Card,0.0,20.0,1033.48
ORD_00340,CUST_00078,2025-01-26 13:42:35,Delivered,PayPal,5.99,0.0,53.99
ORD_00341,CUST_00119,2025-01-26 19:20:52,Delivered,Credit Card,5.99,0.0,72.49
ORD_00342,CUST_00169,2025-01-27 09:30:52,Delivered,PayPal,0.0,0.0,280.98
ORD_00343,CUST_00043,2025-01-29 18:30:59,Delivered,PayPal,0.0,0.0,599.45
ORD_00344,CUST_00188,2025-01-29 22:37:43,Delivered,Credit Card,0.0,25.5,144.5
ORD_00345,CUST_00218,2025-01-30 13:16:55,Returned,Credit Card,0.0,15.0,428.97
ORD_00346,CUST_00202,2025-01-30 16:41:41,Delivered,Credit Card,0.0,17.95,161.55
ORD_00347,CUST_00121,2025-01-31 12:38:16,Delivered,Credit Card,0.0,34.05,192.94
ORD_00348,CUST_00191,2025-02-01 09:36:22,Returned,Credit Card,0.0,0.0,153.0
ORD_00349,CUST_00159,2025-02-01 12:23:23,Delivered,Klarna / BNPL,0.0,0.0,587.99
ORD_00350,CUST_00050,2025-02-01 15:25:01,Delivered,PayPal,0.0,19.1,171.9
ORD_00351,CUST_00088,2025-02-01 16:23:00,Delivered,PayPal,4.99,20.0,334.48
ORD_00352,CUST_00210,2025-02-02 12:17:15,Delivered,Credit Card,0.0,39.1,351.9
ORD_00353,CUST_00203,2025-02-02 12:21:21,Delivered,Klarna / BNPL,4.99,0.0,337.99
ORD_00354,CUST_00139,2025-02-02 18:02:36,Delivered,Credit Card,0.0,70.8,283.18
ORD_00355,CUST_00219,2025-02-03 11:40:48,Delivered,Credit Card,0.0,0.0,505.0
ORD_00356,CUST_00159,2025-02-03 16:57:57,Delivered,PayPal,0.0,0.0,717.98
ORD_00357,CUST_00127,2025-02-04 12:25:36,Delivered,Klarna / BNPL,0.0,0.0,131.99
ORD_00358,CUST_00198,2025-02-05 18:29:47,Delivered,Credit Card,0.0,125.39,501.58
ORD_00359,CUST_00213,2025-02-06 17:34:57,Returned,Credit Card,0.0,0.0,969.94
ORD_00360,CUST_00155,2025-02-07 20:34:39,Delivered,Credit Card,0.0,39.05,351.43
ORD_00361,CUST_00175,2025-02-08 08:30:31,Delivered,PayPal,0.0,0.0,108.49
ORD_00362,CUST_00215,2025-02-08 14:00:53,Delivered,PayPal,5.99,0.0,74.49
ORD_00363,CUST_00216,2025-02-08 16:29:57,Delivered,Credit Card,0.0,0.0,314.98
ORD_00364,CUST_00178,2025-02-08 20:55:35,Delivered,Klarna / BNPL,0.0,11.85,106.65
ORD_00365,CUST_00223,2025-02-09 10:57:16,Delivered,Credit Card,4.99,15.0,1256.97
ORD_00366,CUST_00220,2025-02-10 08:22:11,Delivered,PayPal,5.99,7.6,36.39
ORD_00367,CUST_00175,2025-02-10 16:39:05,Delivered,PayPal,0.0,57.82,327.68
ORD_00368,CUST_00165,2025-02-10 20:05:04,Delivered,Credit Card,0.0,0.0,567.0
ORD_00369,CUST_00191,2025-02-12 19:29:13,Delivered,Credit Card,0.0,0.0,306.0
ORD_00370,CUST_00088,2025-02-13 14:55:53,Delivered,Credit Card,0.0,0.0,595.0
ORD_00371,CUST_00221,2025-02-13 15:26:55,Cancelled,Credit Card,0.0,0.0,208.99
ORD_00372,CUST_00125,2025-02-13 18:29:36,Delivered,Klarna / BNPL,0.0,20.0,320.47
ORD_00373,CUST_00191,2025-02-13 19:38:19,Cancelled,Apple Pay,0.0,15.0,191.5
ORD_00374,CUST_00133,2025-02-14 10:58:17,Delivered,Credit Card,0.0,0.0,227.5
ORD_00375,CUST_00224,2025-02-14 15:51:32,Delivered,Apple Pay,0.0,10.0,235.0
ORD_00376,CUST_00169,2025-02-15 11:41:30,Delivered,Apple Pay,0.0,41.1,164.39
ORD_00377,CUST_00210,2025-02-15 15:53:13,Cancelled,Apple Pay,5.99,0.0,50.98
ORD_00378,CUST_00171,2025-02-15 22:30:10,Delivered,PayPal,0.0,0.0,422.0
ORD_00379,CUST_00214,2025-02-16 14:23:54,Delivered,Credit Card,0.0,0.0,300.0
ORD_00380,CUST_00229,2025-02-16 22:40:28,Delivered,PayPal,0.0,0.0,172.49
ORD_00381,CUST_00069,2025-02-17 13:05:38,Delivered,Credit Card,0.0,25.0,438.5
ORD_00382,CUST_00227,2025-02-17 19:43:57,Delivered,Credit Card,0.0,0.0,1052.5
ORD_00383,CUST_00144,2025-02-18 12:34:29,Delivered,Credit Card,0.0,0.0,562.0
ORD_00384,CUST_00011,2025-02-18 17:56:24,Returned,Credit Card,0.0,0.0,203.98
ORD_00385,CUST_00215,2025-02-18 21:51:46,Delivered,PayPal,0.0,0.0,424.0
ORD_00386,CUST_00162,2025-02-19 17:25:03,Delivered,PayPal,0.0,12.52,70.98
ORD_00387,CUST_00191,2025-02-19 19:34:54,Delivered,Apple Pay,0.0,0.0,375.5
ORD_00388,CUST_00226,2025-02-19 20:46:31,Delivered,PayPal,0.0,0.0,365.49
ORD_00389,CUST_00167,2025-02-19 21:05:52,Delivered,Credit Card,0.0,0.0,569.0
ORD_00390,CUST_00139,2025-02-20 11:28:54,Delivered,PayPal,0.0,0.0,310.99
ORD_00391,CUST_00198,2025-02-20 18:05:15,Delivered,Credit Card,0.0,0.0,307.49
ORD_00392,CUST_00191,2025-02-21 11:05:09,Delivered,Credit Card,0.0,10.0,640.0
ORD_00393,CUST_00118,2025-02-21 16:59:41,Delivered,Credit Card,0.0,0.0,247.0
ORD_00394,CUST_00187,2025-02-23 10:22:19,Delivered,Credit Card,0.0,0.0,549.46
ORD_00395,CUST_00162,2025-02-24 18:25:52,Cancelled,Credit Card,0.0,20.0,302.99
ORD_00396,CUST_00159,2025-02-25 17:39:58,Delivered,Apple Pay,0.0,15.0,640.49
ORD_00397,CUST_00117,2025-02-25 19:22:42,Cancelled,Credit Card,0.0,35.4,141.59
ORD_00398,CUST_00205,2025-02-25 21:42:29,Delivered,PayPal,0.0,57.37,325.12
ORD_00399,CUST_00050,2025-02-26 10:16:17,Cancelled,PayPal,0.0,10.0,384.99
ORD_00400,CUST_00228,2025-02-28 12:56:39,Delivered,Credit Card,0.0,0.0,349.49
ORD_00401,CUST_00054,2025-02-28 18:52:35,Delivered,PayPal,0.0,0.0,531.0
ORD_00402,CUST_00150,2025-02-28 21:36:57,Returned,Credit Card,0.0,15.0,303.98
ORD_00403,CUST_00235,2025-03-01 09:17:56,Delivered,Credit Card,0.0,0.0,83.5
ORD_00404,CUST_00231,2025-03-01 18:12:31,Delivered,Apple Pay,8.99,0.0,53.98
ORD_00405,CUST_00191,2025-03-01 21:49:34,Delivered,Credit Card,5.99,0.0,53.99
ORD_00406,CUST_00214,2025-03-02 08:06:20,Delivered,Credit Card,0.0,18.75,106.25
ORD_00407,CUST_00125,2025-03-02 09:02:46,Delivered,Credit Card,0.0,0.0,888.41
ORD_00408,CUST_00222,2025-03-02 16:45:20,Delivered,PayPal,0.0,14.85,84.14
ORD_00409,CUST_00190,2025-03-02 17:12:27,Delivered,Apple Pay,0.0,0.0,220.0
ORD_00410,CUST_00191,2025-03-03 09:13:25,Returned,Apple Pay,0.0,0.0,343.99
ORD_00411,CUST_00239,2025-03-04 13:37:10,Delivered,Credit Card,0.0,0.0,438.46
ORD_00412,CUST_00214,2025-03-04 14:40:38,Cancelled,Apple Pay,0.0,10.0,109.5
ORD_00413,CUST_00211,2025-03-04 14:47:48,Delivered,Apple Pay,0.0,15.0,201.0
ORD_00414,CUST_00191,2025-03-04 16:14:38,Delivered,PayPal,4.99,0.0,528.97
ORD_00415,CUST_00215,2025-03-05 11:17:57,Delivered,PayPal,0.0,201.97,1144.48
ORD_00416,CUST_00233,2025-03-05 14:07:23,Delivered,Klarna / BNPL,0.0,0.0,277.5
ORD_00417,CUST_00188,2025-03-06 20:29:46,Delivered,Credit Card,0.0,23.6,212.4
ORD_00418,CUST_00241,2025-03-06 21:15:03,Delivered,Klarna / BNPL,4.99,25.0,410.48
ORD_00419,CUST_00240,2025-03-06 22:26:06,Delivered,Apple Pay,8.99,20.0,54.99
ORD_00420,CUST_00236,2025-03-07 15:28:09,Cancelled,Credit Card,0.0,44.6,178.38
ORD_00421,CUST_00078,2025-03-07 17:09:55,Delivered,Credit Card,5.99,0.0,58.99
ORD_00422,CUST_00171,2025-03-07 21:04:50,Delivered,PayPal,0.0,10.0,481.0
ORD_00423,CUST_00238,2025-03-08 22:00:17,Delivered,Credit Card,0.0,0.0,97.0
ORD_00424,CUST_00155,2025-03-09 09:12:11,Delivered,Credit Card,5.99,3.8,40.19
ORD_00425,CUST_00242,2025-03-09 15:03:10,Delivered,Credit Card,0.0,0.0,691.48
ORD_00426,CUST_00121,2025-03-10 09:48:19,Delivered,Klarna / BNPL,0.0,15.0,112.49
ORD_00427,CUST_00060,2025-03-11 13:18:53,Delivered,Credit Card,0.0,25.0,1350.97
ORD_00428,CUST_00208,2025-03-12 10:43:55,Returned,PayPal,0.0,81.6,326.39
ORD_00429,CUST_00171,2025-03-13 18:08:35,Delivered,Credit Card,0.0,97.1,388.4
ORD_00430,CUST_00188,2025-03-13 20:03:47,Delivered,PayPal,0.0,65.25,369.75
ORD_00431,CUST_00219,2025-03-15 09:49:47,Delivered,Credit Card,0.0,0.0,83.98
ORD_00432,CUST_00164,2025-03-15 18:58:31,Delivered,PayPal,0.0,23.2,92.8
ORD_00433,CUST_00210,2025-03-16 16:33:11,Delivered,Credit Card,0.0,43.65,392.85
ORD_00434,CUST_00232,2025-03-16 16:54:19,Delivered,Credit Card,5.99,6.25,62.24
ORD_00435,CUST_00214,2025-03-16 21:44:18,Delivered,Credit Card,0.0,54.2,216.8
ORD_00436,CUST_00211,2025-03-18 14:39:08,Delivered,Klarna / BNPL,0.0,0.0,420.96
ORD_00437,CUST_00251,2025-03-19 13:18:36,Delivered,Credit Card,0.0,0.0,156.0
ORD_00438,CUST_00139,2025-03-19 16:50:08,Returned,Apple Pay,0.0,69.45,625.05
ORD_00439,CUST_00250,2025-03-19 17:29:14,Delivered,Apple Pay,4.99,0.0,370.99
ORD_00440,CUST_00078,2025-03-19 17:41:43,Delivered,Klarna / BNPL,0.0,31.35,177.64
ORD_00441,CUST_00245,2025-03-19 21:53:20,Delivered,Credit Card,0.0,10.0,448.49
ORD_00442,CUST_00217,2025-03-20 11:02:44,Delivered,Credit Card,0.0,0.0,191.0
ORD_00443,CUST_00214,2025-03-20 17:48:46,Delivered,PayPal,5.99,3.8,40.19
ORD_00444,CUST_00248,2025-03-20 18:01:51,Delivered,Credit Card,0.0,19.7,78.8
ORD_00445,CUST_00232,2025-03-21 12:00:03,Delivered,Credit Card,4.99,0.0,1795.45
ORD_00446,CUST_00167,2025-03-22 15:46:16,Delivered,Credit Card,0.0,110.78,627.72
ORD_00447,CUST_00177,2025-03-23 10:15:03,Delivered,Klarna / BNPL,4.99,0.0,723.49
ORD_00448,CUST_00117,2025-03-23 11:02:38,Delivered,Credit Card,0.0,63.6,360.39
ORD_00449,CUST_00119,2025-03-23 15:47:27,Delivered,Klarna / BNPL,0.0,0.0,447.0
ORD_00450,CUST_00069,2025-03-23 20:50:04,Delivered,Credit Card,0.0,0.0,236.99
ORD_00451,CUST_00188,2025-03-23 21:35:22,Delivered,Credit Card,0.0,0.0,1086.9
ORD_00452,CUST_00249,2025-03-24 12:57:57,Returned,Apple Pay,4.99,0.0,368.95
ORD_00453,CUST_00214,2025-03-24 20:22:06,Delivered,PayPal,0.0,11.85,67.15
ORD_00454,CUST_00217,2025-03-25 18:57:38,Delivered,PayPal,0.0,0.0,530.97
ORD_00455,CUST_00121,2025-03-27 12:56:46,Delivered,Credit Card,0.0,26.62,150.88
ORD_00456,CUST_00133,2025-03-28 15:39:03,Delivered,Apple Pay,0.0,0.0,332.99
ORD_00457,CUST_00215,2025-03-28 18:15:35,Delivered,Credit Card,4.99,0.0,391.47
ORD_00458,CUST_00253,2025-03-29 14:23:07,Delivered,Apple Pay,0.0,99.37,563.12
ORD_00459,CUST_00247,2025-03-30 13:25:56,Returned,PayPal,5.99,10.0,64.49
ORD_00460,CUST_00169,2025-03-30 15:05:43,Delivered,PayPal,5.99,13.7,60.79
ORD_00461,CUST_00191,2025-03-30 18:12:00,Delivered,PayPal,0.0,0.0,382.0
ORD_00462,CUST_00175,2025-03-30 19:58:11,Delivered,Credit Card,0.0,0.0,343.48
ORD_00463,CUST_00191,2025-03-31 13:23:26,Delivered,Credit Card,0.0,36.22,205.27
ORD_00464,CUST_00252,2025-03-31 19:59:23,Delivered,PayPal,5.99,6.6,65.39
ORD_00465,CUST_00226,2025-04-01 09:11:25,Delivered,Credit Card,0.0,0.0,477.49
ORD_00466,CUST_00001,2025-04-02 09:17:02,Delivered,Credit Card,0.0,0.0,196.49
ORD_00467,CUST_00260,2025-04-02 20:46:39,Delivered,Credit Card,0.0,0.0,143.49
ORD_00468,CUST_00191,2025-04-03 12:03:47,Delivered,Credit Card,4.99,30.6,280.36
ORD_00469,CUST_00259,2025-04-03 14:25:43,Delivered,Apple Pay,0.0,0.0,113.5
ORD_00470,CUST_00197,2025-04-03 21:04:17,Delivered,Credit Card,4.99,27.4,251.56
ORD_00471,CUST_00188,2025-04-04 20:51:26,Delivered,PayPal,0.0,17.25,97.74
ORD_00472,CUST_00255,2025-04-05 13:58:20,Delivered,Credit Card,0.0,0.0,480.0
ORD_00473,CUST_00191,2025-04-07 09:06:00,Delivered,Credit Card,0.0,0.0,132.49
ORD_00474,CUST_00171,2025-04-07 15:37:36,Returned,PayPal,0.0,16.05,90.94
ORD_00475,CUST_00254,2025-04-07 19:14:30,Delivered,PayPal,0.0,43.65,247.34
ORD_00476,CUST_00205,2025-04-07 22:24:54,Delivered,Credit Card,0.0,25.0,1126.96
ORD_00477,CUST_00247,2025-04-08 14:12:26,Delivered,PayPal,5.99,5.1,26.39
ORD_00478,CUST_00219,2025-04-08 14:21:32,Delivered,Credit Card,0.0,0.0,119.0
ORD_00479,CUST_00225,2025-04-09 08:03:39,Delivered,PayPal,0.0,19.9,179.1
ORD_00480,CUST_00164,2025-04-09 19:36:02,Delivered,Credit Card,0.0,0.0,194.5
ORD_00481,CUST_00011,2025-04-11 08:26:11,Delivered,Apple Pay,0.0,0.0,608.0
ORD_00482,CUST_00247,2025-04-11 10:27:43,Delivered,PayPal,0.0,0.0,460.47
ORD_00483,CUST_00157,2025-04-11 11:05:16,Delivered,Credit Card,0.0,18.6,74.39
ORD_00484,CUST_00190,2025-04-11 14:13:23,Delivered,Credit Card,0.0,0.0,355.95
ORD_00485,CUST_00164,2025-04-11 22:59:03,Delivered,PayPal,5.99,0.0,47.98
ORD_00486,CUST_00055,2025-04-12 14:11:03,Returned,Apple Pay,0.0,26.75,240.75
ORD_00487,CUST_00243,2025-04-12 15:05:17,Delivered,Credit Card,0.0,0.0,641.98
ORD_00488,CUST_00261,2025-04-12 19:00:29,Delivered,PayPal,0.0,49.88,282.62
ORD_00489,CUST_00257,2025-04-12 20:32:39,Delivered,PayPal,0.0,111.75,633.24
ORD_00490,CUST_00263,2025-04-12 20:50:36,Delivered,Credit Card,5.99,20.0,54.49
ORD_00491,CUST_00254,2025-04-13 09:52:22,Delivered,PayPal,0.0,13.85,124.64
ORD_00492,CUST_00259,2025-04-13 12:29:04,Delivered,PayPal,0.0,0.0,104.99
ORD_00493,CUST_00219,2025-04-13 16:02:36,Delivered,PayPal,0.0,0.0,263.98
ORD_00494,CUST_00119,2025-04-13 19:16:57,Delivered,Credit Card,4.99,114.1,461.39
ORD_00495,CUST_00121,2025-04-14 11:35:42,Delivered,Credit Card,0.0,10.0,182.49
ORD_00496,CUST_00078,2025-04-14 20:33:03,Delivered,Credit Card,0.0,27.6,110.38
ORD_00497,CUST_00265,2025-04-15 15:07:11,Delivered,Apple Pay,0.0,58.9,235.6
ORD_00498,CUST_00259,2025-04-16 08:06:47,Returned,Apple Pay,0.0,84.44,478.52
ORD_00499,CUST_00215,2025-04-16 15:30:51,Delivered,PayPal,0.0,80.7,322.8
ORD_00500,CUST_00162,2025-04-17 14:04:45,Delivered,Credit Card,0.0,0.0,377.49
ORD_00501,CUST_00167,2025-04-17 14:52:16,Cancelled,PayPal,0.0,0.0,311.0
ORD_00502,CUST_00217,2025-04-17 18:38:40,Delivered,Credit Card,0.0,0.0,268.5
ORD_00503,CUST_00217,2025-04-19 14:55:38,Delivered,Credit Card,0.0,0.0,170.0
ORD_00504,CUST_00200,2025-04-19 18:36:15,Delivered,Credit Card,0.0,0.0,101.0
ORD_00505,CUST_00264,2025-04-20 18:13:50,Delivered,Klarna / BNPL,0.0,0.0,106.0
ORD_00506,CUST_00155,2025-04-21 14:10:01,Delivered,Credit Card,4.99,0.0,201.99
ORD_00507,CUST_00105,2025-04-22 15:23:39,Delivered,Credit Card,0.0,109.65,621.35
ORD_00508,CUST_00157,2025-04-23 21:02:28,Delivered,PayPal,0.0,0.0,219.0
ORD_00509,CUST_00259,2025-04-24 21:18:36,Delivered,Credit Card,0.0,0.0,170.0
ORD_00510,CUST_00121,2025-04-25 20:49:06,Delivered,Credit Card,0.0,15.0,701.98
ORD_00511,CUST_00125,2025-04-26 11:38:58,Delivered,Credit Card,0.0,54.4,217.59
ORD_00512,CUST_00102,2025-04-26 14:37:06,Delivered,PayPal,0.0,0.0,291.5
ORD_00513,CUST_00256,2025-04-26 16:30:17,Returned,Credit Card,4.99,0.0,261.49
ORD_00514,CUST_00215,2025-04-26 19:28:17,Returned,Credit Card,0.0,0.0,208.99
ORD_00515,CUST_00256,2025-04-26 21:49:21,Delivered,Credit Card,0.0,0.0,164.5
ORD_00516,CUST_00266,2025-04-27 20:14:12,Delivered,PayPal,0.0,10.0,250.47
ORD_00517,CUST_00258,2025-04-28 08:05:05,Cancelled,PayPal,0.0,15.8,63.2
ORD_00518,CUST_00198,2025-04-28 20:12:45,Delivered,Apple Pay,8.99,5.85,42.13
ORD_00519,CUST_00245,2025-04-29 19:57:40,Delivered,PayPal,0.0,16.6,66.39
ORD_00520,CUST_00275,2025-04-30 08:23:33,Delivered,Credit Card,4.99,35.39,323.54
ORD_00521,CUST_00133,2025-05-01 14:52:53,Delivered,Credit Card,0.0,159.79,639.16
ORD_00522,CUST_00110,2025-05-01 17:01:31,Delivered,Credit Card,0.0,0.0,598.48
ORD_00523,CUST_00272,2025-05-01 21:29:30,Delivered,Credit Card,0.0,46.4,185.58
ORD_00524,CUST_00267,2025-05-03 09:50:21,Delivered,Klarna / BNPL,0.0,0.0,137.0
ORD_00525,CUST_00273,2025-05-03 10:28:36,Delivered,Klarna / BNPL,0.0,0.0,476.98
ORD_00526,CUST_00202,2025-05-05 08:46:02,Returned,Credit Card,0.0,0.0,97.0
ORD_00527,CUST_00271,2025-05-05 14:04:40,Returned,PayPal,4.99,61.6,559.35
ORD_00528,CUST_00145,2025-05-05 16:04:03,Delivered,Credit Card,0.0,24.15,217.33
ORD_00529,CUST_00268,2025-05-05 18:33:36,Delivered,Klarna / BNPL,0.0,10.0,482.0
ORD_00530,CUST_00230,2025-05-05 21:46:32,Returned,Credit Card,0.0,64.25,578.23
ORD_00531,CUST_00278,2025-05-06 12:34:14,Delivered,Apple Pay,0.0,0.0,496.96
ORD_00532,CUST_00077,2025-05-06 15:24:49,Delivered,PayPal,0.0,0.0,281.49
ORD_00533,CUST_00210,2025-05-07 16:11:04,Returned,PayPal,0.0,15.0,306.5
ORD_00534,CUST_00222,2025-05-07 18:24:41,Delivered,Apple Pay,0.0,0.0,109.48
ORD_00535,CUST_00025,2025-05-07 20:42:08,Delivered,Apple Pay,0.0,0.0,519.5
ORD_00536,CUST_00215,2025-05-07 21:40:53,Delivered,PayPal,0.0,0.0,619.99
ORD_00537,CUST_00200,2025-05-07 22:25:15,Cancelled,Credit Card,0.0,0.0,392.5
ORD_00538,CUST_00167,2025-05-08 15:42:08,Delivered,Apple Pay,0.0,0.0,353.98
ORD_00539,CUST_00269,2025-05-09 16:22:00,Delivered,PayPal,0.0,0.0,181.98
ORD_00540,CUST_00256,2025-05-09 18:07:57,Delivered,Credit Card,0.0,0.0,720.99
ORD_00541,CUST_00247,2025-05-09 20:18:18,Delivered,Klarna / BNPL,0.0,0.0,409.49
ORD_00542,CUST_00210,2025-05-10 22:22:40,Delivered,Apple Pay,0.0,0.0,854.0
ORD_00543,CUST_00281,2025-05-11 08:14:31,Delivered,PayPal,0.0,0.0,293.0
ORD_00544,CUST_00029,2025-05-11 10:47:12,Delivered,Credit Card,0.0,20.0,64.0
ORD_00545,CUST_00165,2025-05-11 13:42:52,Delivered,Credit Card,0.0,27.4,109.59
ORD_00546,CUST_00215,2025-05-11 14:27:35,Delivered,PayPal,0.0,0.0,83.5
ORD_00547,CUST_00001,2025-05-12 12:53:41,Delivered,Credit Card,0.0,0.0,393.0
ORD_00548,CUST_00270,2025-05-12 13:45:37,Cancelled,PayPal,8.99,0.0,82.49
ORD_00549,CUST_00277,2025-05-12 20:43:29,Returned,Klarna / BNPL,0.0,19.4,77.6
ORD_00550,CUST_00107,2025-05-13 14:08:30,Delivered,Credit Card,0.0,0.0,385.5
ORD_00551,CUST_00177,2025-05-13 17:34:42,Delivered,Credit Card,0.0,15.0,202.5
ORD_00552,CUST_00133,2025-05-13 20:51:24,Delivered,PayPal,0.0,0.0,925.94
ORD_00553,CUST_00202,2025-05-14 17:21:47,Delivered,PayPal,0.0,22.75,204.75
ORD_00554,CUST_00145,2025-05-14 22:36:58,Delivered,Credit Card,0.0,0.0,473.0
ORD_00555,CUST_00078,2025-05-15 09:42:08,Delivered,Credit Card,0.0,15.0,143.0
ORD_00556,CUST_00188,2025-05-15 10:29:13,Delivered,Credit Card,0.0,0.0,204.5
ORD_00557,CUST_00214,2025-05-15 11:30:18,Delivered,Credit Card,0.0,26.99,107.98
ORD_00558,CUST_00188,2025-05-15 19:20:45,Delivered,PayPal,0.0,25.0,279.99
ORD_00559,CUST_00161,2025-05-15 19:38:52,Delivered,Credit Card,0.0,0.0,233.49
ORD_00560,CUST_00285,2025-05-17 14:19:55,Delivered,Credit Card,0.0,0.0,523.99
ORD_00561,CUST_00188,2025-05-17 20:57:27,Delivered,PayPal,0.0,87.0,493.0
ORD_00562,CUST_00110,2025-05-18 19:49:12,Delivered,Credit Card,0.0,0.0,417.5
ORD_00563,CUST_00284,2025-05-18 20:46:53,Delivered,Credit Card,0.0,0.0,113.5
ORD_00564,CUST_00198,2025-05-19 18:56:28,Delivered,Apple Pay,4.99,0.0,307.43
ORD_00565,CUST_00232,2025-05-21 10:47:18,Delivered,Credit Card,0.0,49.5,280.5
ORD_00566,CUST_00249,2025-05-23 09:24:33,Delivered,PayPal,4.99,0.0,197.98
ORD_00567,CUST_00023,2025-05-23 10:39:37,Delivered,Apple Pay,4.99,0.0,320.47
ORD_00568,CUST_00292,2025-05-23 12:43:33,Returned,PayPal,0.0,0.0,201.5
ORD_00569,CUST_00270,2025-05-23 18:56:11,Delivered,Credit Card,0.0,0.0,133.0
ORD_00570,CUST_00055,2025-05-23 19:57:29,Delivered,Credit Card,0.0,0.0,570.49
ORD_00571,CUST_00283,2025-05-24 13:53:16,Delivered,Credit Card,0.0,72.9,291.6
ORD_00572,CUST_00258,2025-05-24 14:29:04,Returned,Credit Card,4.99,0.0,191.99
ORD_00573,CUST_00198,2025-05-25 10:20:28,Delivered,Credit Card,0.0,0.0,646.99
ORD_00574,CUST_00293,2025-05-26 12:19:46,Returned,Credit Card,0.0,0.0,114.99
ORD_00575,CUST_00270,2025-05-26 16:53:04,Delivered,Credit Card,0.0,47.19,188.77
ORD_00576,CUST_00164,2025-05-27 09:17:55,Delivered,Credit Card,0.0,0.0,209.49
ORD_00577,CUST_00217,2025-05-27 13:30:59,Delivered,Credit Card,0.0,0.0,275.49
ORD_00578,CUST_00295,2025-05-27 19:26:48,Cancelled,Credit Card,0.0,20.4,183.58
ORD_00579,CUST_00230,2025-05-29 22:49:29,Delivered,Credit Card,0.0,10.0,1098.47
ORD_00580,CUST_00232,2025-05-30 09:21:49,Delivered,Credit Card,0.0,0.0,102.5
ORD_00581,CUST_00298,2025-05-30 09:29:40,Delivered,Credit Card,0.0,0.0,632.98
ORD_00582,CUST_00291,2025-05-30 09:46:19,Delivered,Credit Card,0.0,0.0,154.5
ORD_00583,CUST_00289,2025-05-30 11:03:18,Delivered,Apple Pay,0.0,0.0,835.97
ORD_00584,CUST_00268,2025-05-30 13:58:50,Delivered,PayPal,0.0,0.0,179.99
ORD_00585,CUST_00290,2025-05-30 15:21:38,Delivered,Credit Card,0.0,0.0,179.5
ORD_00586,CUST_00217,2025-05-30 18:36:56,Cancelled,Credit Card,0.0,0.0,120.0
ORD_00587,CUST_00234,2025-05-30 22:00:21,Delivered,Credit Card,0.0,20.4,183.6
ORD_00588,CUST_00268,2025-05-31 11:32:40,Delivered,PayPal,0.0,36.22,205.26
ORD_00589,CUST_00296,2025-05-31 12:38:29,Delivered,PayPal,0.0,0.0,295.99
ORD_00590,CUST_00258,2025-05-31 16:47:18,Delivered,Credit Card,0.0,121.09,484.34
ORD_00591,CUST_00198,2025-05-31 20:30:24,Delivered,Credit Card,0.0,26.95,242.54
ORD_00592,CUST_00246,2025-06-01 10:32:40,Delivered,Credit Card,0.0,0.0,1034.48
ORD_00593,CUST_00287,2025-06-02 13:08:20,Delivered,Credit Card,0.0,0.0,459.0
ORD_00594,CUST_00299,2025-06-02 15:59:16,Delivered,PayPal,0.0,0.0,257.99
ORD_00595,CUST_00288,2025-06-03 11:05:53,Delivered,PayPal,0.0,0.0,98.99
ORD_00596,CUST_00276,2025-06-03 15:31:34,Delivered,Klarna / BNPL,0.0,0.0,131.99
ORD_00597,CUST_00226,2025-06-03 18:32:56,Returned,PayPal,0.0,0.0,192.5
ORD_00598,CUST_00288,2025-06-03 22:38:45,Delivered,PayPal,0.0,0.0,386.48
ORD_00599,CUST_00106,2025-06-04 14:54:43,Returned,PayPal,0.0,0.0,153.49
ORD_00600,CUST_00190,2025-06-04 21:29:23,Returned,PayPal,0.0,15.0,148.0
ORD_00601,CUST_00198,2025-06-05 08:25:46,Delivered,Credit Card,0.0,0.0,159.0
ORD_00602,CUST_00205,2025-06-05 15:03:07,Delivered,Credit Card,0.0,25.0,187.0
ORD_00603,CUST_00222,2025-06-05 21:14:12,Delivered,Credit Card,0.0,0.0,183.0
ORD_00604,CUST_00188,2025-06-06 10:29:32,Delivered,PayPal,0.0,20.0,144.99
ORD_00605,CUST_00258,2025-06-07 11:08:04,Delivered,Credit Card,0.0,0.0,332.99
ORD_00606,CUST_00300,2025-06-08 08:53:51,Delivered,Credit Card,0.0,119.17,675.32
ORD_00607,CUST_00214,2025-06-08 10:31:31,Delivered,PayPal,0.0,25.0,62.0
ORD_00608,CUST_00268,2025-06-08 13:26:01,Cancelled,Credit Card,5.99,10.6,48.39
ORD_00609,CUST_00175,2025-06-08 15:05:57,Delivered,Apple Pay,5.99,0.0,50.98
ORD_00610,CUST_00200,2025-06-08 22:15:43,Delivered,Credit Card,0.0,0.0,422.5
ORD_00611,CUST_00091,2025-06-10 17:24:35,Returned,Apple Pay,0.0,0.0,302.5
ORD_00612,CUST_00143,2025-06-10 20:20:24,Delivered,Credit Card,0.0,64.65,366.35
ORD_00613,CUST_00270,2025-06-10 20:38:48,Delivered,Credit Card,0.0,0.0,1098.0
ORD_00614,CUST_00127,2025-06-10 21:24:30,Delivered,Credit Card,0.0,20.0,208.0
ORD_00615,CUST_00188,2025-06-10 22:55:35,Delivered,Credit Card,0.0,35.02,198.47
ORD_00616,CUST_00119,2025-06-11 18:11:02,Delivered,PayPal,0.0,0.0,108.0
ORD_00617,CUST_00286,2025-06-11 19:38:42,Delivered,Klarna / BNPL,0.0,0.0,157.49
ORD_00618,CUST_00150,2025-06-11 22:02:58,Delivered,Credit Card,0.0,0.0,404.98
ORD_00619,CUST_00286,2025-06-11 22:25:18,Delivered,PayPal,0.0,0.0,113.5
ORD_00620,CUST_00303,2025-06-12 11:02:39,Delivered,Credit Card,0.0,0.0,547.98
ORD_00621,CUST_00274,2025-06-13 09:29:00,Delivered,Credit Card,0.0,0.0,345.96
ORD_00622,CUST_00102,2025-06-14 14:37:47,Delivered,Credit Card,0.0,56.8,227.2
ORD_00623,CUST_00294,2025-06-14 18:04:41,Delivered,Klarna / BNPL,0.0,90.8,817.17
ORD_00624,CUST_00301,2025-06-15 09:13:43,Delivered,PayPal,0.0,61.9,247.59
ORD_00625,CUST_00270,2025-06-15 17:17:57,Delivered,Klarna / BNPL,0.0,69.3,277.19
ORD_00626,CUST_00145,2025-06-17 11:25:43,Delivered,Credit Card,5.99,9.9,62.09
ORD_00627,CUST_00258,2025-06-18 17:37:47,Delivered,PayPal,0.0,0.0,528.0
ORD_00628,CUST_00110,2025-06-19 09:15:01,Delivered,PayPal,0.0,103.25,929.21
ORD_00629,CUST_00210,2025-06-19 14:26:56,Delivered,Klarna / BNPL,0.0,0.0,79.0
ORD_00630,CUST_00305,2025-06-19 18:12:02,Delivered,Credit Card,0.0,56.3,225.18
ORD_00631,CUST_00306,2025-06-20 09:31:35,Delivered,PayPal,0.0,52.8,475.19
ORD_00632,CUST_00234,2025-06-20 11:57:47,Delivered,Apple Pay,0.0,0.0,619.5
ORD_00633,CUST_00258,2025-06-21 13:30:42,Delivered,Credit Card,4.99,8.7,83.29
ORD_00634,CUST_00249,2025-06-21 17:08:54,Delivered,Apple Pay,5.99,0.0,59.99
ORD_00635,CUST_00308,2025-06-22 09:26:28,Returned,PayPal,0.0,0.0,765.0
ORD_00636,CUST_00078,2025-06-22 12:46:58,Cancelled,Credit Card,4.99,23.0,211.97
ORD_00637,CUST_00304,2025-06-22 14:46:28,Delivered,Credit Card,0.0,167.92,951.58
ORD_00638,CUST_00270,2025-06-23 13:35:54,Delivered,Apple Pay,4.99,0.0,207.99
ORD_00639,CUST_00169,2025-06-23 14:51:21,Delivered,Klarna / BNPL,0.0,0.0,369.5
ORD_00640,CUST_00214,2025-06-23 15:29:25,Delivered,Klarna / BNPL,0.0,0.0,133.0
ORD_00641,CUST_00237,2025-06-23 18:08:25,Delivered,PayPal,0.0,0.0,1072.44
ORD_00642,CUST_00145,2025-06-24 08:10:33,Delivered,Apple Pay,0.0,70.65,400.33
ORD_00643,CUST_00106,2025-06-24 08:23:39,Delivered,Credit Card,0.0,0.0,660.48
ORD_00644,CUST_00027,2025-06-24 17:12:10,Delivered,Credit Card,0.0,0.0,814.0
ORD_00645,CUST_00055,2025-06-24 21:32:59,Delivered,PayPal,4.99,25.0,281.49
ORD_00646,CUST_00307,2025-06-25 14:53:55,Cancelled,Credit Card,0.0,32.35,291.13
ORD_00647,CUST_00258,2025-06-27 22:36:45,Delivered,Apple Pay,0.0,0.0,187.5
ORD_00648,CUST_00316,2025-06-28 12:29:19,Delivered,Apple Pay,0.0,0.0,206.0
ORD_00649,CUST_00171,2025-06-28 14:58:00,Delivered,PayPal,0.0,0.0,792.0
ORD_00650,CUST_00270,2025-06-28 18:03:20,Delivered,Klarna / BNPL,0.0,0.0,516.99
ORD_00651,CUST_00230,2025-06-29 11:02:29,Delivered,Credit Card,0.0,0.0,383.98
ORD_00652,CUST_00315,2025-06-29 12:08:33,Delivered,PayPal,0.0,0.0,468.5
ORD_00653,CUST_00310,2025-06-29 13:19:48,Delivered,PayPal,0.0,79.35,449.64
ORD_00654,CUST_00309,2025-07-02 08:39:39,Delivered,Klarna / BNPL,0.0,0.0,125.5
ORD_00655,CUST_00280,2025-07-02 09:31:45,Delivered,Credit Card,0.0,15.0,313.98
ORD_00656,CUST_00312,2025-07-02 11:21:45,Delivered,PayPal,0.0,16.8,151.2
ORD_00657,CUST_00308,2025-07-02 13:03:51,Delivered,Credit Card,0.0,223.6,894.39
ORD_00658,CUST_00249,2025-07-03 14:44:40,Delivered,Credit Card,0.0,0.0,286.0
ORD_00659,CUST_00311,2025-07-03 19:22:36,Delivered,PayPal,0.0,25.0,58.5
ORD_00660,CUST_00321,2025-07-04 14:54:45,Delivered,Credit Card,0.0,0.0,462.5
ORD_00661,CUST_00243,2025-07-04 18:33:06,Delivered,Credit Card,0.0,0.0,539.49
ORD_00662,CUST_00268,2025-07-04 19:44:33,Delivered,PayPal,5.99,14.8,65.18
ORD_00663,CUST_00318,2025-07-04 21:38:36,Delivered,Klarna / BNPL,4.99,34.05,311.44
ORD_00664,CUST_00282,2025-07-05 09:30:52,Delivered,Apple Pay,0.0,15.0,394.49
ORD_00665,CUST_00214,2025-07-05 12:25:24,Delivered,Credit Card,0.0,30.55,274.95
ORD_00666,CUST_00258,2025-07-05 13:21:57,Delivered,Credit Card,0.0,0.0,142.99
ORD_00667,CUST_00320,2025-07-05 15:31:41,Delivered,Credit Card,0.0,0.0,353.98
ORD_00668,CUST_00279,2025-07-05 15:52:42,Delivered,Credit Card,0.0,0.0,296.97
ORD_00669,CUST_00303,2025-07-05 22:19:54,Delivered,Credit Card,0.0,0.0,208.99
ORD_00670,CUST_00246,2025-07-06 09:16:11,Cancelled,Credit Card,5.99,0.0,74.49
ORD_00671,CUST_00249,2025-07-06 11:58:00,Delivered,Credit Card,0.0,84.4,337.6
ORD_00672,CUST_00288,2025-07-06 13:38:50,Delivered,Credit Card,0.0,15.45,87.55
ORD_00673,CUST_00306,2025-07-06 16:31:59,Delivered,PayPal,0.0,10.0,344.99
ORD_00674,CUST_00011,2025-07-07 12:29:27,Delivered,Credit Card,4.99,0.0,88.49
ORD_00675,CUST_00268,2025-07-07 14:45:03,Delivered,PayPal,0.0,20.0,94.99
ORD_00676,CUST_00326,2025-07-07 16:10:55,Delivered,Credit Card,5.99,4.1,42.89
ORD_00677,CUST_00268,2025-07-07 16:25:34,Delivered,Credit Card,0.0,15.0,101.97
ORD_00678,CUST_00279,2025-07-07 21:58:08,Delivered,Credit Card,0.0,32.0,288.0
ORD_00679,CUST_00247,2025-07-08 09:23:32,Delivered,Klarna / BNPL,0.0,0.0,290.0
ORD_00680,CUST_00205,2025-07-08 12:24:01,Delivered,PayPal,0.0,105.7,422.8
ORD_00681,CUST_00317,2025-07-08 19:25:29,Cancelled,PayPal,0.0,0.0,233.98
ORD_00682,CUST_00325,2025-07-08 21:05:43,Delivered,Apple Pay,0.0,38.1,152.4
ORD_00683,CUST_00270,2025-07-09 20:20:23,Delivered,Credit Card,0.0,104.1,416.4
ORD_00684,CUST_00308,2025-07-09 20:21:44,Delivered,Credit Card,0.0,0.0,104.99
ORD_00685,CUST_00282,2025-07-09 22:39:57,Delivered,Credit Card,0.0,59.4,336.57
ORD_00686,CUST_00001,2025-07-10 08:16:29,Delivered,Credit Card,4.99,0.0,481.47
ORD_00687,CUST_00319,2025-07-10 11:56:58,Delivered,PayPal,0.0,34.8,197.2
ORD_00688,CUST_00323,2025-07-13 08:06:45,Delivered,Credit Card,0.0,0.0,225.49
ORD_00689,CUST_00287,2025-07-14 12:15:45,Delivered,Credit Card,4.99,86.99,497.96
ORD_00690,CUST_00330,2025-07-14 19:24:09,Returned,Credit Card,0.0,0.0,248.0
ORD_00691,CUST_00326,2025-07-14 21:17:59,Delivered,Credit Card,0.0,62.55,354.44
ORD_00692,CUST_00282,2025-07-15 08:55:52,Returned,PayPal,4.99,55.1,225.38
ORD_00693,CUST_00332,2025-07-15 12:14:41,Delivered,Credit Card,5.99,5.9,59.08
ORD_00694,CUST_00232,2025-07-15 13:32:15,Delivered,PayPal,0.0,29.62,167.88
ORD_00695,CUST_00171,2025-07-15 18:15:44,Delivered,Apple Pay,0.0,0.0,631.48
ORD_00696,CUST_00324,2025-07-15 18:43:06,Delivered,Klarna / BNPL,0.0,0.0,89.98
ORD_00697,CUST_00214,2025-07-16 09:50:18,Delivered,Credit Card,0.0,0.0,811.99
ORD_00698,CUST_00328,2025-07-16 16:40:58,Delivered,Credit Card,0.0,0.0,102.0
ORD_00699,CUST_00258,2025-07-16 18:18:23,Delivered,Klarna / BNPL,5.99,0.0,74.49
ORD_00700,CUST_00314,2025-07-17 09:35:20,Delivered,PayPal,0.0,0.0,985.0
ORD_00701,CUST_00270,2025-07-17 11:49:50,Delivered,Credit Card,0.0,71.29,285.18
ORD_00702,CUST_00171,2025-07-17 16:06:18,Delivered,Credit Card,0.0,0.0,648.0
ORD_00703,CUST_00110,2025-07-18 16:10:59,Delivered,Credit Card,0.0,0.0,1277.99
ORD_00704,CUST_00331,2025-07-18 20:33:33,Delivered,PayPal,0.0,17.55,157.94
ORD_00705,CUST_00294,2025-07-19 17:14:30,Cancelled,Klarna / BNPL,0.0,0.0,455.5
ORD_00706,CUST_00297,2025-07-19 21:31:40,Delivered,PayPal,0.0,0.0,133.0
ORD_00707,CUST_00171,2025-07-20 09:00:16,Delivered,Credit Card,8.99,8.1,54.89
ORD_00708,CUST_00327,2025-07-20 10:18:12,Delivered,Credit Card,0.0,17.95,161.55
ORD_00709,CUST_00308,2025-07-20 17:30:30,Delivered,Credit Card,5.99,9.98,62.51
ORD_00710,CUST_00336,2025-07-20 21:31:20,Delivered,Credit Card,0.0,0.0,519.99
ORD_00711,CUST_00324,2025-07-20 22:09:26,Returned,Credit Card,4.99,10.0,500.99
ORD_00712,CUST_00258,2025-07-21 08:02:05,Returned,Credit Card,0.0,20.0,331.98
ORD_00713,CUST_00333,2025-07-21 09:23:44,Delivered,PayPal,0.0,0.0,231.0
ORD_00714,CUST_00282,2025-07-21 16:41:07,Delivered,Klarna / BNPL,0.0,0.0,517.47
ORD_00715,CUST_00234,2025-07-21 20:37:45,Delivered,Credit Card,0.0,0.0,455.99
ORD_00716,CUST_00268,2025-07-21 22:09:38,Delivered,Credit Card,0.0,12.6,71.38
ORD_00717,CUST_00303,2025-07-22 13:09:50,Delivered,Credit Card,0.0,0.0,694.49
ORD_00718,CUST_00270,2025-07-22 16:55:12,Delivered,Apple Pay,0.0,0.0,367.48
ORD_00719,CUST_00214,2025-07-22 17:10:40,Delivered,Klarna / BNPL,0.0,0.0,396.49
ORD_00720,CUST_00225,2025-07-23 10:23:08,Delivered,PayPal,0.0,0.0,1080.0
ORD_00721,CUST_00110,2025-07-23 13:28:46,Delivered,Credit Card,0.0,0.0,239.49
ORD_00722,CUST_00306,2025-07-23 20:22:17,Delivered,Apple Pay,0.0,0.0,1311.42
ORD_00723,CUST_00297,2025-07-23 22:17:10,Delivered,Credit Card,0.0,10.0,311.49
ORD_00724,CUST_00339,2025-07-24 11:33:53,Delivered,Credit Card,4.99,0.0,291.48
ORD_00725,CUST_00335,2025-07-24 15:06:36,Delivered,Credit Card,4.99,106.49,430.97
ORD_00726,CUST_00329,2025-07-24 16:14:56,Delivered,PayPal,0.0,62.32,353.18
ORD_00727,CUST_00164,2025-07-24 16:26:24,Delivered,PayPal,5.99,0.0,79.98
ORD_00728,CUST_00340,2025-07-24 22:02:45,Delivered,PayPal,0.0,0.0,173.99
ORD_00729,CUST_00344,2025-07-25 09:03:30,Delivered,Credit Card,0.0,20.0,297.47
ORD_00730,CUST_00121,2025-07-25 10:42:59,Returned,Credit Card,0.0,57.67,326.82
ORD_00731,CUST_00254,2025-07-25 14:10:45,Delivered,Credit Card,0.0,20.0,153.49
ORD_00732,CUST_00343,2025-07-25 15:18:04,Delivered,Klarna / BNPL,0.0,0.0,76.0
ORD_00733,CUST_00334,2025-07-25 22:00:52,Delivered,Apple Pay,0.0,10.0,181.0
ORD_00734,CUST_00308,2025-07-26 16:34:56,Delivered,Credit Card,4.99,0.0,685.47
ORD_00735,CUST_00313,2025-07-26 22:02:05,Delivered,PayPal,5.99,15.0,32.98
ORD_00736,CUST_00346,2025-07-27 10:43:17,Returned,Klarna / BNPL,8.99,0.0,50.98
ORD_00737,CUST_00027,2025-07-27 10:57:16,Cancelled,Credit Card,0.0,27.2,244.78
ORD_00738,CUST_00337,2025-07-27 15:08:02,Delivered,Credit Card,5.99,25.0,54.98
ORD_00739,CUST_00082,2025-07-28 15:06:53,Delivered,Credit Card,0.0,0.0,194.49
ORD_00740,CUST_00347,2025-07-28 18:04:00,Delivered,PayPal,0.0,0.0,113.5
ORD_00741,CUST_00247,2025-07-29 12:57:55,Delivered,PayPal,5.99,4.8,49.19
ORD_00742,CUST_00247,2025-07-29 13:09:59,Returned,Credit Card,0.0,0.0,167.98
ORD_00743,CUST_00286,2025-07-29 16:55:48,Delivered,PayPal,0.0,25.2,142.8
ORD_00744,CUST_00245,2025-07-29 21:38:39,Delivered,Credit Card,0.0,0.0,1080.94
ORD_00745,CUST_00145,2025-07-30 10:21:22,Delivered,Klarna / BNPL,0.0,0.0,458.48
ORD_00746,CUST_00105,2025-07-30 11:30:42,Delivered,Credit Card,0.0,0.0,172.99
ORD_00747,CUST_00322,2025-07-30 12:09:08,Delivered,Credit Card,0.0,25.0,432.44
ORD_00748,CUST_00287,2025-07-30 15:47:25,Delivered,Klarna / BNPL,4.99,0.0,566.99
ORD_00749,CUST_00338,2025-07-30 16:01:24,Returned,Credit Card,8.99,0.0,46.99
ORD_00750,CUST_00339,2025-07-30 19:01:59,Delivered,Credit Card,4.99,49.55,450.93
ORD_00751,CUST_00329,2025-07-31 09:14:25,Delivered,Credit Card,0.0,25.95,233.55
ORD_00752,CUST_00341,2025-07-31 14:20:05,Delivered,Credit Card,8.99,0.0,61.99
ORD_00753,CUST_00294,2025-07-31 21:52:06,Delivered,Credit Card,0.0,0.0,191.0
ORD_00754,CUST_00127,2025-08-01 15:58:10,Delivered,Credit Card,0.0,0.0,93.0
ORD_00755,CUST_00050,2025-08-02 12:45:12,Delivered,Credit Card,0.0,25.0,117.99
ORD_00756,CUST_00308,2025-08-02 16:42:25,Delivered,Credit Card,8.99,0.0,82.98
ORD_00757,CUST_00327,2025-08-02 16:49:28,Delivered,Klarna / BNPL,0.0,0.0,450.5
ORD_00758,CUST_00258,2025-08-03 11:00:07,Returned,Credit Card,0.0,0.0,1093.98
ORD_00759,CUST_00119,2025-08-03 11:13:02,Delivered,PayPal,4.99,0.0,940.98
ORD_00760,CUST_00262,2025-08-03 18:50:44,Delivered,Credit Card,0.0,0.0,157.49
ORD_00761,CUST_00287,2025-08-04 17:32:13,Delivered,Credit Card,5.99,9.67,60.82
ORD_00762,CUST_00303,2025-08-05 08:53:17,Delivered,Apple Pay,0.0,20.0,129.0
ORD_00763,CUST_00059,2025-08-05 21:36:26,Delivered,Credit Card,0.0,0.0,319.0
ORD_00764,CUST_00106,2025-08-06 09:43:26,Delivered,PayPal,4.99,0.0,280.99
ORD_00765,CUST_00354,2025-08-06 15:16:03,Delivered,PayPal,5.99,8.2,38.79
ORD_00766,CUST_00348,2025-08-06 15:53:53,Returned,PayPal,0.0,0.0,291.0
ORD_00767,CUST_00211,2025-08-07 08:57:10,Delivered,Klarna / BNPL,0.0,0.0,90.99
ORD_00768,CUST_00255,2025-08-07 10:23:28,Returned,Credit Card,0.0,28.85,259.65
ORD_00769,CUST_00247,2025-08-07 10:31:29,Delivered,Credit Card,0.0,17.02,96.48
ORD_00770,CUST_00357,2025-08-08 08:22:57,Delivered,PayPal,0.0,15.0,296.49
ORD_00771,CUST_00164,2025-08-08 10:18:13,Delivered,Klarna / BNPL,0.0,0.0,170.99
ORD_00772,CUST_00245,2025-08-08 11:26:14,Delivered,Credit Card,5.99,2.55,28.94
ORD_00773,CUST_00139,2025-08-08 11:35:49,Delivered,PayPal,0.0,10.0,941.99
ORD_00774,CUST_00247,2025-08-08 11:40:48,Delivered,PayPal,0.0,0.0,131.99
ORD_00775,CUST_00117,2025-08-08 19:56:50,Cancelled,PayPal,0.0,25.0,355.0
ORD_00776,CUST_00205,2025-08-09 09:21:13,Delivered,Apple Pay,0.0,0.0,230.0
ORD_00777,CUST_00214,2025-08-10 12:49:39,Delivered,Credit Card,0.0,31.35,177.64
ORD_00778,CUST_00034,2025-08-10 16:15:31,Delivered,Apple Pay,0.0,0.0,176.99
ORD_00779,CUST_00308,2025-08-10 18:00:36,Returned,Apple Pay,0.0,0.0,2318.48
ORD_00780,CUST_00078,2025-08-11 10:42:33,Delivered,Credit Card,0.0,0.0,394.0
ORD_00781,CUST_00270,2025-08-11 11:56:27,Delivered,Credit Card,0.0,0.0,169.5
ORD_00782,CUST_00339,2025-08-11 12:25:14,Returned,Credit Card,0.0,44.15,397.35
ORD_00783,CUST_00350,2025-08-11 13:12:16,Delivered,Credit Card,0.0,20.0,96.0
ORD_00784,CUST_00353,2025-08-11 15:35:10,Delivered,Credit Card,0.0,0.0,114.0
ORD_00785,CUST_00258,2025-08-12 12:32:57,Delivered,PayPal,0.0,0.0,368.0
ORD_00786,CUST_00008,2025-08-12 15:05:00,Delivered,Credit Card,0.0,0.0,733.0
ORD_00787,CUST_00327,2025-08-12 16:08:44,Delivered,PayPal,0.0,0.0,523.49
ORD_00788,CUST_00255,2025-08-12 20:24:00,Delivered,Credit Card,0.0,0.0,297.97
ORD_00789,CUST_00355,2025-08-13 10:51:14,Delivered,PayPal,0.0,0.0,114.0
ORD_00790,CUST_00283,2025-08-13 15:10:24,Delivered,Credit Card,0.0,111.52,631.94
ORD_00791,CUST_00121,2025-08-13 19:07:40,Returned,Credit Card,0.0,0.0,162.0
ORD_00792,CUST_00164,2025-08-13 20:40:05,Delivered,PayPal,8.99,0.0,73.99
ORD_00793,CUST_00078,2025-08-13 22:43:08,Delivered,Credit Card,0.0,17.7,159.29
ORD_00794,CUST_00339,2025-08-15 14:21:01,Delivered,Apple Pay,4.99,0.0,486.47
ORD_00795,CUST_00327,2025-08-15 19:42:53,Delivered,Credit Card,0.0,0.0,90.99
ORD_00796,CUST_00353,2025-08-15 20:38:14,Delivered,Apple Pay,4.99,0.0,277.47
ORD_00797,CUST_00214,2025-08-15 22:08:20,Delivered,Apple Pay,5.99,0.0,68.49
ORD_00798,CUST_00303,2025-08-16 10:19:22,Delivered,PayPal,0.0,0.0,113.5
ORD_00799,CUST_00358,2025-08-16 15:13:47,Delivered,PayPal,5.99,5.4,36.58
ORD_00800,CUST_00034,2025-08-16 19:13:24,Returned,PayPal,0.0,25.0,343.49
ORD_00801,CUST_00027,2025-08-16 20:12:40,Delivered,Klarna / BNPL,5.99,10.8,49.19
ORD_00802,CUST_00286,2025-08-16 21:36:54,Delivered,Apple Pay,0.0,0.0,284.49
ORD_00803,CUST_00244,2025-08-17 08:34:38,Delivered,Credit Card,0.0,0.0,436.5
ORD_00804,CUST_00255,2025-08-17 10:00:02,Delivered,PayPal,0.0,0.0,167.49
ORD_00805,CUST_00274,2025-08-17 11:49:41,Delivered,Klarna / BNPL,0.0,36.4,327.58
ORD_00806,CUST_00339,2025-08-17 11:56:00,Delivered,Credit Card,0.0,66.22,375.27
ORD_00807,CUST_00164,2025-08-17 15:05:15,Cancelled,PayPal,0.0,20.0,130.0
ORD_00808,CUST_00345,2025-08-17 15:59:52,Delivered,Credit Card,0.0,0.0,273.99
ORD_00809,CUST_00060,2025-08-17 21:34:08,Delivered,Credit Card,0.0,40.1,160.4
ORD_00810,CUST_00345,2025-08-18 08:56:23,Returned,PayPal,0.0,141.3,565.2
ORD_00811,CUST_00254,2025-08-18 11:50:07,Delivered,Credit Card,0.0,0.0,79.0
ORD_00812,CUST_00078,2025-08-18 17:45:23,Delivered,Credit Card,4.99,25.0,104.99
ORD_00813,CUST_00303,2025-08-19 10:46:22,Returned,Klarna / BNPL,0.0,0.0,181.5
ORD_00814,CUST_00361,2025-08-19 12:44:02,Delivered,Credit Card,0.0,0.0,378.49
ORD_00815,CUST_00342,2025-08-19 16:10:23,Returned,Klarna / BNPL,0.0,0.0,179.5
ORD_00816,CUST_00286,2025-08-19 19:25:17,Delivered,Credit Card,0.0,53.29,213.18
ORD_00817,CUST_00352,2025-08-19 20:58:29,Cancelled,Apple Pay,0.0,0.0,537.5
ORD_00818,CUST_00324,2025-08-20 08:18:31,Delivered,PayPal,0.0,82.3,329.18
ORD_00819,CUST_00078,2025-08-20 19:38:31,Delivered,Credit Card,0.0,0.0,114.0
ORD_00820,CUST_00353,2025-08-21 16:25:27,Delivered,Klarna / BNPL,0.0,68.6,274.4
ORD_00821,CUST_00314,2025-08-22 10:39:52,Returned,PayPal,0.0,10.0,106.0
ORD_00822,CUST_00324,2025-08-22 16:15:03,Delivered,Apple Pay,0.0,26.92,152.57
ORD_00823,CUST_00339,2025-08-23 08:58:04,Delivered,PayPal,0.0,0.0,203.5
ORD_00824,CUST_00297,2025-08-23 11:44:38,Delivered,Apple Pay,0.0,0.0,508.0
ORD_00825,CUST_00327,2025-08-23 14:21:39,Delivered,Credit Card,0.0,20.0,286.0
ORD_00826,CUST_00246,2025-08-24 16:40:59,Delivered,Credit Card,0.0,39.6,158.4
ORD_00827,CUST_00258,2025-08-24 17:01:19,Delivered,Apple Pay,5.99,3.82,27.67
ORD_00828,CUST_00303,2025-08-25 13:20:24,Delivered,PayPal,0.0,25.0,329.0
ORD_00829,CUST_00329,2025-08-25 13:35:13,Delivered,Credit Card,0.0,25.0,187.5
ORD_00830,CUST_00110,2025-08-25 14:43:43,Returned,Credit Card,0.0,20.0,235.5
ORD_00831,CUST_00106,2025-08-25 14:48:29,Delivered,Credit Card,0.0,0.0,523.0
ORD_00832,CUST_00356,2025-08-25 16:09:48,Delivered,Credit Card,0.0,0.0,1296.46
ORD_00833,CUST_00313,2025-08-25 16:25:16,Delivered,Credit Card,0.0,0.0,603.0
ORD_00834,CUST_00303,2025-08-25 19:01:25,Delivered,Credit Card,0.0,0.0,359.49
ORD_00835,CUST_00270,2025-08-25 19:05:13,Delivered,PayPal,4.99,0.0,135.49
ORD_00836,CUST_00339,2025-08-25 22:15:40,Delivered,PayPal,0.0,0.0,346.0
ORD_00837,CUST_00171,2025-08-26 15:34:22,Delivered,PayPal,0.0,23.7,134.3
ORD_00838,CUST_00314,2025-08-26 15:43:28,Delivered,Apple Pay,0.0,0.0,249.5
ORD_00839,CUST_00359,2025-08-26 15:59:19,Delivered,Credit Card,0.0,15.0,390.5
ORD_00840,CUST_00364,2025-08-27 10:12:08,Delivered,PayPal,0.0,0.0,274.99
ORD_00841,CUST_00362,2025-08-27 10:35:57,Delivered,PayPal,4.99,0.0,118.99
ORD_00842,CUST_00078,2025-08-27 10:42:58,Delivered,Credit Card,0.0,37.65,338.85
ORD_00843,CUST_00339,2025-08-27 15:13:54,Delivered,Credit Card,0.0,61.9,247.6
ORD_00844,CUST_00105,2025-08-27 20:11:19,Delivered,Apple Pay,0.0,0.0,100.5
ORD_00845,CUST_00270,2025-08-27 22:34:36,Delivered,PayPal,0.0,0.0,127.5
ORD_00846,CUST_00366,2025-08-28 15:37:54,Delivered,Apple Pay,0.0,25.0,278.98
ORD_00847,CUST_00339,2025-08-28 21:29:39,Delivered,Credit Card,0.0,0.0,98.99
ORD_00848,CUST_00214,2025-08-29 22:27:52,Delivered,Apple Pay,0.0,0.0,504.48
ORD_00849,CUST_00363,2025-08-29 22:46:33,Delivered,Klarna / BNPL,0.0,20.0,333.0
ORD_00850,CUST_00258,2025-08-29 22:47:53,Delivered,Apple Pay,0.0,20.0,103.0
ORD_00851,CUST_00297,2025-08-30 10:02:29,Delivered,PayPal,0.0,0.0,235.0
ORD_00852,CUST_00306,2025-08-30 12:35:18,Delivered,Apple Pay,0.0,14.85,84.14
ORD_00853,CUST_00339,2025-08-31 09:49:35,Delivered,Credit Card,0.0,91.9,367.6
ORD_00854,CUST_00356,2025-08-31 10:17:15,Delivered,Credit Card,0.0,55.8,316.19
ORD_00855,CUST_00364,2025-08-31 15:34:41,Delivered,Credit Card,0.0,0.0,101.99
ORD_00856,CUST_00258,2025-09-01 10:13:17,Delivered,Klarna / BNPL,0.0,0.0,235.0
ORD_00857,CUST_00198,2025-09-01 11:16:45,Delivered,Apple Pay,0.0,0.0,397.47
ORD_00858,CUST_00327,2025-09-01 16:19:39,Delivered,Credit Card,0.0,0.0,226.5
ORD_00859,CUST_00283,2025-09-01 17:46:20,Returned,PayPal,0.0,20.0,232.49
ORD_00860,CUST_00164,2025-09-01 21:59:39,Delivered,Credit Card,0.0,23.2,92.8
ORD_00861,CUST_00050,2025-09-02 09:23:23,Delivered,Credit Card,0.0,0.0,615.0
ORD_00862,CUST_00329,2025-09-02 10:39:22,Delivered,Klarna / BNPL,8.99,7.8,40.18
ORD_00863,CUST_00327,2025-09-02 15:55:20,Delivered,Credit Card,5.99,0.0,74.49
ORD_00864,CUST_00368,2025-09-02 16:26:17,Cancelled,Apple Pay,0.0,0.0,306.0
ORD_00865,CUST_00247,2025-09-02 17:05:33,Delivered,PayPal,0.0,0.0,100.5
ORD_00866,CUST_00365,2025-09-03 09:50:12,Delivered,PayPal,0.0,0.0,272.97
ORD_00867,CUST_00347,2025-09-04 21:31:20,Delivered,PayPal,0.0,49.09,196.38
ORD_00868,CUST_00247,2025-09-05 09:30:49,Delivered,Apple Pay,0.0,25.0,333.0
ORD_00869,CUST_00270,2025-09-05 11:53:13,Delivered,Apple Pay,0.0,10.0,682.95
ORD_00870,CUST_00345,2025-09-05 13:39:13,Delivered,Credit Card,0.0,51.15,460.35
ORD_00871,CUST_00294,2025-09-05 18:53:30,Delivered,Credit Card,0.0,10.0,505.0
ORD_00872,CUST_00366,2025-09-05 22:23:25,Delivered,Credit Card,0.0,12.1,108.89
ORD_00873,CUST_00370,2025-09-06 08:05:20,Delivered,Credit Card,0.0,20.0,312.5
ORD_00874,CUST_00314,2025-09-06 10:32:02,Returned,Apple Pay,0.0,10.0,178.48
ORD_00875,CUST_00306,2025-09-06 13:57:18,Delivered,PayPal,4.99,0.0,171.99
ORD_00876,CUST_00297,2025-09-07 08:16:35,Delivered,Credit Card,0.0,54.9,311.1
ORD_00877,CUST_00161,2025-09-07 13:55:04,Delivered,Credit Card,0.0,0.0,505.49
ORD_00878,CUST_00297,2025-09-07 16:20:50,Cancelled,Credit Card,5.99,0.0,50.98
ORD_00879,CUST_00091,2025-09-09 11:48:28,Delivered,Klarna / BNPL,4.99,0.0,511.47
ORD_00880,CUST_00198,2025-09-09 21:36:21,Delivered,Credit Card,0.0,0.0,158.48
ORD_00881,CUST_00258,2025-09-10 08:43:36,Delivered,Credit Card,0.0,59.1,334.9
ORD_00882,CUST_00351,2025-09-10 12:18:00,Delivered,Credit Card,4.99,0.0,370.99
ORD_00883,CUST_00283,2025-09-11 18:57:48,Delivered,PayPal,0.0,10.0,119.0
ORD_00884,CUST_00117,2025-09-11 21:26:12,Delivered,Credit Card,0.0,0.0,233.0
ORD_00885,CUST_00270,2025-09-12 10:30:35,Delivered,Credit Card,0.0,113.24,641.72
ORD_00886,CUST_00294,2025-09-12 17:24:57,Delivered,Credit Card,0.0,0.0,87.0
ORD_00887,CUST_00373,2025-09-12 17:54:58,Delivered,Apple Pay,4.99,0.0,358.97
ORD_00888,CUST_00160,2025-09-13 09:38:52,Delivered,Apple Pay,0.0,0.0,296.97
ORD_00889,CUST_00364,2025-09-13 12:05:03,Returned,Credit Card,0.0,0.0,100.5
ORD_00890,CUST_00345,2025-09-14 19:54:12,Delivered,PayPal,5.99,9.8,20.69
ORD_00891,CUST_00369,2025-09-15 12:31:21,Delivered,PayPal,0.0,0.0,256.5
ORD_00892,CUST_00268,2025-09-15 12:45:30,Delivered,Credit Card,0.0,41.2,164.78
ORD_00893,CUST_00270,2025-09-15 18:14:43,Delivered,PayPal,4.99,10.3,97.69
ORD_00894,CUST_00322,2025-09-15 18:20:22,Delivered,Credit Card,0.0,0.0,1249.0
ORD_00895,CUST_00360,2025-09-15 21:13:29,Delivered,PayPal,4.99,0.0,495.96
ORD_00896,CUST_00329,2025-09-15 22:39:18,Returned,Credit Card,0.0,0.0,423.47
ORD_00897,CUST_00164,2025-09-16 18:27:22,Delivered,Apple Pay,5.99,0.0,70.99
ORD_00898,CUST_00308,2025-09-16 22:20:47,Delivered,PayPal,4.99,0.0,332.49
ORD_00899,CUST_00274,2025-09-17 19:46:24,Delivered,PayPal,0.0,64.8,367.2
ORD_00900,CUST_00243,2025-09-17 22:03:30,Delivered,PayPal,0.0,13.15,118.35
ORD_00901,CUST_00377,2025-09-18 08:26:06,Delivered,PayPal,4.99,0.0,301.96
ORD_00902,CUST_00376,2025-09-19 11:17:11,Delivered,Klarna / BNPL,0.0,51.5,463.47
ORD_00903,CUST_00107,2025-09-19 18:03:22,Delivered,Credit Card,0.0,0.0,116.0
ORD_00904,CUST_00103,2025-09-20 08:53:40,Delivered,Klarna / BNPL,0.0,0.0,245.5
ORD_00905,CUST_00234,2025-09-22 10:58:43,Returned,Credit Card,5.99,0.0,43.99
ORD_00906,CUST_00306,2025-09-22 14:35:00,Delivered,Credit Card,0.0,0.0,177.99
ORD_00907,CUST_00375,2025-09-22 19:58:00,Delivered,Credit Card,0.0,68.2,613.76
ORD_00908,CUST_00279,2025-09-23 08:24:33,Delivered,Credit Card,0.0,45.3,181.2
ORD_00909,CUST_00103,2025-09-23 11:09:06,Delivered,Klarna / BNPL,0.0,25.0,108.0
ORD_00910,CUST_00374,2025-09-23 11:14:47,Delivered,Credit Card,8.99,4.5,49.48
ORD_00911,CUST_00258,2025-09-23 18:53:49,Delivered,Credit Card,4.99,0.0,408.99
ORD_00912,CUST_00110,2025-09-24 12:30:09,Delivered,PayPal,0.0,0.0,101.99
ORD_00913,CUST_00179,2025-09-24 17:22:26,Delivered,PayPal,0.0,37.15,334.35
ORD_00914,CUST_00324,2025-09-24 19:35:21,Delivered,Apple Pay,5.99,0.0,58.99
ORD_00915,CUST_00008,2025-09-25 13:23:46,Delivered,PayPal,0.0,15.0,218.98
ORD_00916,CUST_00279,2025-09-26 17:06:37,Delivered,PayPal,4.99,0.0,107.99
ORD_00917,CUST_00379,2025-09-26 18:10:14,Delivered,Klarna / BNPL,0.0,31.88,180.62
ORD_00918,CUST_00356,2025-09-27 14:16:17,Delivered,Credit Card,0.0,36.3,205.67
ORD_00919,CUST_00198,2025-09-28 11:05:02,Delivered,Credit Card,0.0,0.0,496.98
ORD_00920,CUST_00382,2025-09-28 17:42:36,Delivered,PayPal,0.0,0.0,316.96
ORD_00921,CUST_00205,2025-09-28 19:29:43,Delivered,Klarna / BNPL,0.0,0.0,156.49
ORD_00922,CUST_00377,2025-09-28 20:27:41,Delivered,PayPal,0.0,23.55,211.95
ORD_00923,CUST_00276,2025-09-29 08:43:39,Returned,Apple Pay,0.0,0.0,133.0
ORD_00924,CUST_00383,2025-09-29 21:39:29,Delivered,Credit Card,0.0,138.79,555.18
ORD_00925,CUST_00381,2025-09-30 19:31:08,Cancelled,Credit Card,0.0,47.05,423.45
ORD_00926,CUST_00381,2025-10-01 08:52:11,Returned,Klarna / BNPL,0.0,28.8,259.18
ORD_00927,CUST_00188,2025-10-01 15:28:16,Delivered,Credit Card,4.99,65.5,266.98
ORD_00928,CUST_00378,2025-10-01 19:05:07,Returned,PayPal,0.0,0.0,829.0
ORD_00929,CUST_00262,2025-10-01 19:37:49,Delivered,Credit Card,0.0,13.8,124.2
ORD_00930,CUST_00268,2025-10-01 22:10:39,Delivered,Credit Card,0.0,50.4,285.59
ORD_00931,CUST_00349,2025-10-02 08:35:46,Delivered,Credit Card,0.0,33.4,133.6
ORD_00932,CUST_00279,2025-10-02 10:10:35,Delivered,PayPal,0.0,60.07,340.41
ORD_00933,CUST_00171,2025-10-02 11:29:07,Delivered,Apple Pay,0.0,0.0,176.98
ORD_00934,CUST_00371,2025-10-02 16:59:30,Delivered,Apple Pay,0.0,10.0,166.99
ORD_00935,CUST_00225,2025-10-02 19:36:11,Returned,Klarna / BNPL,5.99,10.0,48.99
ORD_00936,CUST_00385,2025-10-02 22:14:10,Delivered,Credit Card,0.0,88.28,500.22
ORD_00937,CUST_00225,2025-10-03 14:35:01,Delivered,Credit Card,0.0,0.0,141.0
ORD_00938,CUST_00342,2025-10-03 17:30:39,Delivered,Credit Card,0.0,33.6,134.4
ORD_00939,CUST_00356,2025-10-03 17:51:50,Delivered,Credit Card,0.0,13.0,117.0
ORD_00940,CUST_00050,2025-10-03 19:01:24,Delivered,Credit Card,0.0,0.0,871.97
ORD_00941,CUST_00394,2025-10-03 19:48:30,Delivered,Apple Pay,0.0,0.0,597.98
ORD_00942,CUST_00230,2025-10-04 18:13:58,Delivered,PayPal,4.99,0.0,991.99
ORD_00943,CUST_00393,2025-10-04 22:29:43,Delivered,Credit Card,0.0,25.0,595.97
ORD_00944,CUST_00286,2025-10-05 09:09:57,Delivered,Credit Card,0.0,0.0,382.0
ORD_00945,CUST_00294,2025-10-05 15:36:16,Delivered,Credit Card,0.0,0.0,518.49
ORD_00946,CUST_00349,2025-10-05 17:59:13,Delivered,Klarna / BNPL,5.99,0.0,53.99
ORD_00947,CUST_00388,2025-10-06 16:40:06,Delivered,PayPal,0.0,0.0,657.5
ORD_00948,CUST_00397,2025-10-06 21:20:45,Delivered,Credit Card,0.0,0.0,103.98
ORD_00949,CUST_00395,2025-10-07 09:10:46,Delivered,Credit Card,0.0,15.8,63.2
ORD_00950,CUST_00023,2025-10-07 13:19:46,Delivered,Credit Card,0.0,0.0,239.0
ORD_00951,CUST_00119,2025-10-07 13:54:55,Delivered,PayPal,0.0,0.0,323.49
ORD_00952,CUST_00387,2025-10-07 16:08:19,Returned,PayPal,0.0,28.69,258.25
ORD_00953,CUST_00198,2025-10-08 10:54:35,Delivered,Klarna / BNPL,0.0,35.9,143.6
ORD_00954,CUST_00005,2025-10-08 11:37:36,Delivered,Credit Card,0.0,108.15,612.84
ORD_00955,CUST_00247,2025-10-08 12:38:56,Delivered,Credit Card,0.0,15.7,62.8
ORD_00956,CUST_00127,2025-10-08 13:50:42,Delivered,Credit Card,0.0,0.0,648.49
ORD_00957,CUST_00308,2025-10-08 19:43:12,Delivered,Credit Card,0.0,0.0,83.5
ORD_00958,CUST_00403,2025-10-08 21:50:49,Delivered,Klarna / BNPL,0.0,0.0,627.98
ORD_00959,CUST_00268,2025-10-09 12:11:29,Delivered,Klarna / BNPL,0.0,0.0,459.0
ORD_00960,CUST_00313,2025-10-09 17:17:15,Delivered,Credit Card,0.0,0.0,120.5
ORD_00961,CUST_00366,2025-10-10 09:22:52,Delivered,Klarna / BNPL,0.0,0.0,282.98
ORD_00962,CUST_00353,2025-10-10 16:49:09,Delivered,Credit Card,0.0,28.0,252.0
ORD_00963,CUST_00400,2025-10-10 19:24:19,Delivered,PayPal,0.0,85.6,342.38
ORD_00964,CUST_00198,2025-10-11 13:44:56,Delivered,Credit Card,0.0,0.0,322.0
ORD_00965,CUST_00364,2025-10-11 15:33:27,Returned,Credit Card,0.0,39.0,221.0
ORD_00966,CUST_00366,2025-10-11 16:50:18,Delivered,Credit Card,0.0,0.0,623.5
ORD_00967,CUST_00384,2025-10-12 08:46:25,Delivered,PayPal,4.99,20.0,83.98
ORD_00968,CUST_00222,2025-10-12 10:39:50,Delivered,Apple Pay,0.0,146.47,830.0
ORD_00969,CUST_00386,2025-10-12 12:18:38,Delivered,Klarna / BNPL,0.0,125.9,1133.07
ORD_00970,CUST_00326,2025-10-12 14:25:47,Delivered,Credit Card,0.0,51.1,204.4
ORD_00971,CUST_00367,2025-10-12 14:29:41,Delivered,Apple Pay,4.99,90.7,821.25
ORD_00972,CUST_00396,2025-10-12 14:56:59,Delivered,Credit Card,0.0,0.0,654.98
ORD_00973,CUST_00366,2025-10-12 16:38:15,Delivered,Credit Card,0.0,0.0,348.48
ORD_00974,CUST_00210,2025-10-12 18:23:40,Delivered,Klarna / BNPL,0.0,0.0,154.99
ORD_00975,CUST_00198,2025-10-13 13:40:57,Delivered,Credit Card,5.99,7.8,37.18
ORD_00976,CUST_00366,2025-10-13 14:18:04,Cancelled,Credit Card,0.0,0.0,221.99
ORD_00977,CUST_00391,2025-10-13 16:47:25,Delivered,Apple Pay,0.0,25.0,266.99
ORD_00978,CUST_00143,2025-10-14 12:03:58,Delivered,PayPal,0.0,10.0,207.99
ORD_00979,CUST_00399,2025-10-14 12:36:48,Delivered,Credit Card,0.0,58.8,333.19
ORD_00980,CUST_00258,2025-10-14 17:23:13,Cancelled,Apple Pay,0.0,0.0,731.48
ORD_00981,CUST_00349,2025-10-14 21:27:25,Delivered,Credit Card,0.0,0.0,255.97
ORD_00982,CUST_00214,2025-10-15 10:07:26,Delivered,Credit Card,0.0,161.6,646.39
ORD_00983,CUST_00222,2025-10-15 10:34:57,Delivered,PayPal,0.0,22.95,130.05
ORD_00984,CUST_00399,2025-10-15 11:47:54,Returned,Credit Card,0.0,0.0,667.97
ORD_00985,CUST_00339,2025-10-15 13:19:41,Returned,Credit Card,0.0,15.0,411.5
ORD_00986,CUST_00390,2025-10-15 15:25:06,Returned,Credit Card,0.0,0.0,485.97
ORD_00987,CUST_00401,2025-10-15 16:58:19,Delivered,Credit Card,0.0,20.0,347.48
ORD_00988,CUST_00110,2025-10-15 19:32:26,Delivered,Apple Pay,0.0,0.0,359.0
ORD_00989,CUST_00188,2025-10-15 22:24:36,Delivered,Credit Card,0.0,46.0,183.98
ORD_00990,CUST_00153,2025-10-15 22:48:47,Delivered,Apple Pay,4.99,40.87,236.61
ORD_00991,CUST_00392,2025-10-16 17:11:08,Delivered,Apple Pay,0.0,117.3,469.2
ORD_00992,CUST_00377,2025-10-17 16:40:54,Delivered,Apple Pay,0.0,0.0,684.99
ORD_00993,CUST_00245,2025-10-17 16:54:16,Delivered,PayPal,0.0,0.0,198.0
ORD_00994,CUST_00308,2025-10-17 20:25:35,Delivered,Apple Pay,0.0,0.0,353.99
ORD_00995,CUST_00050,2025-10-18 13:19:10,Delivered,PayPal,0.0,0.0,305.98
ORD_00996,CUST_00247,2025-10-18 13:49:10,Returned,PayPal,0.0,0.0,335.47
ORD_00997,CUST_00398,2025-10-18 20:38:28,Delivered,Apple Pay,0.0,0.0,284.99
ORD_00998,CUST_00187,2025-10-19 13:22:07,Delivered,Klarna / BNPL,0.0,0.0,158.99
ORD_00999,CUST_00383,2025-10-19 18:12:51,Delivered,PayPal,0.0,15.0,232.49
ORD_01000,CUST_00179,2025-10-19 19:35:25,Delivered,Credit Card,0.0,15.0,141.0
ORD_01001,CUST_00339,2025-10-20 11:21:24,Delivered,Credit Card,0.0,60.22,341.27
ORD_01002,CUST_00247,2025-10-20 13:17:03,Delivered,Credit Card,0.0,20.55,116.45
ORD_01003,CUST_00188,2025-10-20 18:55:16,Delivered,Credit Card,5.99,0.0,74.49
ORD_01004,CUST_00214,2025-10-21 08:55:28,Delivered,Apple Pay,0.0,29.9,119.58
ORD_01005,CUST_00410,2025-10-21 10:44:05,Delivered,Credit Card,0.0,29.8,268.18
ORD_01006,CUST_00414,2025-10-21 11:01:25,Delivered,Credit Card,0.0,19.1,171.9
ORD_01007,CUST_00298,2025-10-21 11:03:22,Delivered,Apple Pay,4.99,15.0,430.48
ORD_01008,CUST_00188,2025-10-22 15:44:01,Delivered,Credit Card,0.0,221.4,885.59
ORD_01009,CUST_00402,2025-10-22 18:54:36,Delivered,Credit Card,0.0,0.0,230.5
ORD_01010,CUST_00356,2025-10-22 20:35:06,Delivered,Credit Card,0.0,0.0,868.98
ORD_01011,CUST_00262,2025-10-22 22:02:50,Delivered,Klarna / BNPL,0.0,20.0,512.5
ORD_01012,CUST_00412,2025-10-23 11:03:35,Delivered,Credit Card,5.99,8.85,56.13
ORD_01013,CUST_00405,2025-10-23 13:58:33,Delivered,Apple Pay,5.99,0.0,43.99
ORD_01014,CUST_00237,2025-10-23 19:38:47,Delivered,Klarna / BNPL,0.0,15.45,139.05
ORD_01015,CUST_00262,2025-10-23 20:06:57,Delivered,Credit Card,0.0,25.2,142.79
ORD_01016,CUST_00404,2025-10-23 20:10:04,Delivered,Credit Card,0.0,20.0,281.0
ORD_01017,CUST_00398,2025-10-24 09:38:24,Delivered,Credit Card,4.99,51.67,297.81
ORD_01018,CUST_00408,2025-10-24 22:43:54,Delivered,PayPal,0.0,0.0,1692.99
ORD_01019,CUST_00409,2025-10-25 12:18:35,Returned,Credit Card,0.0,61.4,245.58
ORD_01020,CUST_00247,2025-10-25 13:56:53,Delivered,PayPal,4.99,34.0,140.99
ORD_01021,CUST_00411,2025-10-25 15:44:28,Returned,Credit Card,4.99,37.4,154.59
ORD_01022,CUST_00247,2025-10-25 19:44:58,Delivered,Credit Card,0.0,25.0,444.96
ORD_01023,CUST_00050,2025-10-26 08:53:03,Delivered,Credit Card,4.99,0.0,213.98
ORD_01024,CUST_00367,2025-10-26 10:16:07,Delivered,Klarna / BNPL,0.0,0.0,446.99
ORD_01025,CUST_00398,2025-10-26 19:10:15,Delivered,Credit Card,0.0,0.0,208.99
ORD_01026,CUST_00308,2025-10-26 20:11:45,Delivered,Credit Card,0.0,0.0,131.99
ORD_01027,CUST_00372,2025-10-26 22:56:08,Delivered,Apple Pay,0.0,23.7,213.29
ORD_01028,CUST_00409,2025-10-27 14:19:18,Returned,Credit Card,0.0,0.0,103.0
ORD_01029,CUST_00326,2025-10-27 15:56:52,Delivered,Credit Card,0.0,0.0,710.98
ORD_01030,CUST_00416,2025-10-27 16:01:00,Delivered,Credit Card,4.99,0.0,828.48
ORD_01031,CUST_00117,2025-10-27 18:06:06,Returned,Credit Card,0.0,0.0,250.5
ORD_01032,CUST_00351,2025-10-27 22:44:11,Returned,Credit Card,0.0,0.0,109.49
ORD_01033,CUST_00259,2025-10-28 09:32:13,Returned,Credit Card,0.0,23.6,212.4
ORD_01034,CUST_00326,2025-10-28 09:45:12,Delivered,Credit Card,0.0,10.5,94.49
ORD_01035,CUST_00349,2025-10-28 12:05:08,Delivered,Credit Card,0.0,97.1,873.9
ORD_01036,CUST_00395,2025-10-28 12:25:51,Delivered,PayPal,5.99,6.45,64.04
ORD_01037,CUST_00366,2025-10-29 08:48:14,Returned,Credit Card,0.0,0.0,436.99
ORD_01038,CUST_00418,2025-10-29 09:51:56,Returned,Credit Card,0.0,0.0,548.91
ORD_01039,CUST_00025,2025-10-29 13:23:43,Delivered,Credit Card,0.0,0.0,154.5
ORD_01040,CUST_00386,2025-10-29 19:13:15,Delivered,Klarna / BNPL,0.0,0.0,83.5
ORD_01041,CUST_00407,2025-10-29 20:07:44,Delivered,Credit Card,0.0,94.05,532.92
ORD_01042,CUST_00313,2025-10-29 21:25:24,Delivered,PayPal,0.0,0.0,296.49
ORD_01043,CUST_00371,2025-10-30 14:30:29,Delivered,Credit Card,0.0,0.0,83.5
ORD_01044,CUST_00078,2025-10-30 18:11:08,Delivered,PayPal,5.99,0.0,46.99
ORD_01045,CUST_00410,2025-10-30 21:01:40,Returned,Apple Pay,0.0,0.0,356.5
ORD_01046,CUST_00247,2025-10-30 22:06:53,Delivered,Credit Card,0.0,0.0,512.0
ORD_01047,CUST_00188,2025-10-31 08:27:42,Returned,Credit Card,0.0,25.0,548.48
ORD_01048,CUST_00417,2025-10-31 11:00:35,Delivered,Credit Card,0.0,15.0,522.49
ORD_01049,CUST_00339,2025-10-31 13:49:27,Delivered,Klarna / BNPL,5.99,0.0,70.99
ORD_01050,CUST_00377,2025-10-31 14:27:20,Delivered,Apple Pay,0.0,0.0,84.99
ORD_01051,CUST_00164,2025-10-31 17:35:49,Delivered,PayPal,0.0,0.0,131.99
ORD_01052,CUST_00413,2025-10-31 18:29:19,Delivered,PayPal,4.99,15.6,67.37
ORD_01053,CUST_00371,2025-10-31 20:53:28,Delivered,Credit Card,4.99,0.0,167.98
ORD_01054,CUST_00415,2025-11-02 17:12:45,Delivered,Credit Card,8.99,7.95,54.04
ORD_01055,CUST_00244,2025-11-02 18:20:40,Delivered,Credit Card,0.0,64.75,582.72
ORD_01056,CUST_00412,2025-11-02 21:11:31,Delivered,Credit Card,0.0,45.1,405.88
ORD_01057,CUST_00234,2025-11-02 21:51:00,Delivered,Credit Card,0.0,0.0,227.5
ORD_01058,CUST_00258,2025-11-02 22:00:26,Returned,PayPal,0.0,0.0,153.98
ORD_01059,CUST_00412,2025-11-03 13:21:14,Delivered,Credit Card,0.0,25.0,411.0
ORD_01060,CUST_00389,2025-11-03 19:11:30,Delivered,Credit Card,0.0,0.0,208.99
ORD_01061,CUST_00110,2025-11-03 19:35:16,Delivered,PayPal,0.0,0.0,871.48
ORD_01062,CUST_00308,2025-11-03 19:56:43,Delivered,PayPal,0.0,0.0,379.47
ORD_01063,CUST_00366,2025-11-03 20:50:21,Delivered,Apple Pay,0.0,20.1,180.89
ORD_01064,CUST_00383,2025-11-03 21:16:25,Cancelled,Credit Card,0.0,10.0,429.49
ORD_01065,CUST_00419,2025-11-04 21:32:39,Delivered,Credit Card,0.0,0.0,170.0
ORD_01066,CUST_00412,2025-11-05 10:56:47,Returned,PayPal,0.0,15.0,68.5
ORD_01067,CUST_00326,2025-11-05 11:34:45,Delivered,Apple Pay,0.0,25.0,417.5
ORD_01068,CUST_00119,2025-11-05 16:47:04,Delivered,Credit Card,8.99,20.0,53.49
ORD_01069,CUST_00371,2025-11-05 22:20:51,Returned,Apple Pay,0.0,0.0,580.0
ORD_01070,CUST_00423,2025-11-06 18:15:51,Delivered,PayPal,5.99,15.0,59.49
ORD_01071,CUST_00367,2025-11-06 20:01:33,Delivered,Credit Card,0.0,0.0,100.5
ORD_01072,CUST_00306,2025-11-06 21:00:41,Delivered,Klarna / BNPL,5.99,7.8,50.19
ORD_01073,CUST_00139,2025-11-07 08:27:07,Delivered,Credit Card,0.0,0.0,105.49
ORD_01074,CUST_00406,2025-11-07 09:05:26,Delivered,Credit Card,0.0,30.3,171.7
ORD_01075,CUST_00298,2025-11-07 11:00:44,Delivered,Credit Card,0.0,0.0,97.0
ORD_01076,CUST_00085,2025-11-07 17:23:18,Delivered,Klarna / BNPL,0.0,19.05,107.94
ORD_01077,CUST_00088,2025-11-07 19:30:59,Delivered,Credit Card,0.0,75.8,303.2
ORD_01078,CUST_00294,2025-11-07 20:02:25,Delivered,Credit Card,0.0,0.0,121.5
ORD_01079,CUST_00314,2025-11-08 08:01:01,Delivered,PayPal,5.99,18.0,32.98
ORD_01080,CUST_00110,2025-11-08 08:40:30,Delivered,Credit Card,0.0,0.0,302.0
ORD_01081,CUST_00364,2025-11-08 12:09:07,Delivered,PayPal,5.99,7.2,46.79
ORD_01082,CUST_00314,2025-11-08 12:19:36,Delivered,Apple Pay,0.0,0.0,228.0
ORD_01083,CUST_00353,2025-11-08 14:12:17,Returned,Credit Card,0.0,51.75,293.24
ORD_01084,CUST_00421,2025-11-08 18:25:22,Delivered,PayPal,4.99,28.2,117.79
ORD_01085,CUST_00410,2025-11-08 21:59:57,Delivered,Credit Card,0.0,0.0,480.98
ORD_01086,CUST_00322,2025-11-09 08:59:52,Delivered,PayPal,4.99,0.0,216.98
ORD_01087,CUST_00279,2025-11-09 12:05:04,Delivered,PayPal,0.0,0.0,417.98
ORD_01088,CUST_00419,2025-11-09 13:21:23,Delivered,Credit Card,0.0,35.9,143.6
ORD_01089,CUST_00425,2025-11-09 21:22:49,Delivered,Credit Card,5.99,0.0,79.49
ORD_01090,CUST_00398,2025-11-10 08:19:56,Delivered,Credit Card,0.0,0.0,136.5
ORD_01091,CUST_00366,2025-11-10 17:30:44,Delivered,Apple Pay,5.99,0.0,57.99
ORD_01092,CUST_00244,2025-11-10 21:58:05,Delivered,Klarna / BNPL,0.0,0.0,217.5
ORD_01093,CUST_00339,2025-11-11 11:38:23,Delivered,Apple Pay,0.0,0.0,313.0
ORD_01094,CUST_00427,2025-11-11 15:56:47,Returned,Credit Card,0.0,25.0,475.98
ORD_01095,CUST_00426,2025-11-12 08:16:12,Delivered,Credit Card,0.0,20.0,258.48
ORD_01096,CUST_00367,2025-11-12 12:16:34,Delivered,PayPal,0.0,10.0,296.0
ORD_01097,CUST_00420,2025-11-12 12:48:22,Delivered,Apple Pay,0.0,23.7,134.3
ORD_01098,CUST_00110,2025-11-12 13:48:54,Delivered,Credit Card,0.0,10.0,330.0
ORD_01099,CUST_00153,2025-11-12 13:53:24,Delivered,Apple Pay,0.0,0.0,230.98
ORD_01100,CUST_00169,2025-11-12 14:20:41,Delivered,Apple Pay,4.99,0.0,254.98
ORD_01101,CUST_00203,2025-11-12 17:41:24,Returned,Klarna / BNPL,0.0,121.05,685.94
ORD_01102,CUST_00424,2025-11-12 21:34:38,Delivered,PayPal,0.0,0.0,139.5
ORD_01103,CUST_00339,2025-11-13 09:12:14,Delivered,Credit Card,4.99,20.05,185.44
ORD_01104,CUST_00326,2025-11-13 11:29:00,Delivered,Credit Card,0.0,15.0,470.99
ORD_01105,CUST_00171,2025-11-13 20:00:04,Delivered,Klarna / BNPL,0.0,0.0,212.49
ORD_01106,CUST_00389,2025-11-13 20:38:11,Delivered,Credit Card,4.99,0.0,628.49
ORD_01107,CUST_00054,2025-11-13 22:51:34,Delivered,PayPal,0.0,0.0,276.99
ORD_01108,CUST_00366,2025-11-14 15:11:09,Delivered,PayPal,0.0,0.0,742.99
ORD_01109,CUST_00380,2025-11-14 19:51:23,Delivered,PayPal,0.0,83.39,333.57
ORD_01110,CUST_00431,2025-11-14 20:32:26,Delivered,Klarna / BNPL,0.0,10.0,1339.47
ORD_01111,CUST_00366,2025-11-14 21:36:16,Delivered,Credit Card,0.0,0.0,530.95
ORD_01112,CUST_00367,2025-11-14 21:57:23,Returned,Credit Card,0.0,0.0,430.47
ORD_01113,CUST_00428,2025-11-15 08:50:11,Delivered,Apple Pay,0.0,10.0,280.49
ORD_01114,CUST_00366,2025-11-15 14:09:46,Delivered,PayPal,0.0,13.05,73.95
ORD_01115,CUST_00412,2025-11-15 21:22:41,Delivered,PayPal,0.0,49.2,196.8
ORD_01116,CUST_00422,2025-11-16 11:41:05,Delivered,PayPal,0.0,35.95,323.55
ORD_01117,CUST_00188,2025-11-16 18:21:03,Returned,Apple Pay,0.0,20.0,190.99
ORD_01118,CUST_00360,2025-11-17 08:17:36,Delivered,Credit Card,0.0,0.0,728.98
ORD_01119,CUST_00430,2025-11-17 10:02:14,Delivered,Credit Card,8.99,0.0,61.99
ORD_01120,CUST_00322,2025-11-17 20:18:11,Delivered,PayPal,0.0,0.0,425.0
ORD_01121,CUST_00171,2025-11-17 22:07:35,Returned,Apple Pay,0.0,38.6,154.4
ORD_01122,CUST_00430,2025-11-17 22:22:36,Delivered,Apple Pay,4.99,20.0,90.99
ORD_01123,CUST_00436,2025-11-18 08:23:37,Delivered,Credit Card,0.0,0.0,612.98
ORD_01124,CUST_00197,2025-11-18 09:56:36,Delivered,Credit Card,4.99,75.45,684.01
ORD_01125,CUST_00082,2025-11-18 10:20:16,Delivered,Credit Card,0.0,20.0,78.49
ORD_01126,CUST_00342,2025-11-18 12:42:49,Delivered,Apple Pay,0.0,0.0,246.0
ORD_01127,CUST_00164,2025-11-18 13:46:41,Delivered,Credit Card,4.99,20.0,846.98
ORD_01128,CUST_00434,2025-11-18 16:57:59,Delivered,Credit Card,0.0,20.0,379.0
ORD_01129,CUST_00306,2025-11-18 17:21:00,Delivered,Credit Card,0.0,0.0,622.99
ORD_01130,CUST_00426,2025-11-18 18:35:25,Cancelled,Apple Pay,0.0,20.0,379.99
ORD_01131,CUST_00381,2025-11-18 21:04:29,Delivered,Credit Card,0.0,39.9,226.1
ORD_01132,CUST_00404,2025-11-19 08:13:26,Delivered,Credit Card,0.0,101.7,406.79
ORD_01133,CUST_00205,2025-11-19 08:29:56,Delivered,Credit Card,0.0,22.4,201.57
ORD_01134,CUST_00429,2025-11-19 11:16:10,Returned,PayPal,0.0,0.0,305.0
ORD_01135,CUST_00023,2025-11-19 18:42:56,Delivered,Credit Card,0.0,0.0,709.99
ORD_01136,CUST_00442,2025-11-20 13:30:03,Delivered,Klarna / BNPL,0.0,0.0,384.5
ORD_01137,CUST_00416,2025-11-20 13:37:06,Returned,Klarna / BNPL,0.0,20.0,235.0
ORD_01138,CUST_00366,2025-11-20 16:59:30,Delivered,Credit Card,0.0,79.95,453.03
ORD_01139,CUST_00389,2025-11-20 17:51:35,Delivered,Apple Pay,0.0,174.49,697.97
ORD_01140,CUST_00381,2025-11-20 18:25:41,Returned,PayPal,5.99,0.0,79.98
ORD_01141,CUST_00434,2025-11-21 18:08:03,Cancelled,Apple Pay,0.0,0.0,142.99
ORD_01142,CUST_00171,2025-11-21 19:48:57,Delivered,Apple Pay,0.0,0.0,192.5
ORD_01143,CUST_00119,2025-11-22 11:35:23,Returned,Credit Card,4.99,0.0,272.98
ORD_01144,CUST_00419,2025-11-22 12:15:17,Cancelled,Credit Card,0.0,12.25,110.25
ORD_01145,CUST_00440,2025-11-22 12:34:37,Delivered,Apple Pay,0.0,24.55,220.94
ORD_01146,CUST_00283,2025-11-22 13:25:15,Cancelled,PayPal,0.0,159.45,903.52
ORD_01147,CUST_00197,2025-11-22 14:02:22,Returned,Apple Pay,0.0,20.0,1355.98
ORD_01148,CUST_00381,2025-11-22 14:42:15,Delivered,Apple Pay,0.0,0.0,294.99
ORD_01149,CUST_00125,2025-11-22 15:03:33,Delivered,Credit Card,0.0,19.8,178.2
ORD_01150,CUST_00254,2025-11-22 17:10:24,Delivered,PayPal,0.0,0.0,384.5
ORD_01151,CUST_00439,2025-11-23 09:27:34,Delivered,Credit Card,0.0,0.0,524.5
ORD_01152,CUST_00430,2025-11-23 09:54:56,Delivered,Credit Card,0.0,0.0,360.5
ORD_01153,CUST_00444,2025-11-23 11:51:35,Delivered,Credit Card,0.0,33.7,303.29
ORD_01154,CUST_00394,2025-11-23 14:07:10,Delivered,Credit Card,0.0,34.8,197.18
ORD_01155,CUST_00102,2025-11-23 17:30:39,Delivered,Klarna / BNPL,0.0,0.0,165.49
ORD_01156,CUST_00383,2025-11-23 17:50:40,Delivered,Credit Card,0.0,69.9,279.6
ORD_01157,CUST_00412,2025-11-23 18:18:26,Delivered,PayPal,0.0,0.0,406.99
ORD_01158,CUST_00432,2025-11-23 18:52:33,Delivered,Credit Card,0.0,0.0,266.5
ORD_01159,CUST_00198,2025-11-24 11:17:24,Delivered,Credit Card,0.0,0.0,423.48
ORD_01160,CUST_00437,2025-11-24 12:31:58,Delivered,Credit Card,0.0,97.9,391.58
ORD_01161,CUST_00145,2025-11-24 16:53:21,Delivered,PayPal,0.0,20.0,367.47
ORD_01162,CUST_00445,2025-11-24 17:15:42,Delivered,Credit Card,5.99,0.0,79.49
ORD_01163,CUST_00406,2025-11-24 20:30:18,Delivered,Apple Pay,5.99,0.0,70.99
ORD_01164,CUST_00372,2025-11-25 11:51:36,Delivered,Credit Card,0.0,27.7,110.8
ORD_01165,CUST_00077,2025-11-25 12:57:32,Delivered,PayPal,0.0,126.59,717.34
ORD_01166,CUST_00412,2025-11-25 22:35:31,Delivered,PayPal,0.0,0.0,463.49
ORD_01167,CUST_00356,2025-11-26 17:48:08,Delivered,Credit Card,0.0,0.0,90.99
ORD_01168,CUST_00110,2025-11-26 18:54:33,Delivered,Credit Card,4.99,36.8,152.19
ORD_01169,CUST_00339,2025-11-26 20:05:38,Cancelled,Credit Card,4.99,27.3,159.67
ORD_01170,CUST_00395,2025-11-27 10:18:59,Delivered,Credit Card,0.0,15.0,79.0
ORD_01171,CUST_00441,2025-11-27 10:22:38,Delivered,Credit Card,0.0,0.0,174.0
ORD_01172,CUST_00001,2025-11-27 11:29:27,Delivered,Credit Card,0.0,0.0,344.97
ORD_01173,CUST_00448,2025-11-27 15:09:52,Delivered,Credit Card,0.0,20.0,696.99
ORD_01174,CUST_00419,2025-11-27 17:57:30,Delivered,Credit Card,0.0,0.0,969.0
ORD_01175,CUST_00442,2025-11-27 21:04:54,Delivered,Credit Card,0.0,15.0,64.0
ORD_01176,CUST_00394,2025-11-28 08:48:55,Delivered,Apple Pay,0.0,10.0,181.0
ORD_01177,CUST_00383,2025-11-28 13:02:38,Delivered,Credit Card,0.0,20.0,569.0
ORD_01178,CUST_00443,2025-11-28 15:23:22,Delivered,Credit Card,0.0,0.0,420.45
ORD_01179,CUST_00302,2025-11-28 17:02:20,Delivered,Credit Card,0.0,45.6,182.38
ORD_01180,CUST_00433,2025-11-28 18:42:27,Delivered,Credit Card,8.99,3.82,30.67
ORD_01181,CUST_00435,2025-11-28 22:19:51,Returned,PayPal,0.0,0.0,102.0
ORD_01182,CUST_00389,2025-11-29 09:01:36,Delivered,Credit Card,0.0,20.0,258.0
ORD_01183,CUST_00450,2025-11-29 11:07:34,Delivered,PayPal,0.0,17.1,96.9
ORD_01184,CUST_00280,2025-11-29 12:18:45,Delivered,Credit Card,0.0,0.0,83.5
ORD_01185,CUST_00441,2025-11-29 12:56:28,Delivered,PayPal,0.0,42.2,379.79
ORD_01186,CUST_00177,2025-11-29 13:05:05,Delivered,Credit Card,0.0,14.05,126.44
ORD_01187,CUST_00171,2025-11-29 13:26:59,Delivered,Credit Card,4.99,15.0,509.97
ORD_01188,CUST_00412,2025-11-29 20:25:35,Delivered,PayPal,0.0,10.0,970.47
ORD_01189,CUST_00011,2025-11-29 20:57:08,Delivered,Credit Card,5.99,10.0,61.99
ORD_01190,CUST_00447,2025-11-29 21:16:09,Delivered,Credit Card,0.0,20.0,646.0
ORD_01191,CUST_00395,2025-11-29 21:58:34,Delivered,PayPal,0.0,25.0,509.5
ORD_01192,CUST_00380,2025-11-30 09:38:02,Delivered,Credit Card,0.0,0.0,148.5
ORD_01193,CUST_00446,2025-11-30 09:56:06,Delivered,Credit Card,0.0,0.0,105.0
ORD_01194,CUST_00367,2025-11-30 11:42:53,Delivered,Credit Card,0.0,30.1,270.9
ORD_01195,CUST_00415,2025-11-30 15:46:14,Delivered,Klarna / BNPL,0.0,189.3,757.2
ORD_01196,CUST_00366,2025-11-30 17:32:30,Delivered,Klarna / BNPL,0.0,15.0,142.49
ORD_01197,CUST_00449,2025-11-30 17:40:56,Delivered,Credit Card,0.0,20.0,434.97
ORD_01198,CUST_00406,2025-11-30 17:53:26,Delivered,Credit Card,0.0,0.0,253.5
ORD_01199,CUST_00410,2025-11-30 20:39:28,Delivered,Apple Pay,4.99,0.0,214.99
ORD_01200,CUST_00447,2025-11-30 20:59:06,Delivered,PayPal,0.0,37.0,148.0
ORD_01201,CUST_00258,2025-12-01 09:13:18,Delivered,Klarna / BNPL,0.0,0.0,82.0
ORD_01202,CUST_00389,2025-12-01 10:10:39,Delivered,PayPal,0.0,87.6,350.38
ORD_01203,CUST_00419,2025-12-01 16:14:35,Delivered,Credit Card,0.0,30.5,122.0
ORD_01204,CUST_00294,2025-12-01 17:52:07,Delivered,Klarna / BNPL,0.0,23.0,206.98
ORD_01205,CUST_00050,2025-12-01 19:34:49,Delivered,Credit Card,0.0,0.0,256.49
ORD_01206,CUST_00452,2025-12-01 21:51:06,Delivered,PayPal,5.99,0.0,30.49
ORD_01207,CUST_00451,2025-12-01 22:03:08,Delivered,PayPal,4.99,0.0,206.98
ORD_01208,CUST_00438,2025-12-01 22:38:24,Delivered,Credit Card,0.0,0.0,321.94
ORD_01209,CUST_00286,2025-12-02 09:33:10,Cancelled,Apple Pay,0.0,0.0,435.98
ORD_01210,CUST_00419,2025-12-02 13:53:43,Delivered,Credit Card,0.0,0.0,374.5
ORD_01211,CUST_00372,2025-12-02 14:34:48,Returned,Credit Card,0.0,58.2,329.78
ORD_01212,CUST_00441,2025-12-02 19:59:43,Delivered,Credit Card,0.0,69.2,622.8
ORD_01213,CUST_00449,2025-12-02 22:05:15,Delivered,Credit Card,0.0,10.0,232.5
ORD_01214,CUST_00394,2025-12-03 11:31:12,Delivered,PayPal,0.0,0.0,185.0
ORD_01215,CUST_00456,2025-12-03 11:39:32,Delivered,Apple Pay,0.0,121.1,484.38
ORD_01216,CUST_00457,2025-12-03 12:26:45,Delivered,Credit Card,5.99,0.0,70.49
ORD_01217,CUST_00234,2025-12-03 13:40:24,Delivered,Klarna / BNPL,0.0,303.81,1721.59
ORD_01218,CUST_00106,2025-12-03 14:38:36,Delivered,Credit Card,0.0,0.0,125.99
ORD_01219,CUST_00412,2025-12-03 15:33:43,Delivered,PayPal,0.0,135.3,766.7
ORD_01220,CUST_00398,2025-12-03 16:58:20,Delivered,Apple Pay,0.0,0.0,531.98
ORD_01221,CUST_00424,2025-12-03 21:57:49,Delivered,PayPal,0.0,0.0,247.5
ORD_01222,CUST_00342,2025-12-04 10:44:21,Delivered,PayPal,0.0,75.5,301.99
ORD_01223,CUST_00106,2025-12-04 13:16:17,Delivered,PayPal,0.0,74.5,670.46
ORD_01224,CUST_00426,2025-12-04 14:09:13,Delivered,Credit Card,5.99,0.0,70.99
ORD_01225,CUST_00409,2025-12-04 14:50:28,Delivered,PayPal,5.99,0.0,31.49
ORD_01226,CUST_00458,2025-12-04 16:27:56,Delivered,Credit Card,0.0,58.5,526.5
ORD_01227,CUST_00426,2025-12-05 09:40:58,Delivered,Credit Card,5.99,7.95,51.04
ORD_01228,CUST_00280,2025-12-05 12:13:03,Delivered,Credit Card,0.0,140.17,794.29
ORD_01229,CUST_00419,2025-12-05 16:59:53,Delivered,Apple Pay,0.0,9.9,89.09
ORD_01230,CUST_00441,2025-12-05 20:17:33,Delivered,Klarna / BNPL,0.0,46.87,265.62
ORD_01231,CUST_00455,2025-12-05 21:18:36,Returned,PayPal,8.99,15.0,62.49
ORD_01232,CUST_00409,2025-12-06 08:53:33,Delivered,Klarna / BNPL,0.0,0.0,275.5
ORD_01233,CUST_00276,2025-12-06 09:29:19,Delivered,Credit Card,0.0,0.0,367.0
ORD_01234,CUST_00214,2025-12-06 14:47:01,Delivered,Credit Card,0.0,10.0,490.47
ORD_01235,CUST_00386,2025-12-06 14:49:22,Delivered,PayPal,4.99,34.7,143.78
ORD_01236,CUST_00339,2025-12-06 17:02:36,Cancelled,Credit Card,5.99,0.0,46.99
ORD_01237,CUST_00449,2025-12-06 22:53:26,Delivered,Credit Card,0.0,0.0,250.49
ORD_01238,CUST_00308,2025-12-07 11:10:04,Delivered,Credit Card,4.99,33.0,301.98
ORD_01239,CUST_00449,2025-12-07 12:39:43,Delivered,Credit Card,0.0,0.0,196.0
ORD_01240,CUST_00366,2025-12-07 13:06:56,Delivered,Credit Card,4.99,39.85,363.63
ORD_01241,CUST_00462,2025-12-07 13:34:01,Delivered,Klarna / BNPL,4.99,0.0,958.47
ORD_01242,CUST_00445,2025-12-07 20:33:05,Cancelled,Apple Pay,0.0,0.0,87.0
ORD_01243,CUST_00205,2025-12-07 22:17:32,Delivered,Credit Card,0.0,25.0,287.99
ORD_01244,CUST_00412,2025-12-08 15:26:18,Cancelled,Credit Card,0.0,0.0,591.98
ORD_01245,CUST_00449,2025-12-08 19:19:06,Delivered,PayPal,0.0,0.0,404.97
ORD_01246,CUST_00308,2025-12-08 20:55:40,Delivered,Credit Card,0.0,0.0,309.0
ORD_01247,CUST_00460,2025-12-08 21:00:59,Delivered,PayPal,0.0,0.0,184.5
ORD_01248,CUST_00430,2025-12-08 21:07:56,Returned,PayPal,0.0,10.0,301.0
ORD_01249,CUST_00404,2025-12-09 10:08:47,Delivered,PayPal,0.0,0.0,154.0
ORD_01250,CUST_00383,2025-12-09 12:21:35,Returned,Apple Pay,0.0,0.0,561.49
ORD_01251,CUST_00171,2025-12-09 16:27:28,Delivered,Credit Card,0.0,0.0,802.47
ORD_01252,CUST_00383,2025-12-09 21:17:13,Delivered,Credit Card,4.99,14.85,89.13
ORD_01253,CUST_00410,2025-12-09 21:35:17,Delivered,Credit Card,4.99,29.25,268.24
ORD_01254,CUST_00467,2025-12-10 08:06:55,Delivered,PayPal,0.0,0.0,336.0
ORD_01255,CUST_00469,2025-12-10 08:26:37,Delivered,Credit Card,4.99,0.0,347.98
ORD_01256,CUST_00410,2025-12-10 08:47:21,Delivered,Credit Card,0.0,0.0,203.98
ORD_01257,CUST_00459,2025-12-10 09:05:39,Delivered,Credit Card,8.99,6.6,68.39
ORD_01258,CUST_00326,2025-12-10 09:34:20,Delivered,PayPal,0.0,0.0,738.49
ORD_01259,CUST_00441,2025-12-10 10:59:28,Delivered,Credit Card,0.0,61.8,247.2
ORD_01260,CUST_00461,2025-12-10 11:07:11,Delivered,PayPal,8.99,6.25,65.24
ORD_01261,CUST_00462,2025-12-10 12:23:15,Delivered,Credit Card,4.99,0.0,451.97
ORD_01262,CUST_00366,2025-12-10 15:57:23,Delivered,PayPal,0.0,0.0,304.0
ORD_01263,CUST_00106,2025-12-10 17:20:41,Returned,Credit Card,4.99,0.0,194.47
ORD_01264,CUST_00419,2025-12-10 17:43:19,Cancelled,Credit Card,0.0,72.0,287.98
ORD_01265,CUST_00102,2025-12-10 18:56:22,Delivered,PayPal,5.99,0.0,72.49
ORD_01266,CUST_00421,2025-12-10 21:43:16,Delivered,PayPal,5.99,0.0,74.49
ORD_01267,CUST_00445,2025-12-11 11:29:06,Delivered,Credit Card,0.0,0.0,358.0
ORD_01268,CUST_00367,2025-12-11 11:53:28,Delivered,PayPal,4.99,0.0,867.98
ORD_01269,CUST_00326,2025-12-11 15:06:13,Delivered,PayPal,0.0,0.0,688.5
ORD_01270,CUST_00424,2025-12-11 20:41:40,Cancelled,Credit Card,0.0,0.0,2547.4
ORD_01271,CUST_00449,2025-12-11 22:06:31,Delivered,PayPal,0.0,25.0,1160.97
ORD_01272,CUST_00453,2025-12-12 10:04:48,Delivered,Apple Pay,4.99,0.0,97.99
ORD_01273,CUST_00449,2025-12-12 12:22:02,Delivered,Apple Pay,0.0,20.0,344.97
ORD_01274,CUST_00125,2025-12-12 13:23:16,Delivered,Credit Card,0.0,0.0,1297.99
ORD_01275,CUST_00012,2025-12-12 14:53:33,Delivered,PayPal,0.0,0.0,462.48
ORD_01276,CUST_00440,2025-12-12 15:11:09,Delivered,PayPal,0.0,0.0,745.47
ORD_01277,CUST_00406,2025-12-12 17:41:18,Delivered,Credit Card,0.0,0.0,487.95
ORD_01278,CUST_00447,2025-12-12 19:43:38,Returned,PayPal,5.99,19.2,34.79
ORD_01279,CUST_00445,2025-12-12 20:05:41,Delivered,Credit Card,0.0,130.7,1176.29
ORD_01280,CUST_00470,2025-12-12 20:08:12,Delivered,PayPal,0.0,31.45,283.05
ORD_01281,CUST_00398,2025-12-12 20:50:49,Delivered,Credit Card,0.0,20.0,450.98
ORD_01282,CUST_00386,2025-12-12 22:06:11,Delivered,PayPal,0.0,28.6,257.36
ORD_01283,CUST_00466,2025-12-13 08:15:32,Delivered,PayPal,4.99,44.1,181.38
ORD_01284,CUST_00302,2025-12-13 09:56:42,Delivered,Credit Card,0.0,10.0,872.49
ORD_01285,CUST_00453,2025-12-13 12:30:01,Delivered,Credit Card,0.0,0.0,331.0
ORD_01286,CUST_00430,2025-12-13 14:10:09,Delivered,Klarna / BNPL,0.0,0.0,353.99
ORD_01287,CUST_00454,2025-12-13 20:55:01,Delivered,Credit Card,0.0,0.0,564.49
ORD_01288,CUST_00347,2025-12-13 20:56:36,Cancelled,Credit Card,4.99,10.0,742.94
ORD_01289,CUST_00415,2025-12-14 08:51:37,Delivered,Credit Card,5.99,7.2,34.78
ORD_01290,CUST_00467,2025-12-14 09:36:42,Delivered,Credit Card,0.0,0.0,248.0
ORD_01291,CUST_00412,2025-12-14 11:33:17,Delivered,Apple Pay,0.0,0.0,98.99
ORD_01292,CUST_00400,2025-12-14 15:31:33,Delivered,Apple Pay,0.0,74.6,671.35
ORD_01293,CUST_00464,2025-12-14 16:16:19,Delivered,PayPal,0.0,0.0,424.99
ORD_01294,CUST_00447,2025-12-14 17:24:33,Delivered,PayPal,0.0,0.0,283.5
ORD_01295,CUST_00447,2025-12-14 17:54:51,Returned,Apple Pay,0.0,0.0,866.99
ORD_01296,CUST_00372,2025-12-14 18:27:53,Returned,Apple Pay,0.0,0.0,459.0
ORD_01297,CUST_00449,2025-12-14 18:42:18,Returned,PayPal,0.0,0.0,545.0
ORD_01298,CUST_00453,2025-12-14 19:36:25,Returned,Apple Pay,0.0,15.0,122.0
ORD_01299,CUST_00225,2025-12-15 08:46:23,Delivered,Apple Pay,0.0,0.0,563.96
ORD_01300,CUST_00088,2025-12-15 10:13:18,Returned,PayPal,0.0,0.0,819.98
ORD_01301,CUST_00447,2025-12-15 16:08:41,Returned,Klarna / BNPL,0.0,18.2,72.79
ORD_01302,CUST_00477,2025-12-15 16:24:27,Delivered,Apple Pay,0.0,0.0,179.5
ORD_01303,CUST_00412,2025-12-15 16:39:20,Delivered,PayPal,5.99,4.5,46.48
ORD_01304,CUST_00188,2025-12-15 18:21:15,Returned,Credit Card,0.0,0.0,176.99
ORD_01305,CUST_00279,2025-12-15 18:46:48,Delivered,Klarna / BNPL,0.0,20.0,242.5
ORD_01306,CUST_00481,2025-12-16 10:30:28,Delivered,Credit Card,0.0,33.45,189.54
ORD_01307,CUST_00481,2025-12-16 10:54:43,Delivered,PayPal,0.0,15.0,69.0
ORD_01308,CUST_00475,2025-12-16 12:11:04,Delivered,Credit Card,0.0,0.0,861.98
ORD_01309,CUST_00470,2025-12-16 12:12:46,Delivered,Credit Card,0.0,0.0,131.0
ORD_01310,CUST_00441,2025-12-16 12:51:12,Delivered,Credit Card,8.99,0.0,44.98
ORD_01311,CUST_00472,2025-12-16 13:41:42,Delivered,PayPal,4.99,0.0,838.99
ORD_01312,CUST_00475,2025-12-16 13:48:41,Delivered,Klarna / BNPL,0.0,59.9,239.6
ORD_01313,CUST_00326,2025-12-16 14:04:40,Delivered,Credit Card,0.0,0.0,170.99
ORD_01314,CUST_00462,2025-12-16 14:57:26,Returned,PayPal,4.99,0.0,181.98
ORD_01315,CUST_00445,2025-12-16 15:38:14,Delivered,Klarna / BNPL,0.0,0.0,650.98
ORD_01316,CUST_00430,2025-12-16 16:43:43,Delivered,Klarna / BNPL,0.0,0.0,413.5
ORD_01317,CUST_00326,2025-12-16 18:18:32,Delivered,PayPal,0.0,0.0,663.99
ORD_01318,CUST_00434,2025-12-16 18:21:30,Delivered,Credit Card,0.0,0.0,90.99
ORD_01319,CUST_00449,2025-12-17 08:00:58,Delivered,Credit Card,0.0,0.0,303.99
ORD_01320,CUST_00453,2025-12-17 09:43:58,Returned,PayPal,0.0,39.6,356.4
ORD_01321,CUST_00465,2025-12-17 10:36:21,Delivered,Credit Card,0.0,20.0,532.97
ORD_01322,CUST_00462,2025-12-17 13:53:19,Delivered,Credit Card,0.0,0.0,624.99
ORD_01323,CUST_00447,2025-12-17 14:36:31,Delivered,PayPal,0.0,46.42,263.07
ORD_01324,CUST_00482,2025-12-17 16:07:14,Returned,Klarna / BNPL,0.0,142.0,567.99
ORD_01325,CUST_00462,2025-12-18 11:07:54,Cancelled,PayPal,0.0,0.0,660.0
ORD_01326,CUST_00404,2025-12-18 12:40:17,Delivered,Credit Card,0.0,70.8,283.19
ORD_01327,CUST_00394,2025-12-18 13:26:03,Delivered,PayPal,0.0,0.0,487.49
ORD_01328,CUST_00308,2025-12-18 13:49:22,Delivered,Credit Card,0.0,0.0,703.5
ORD_01329,CUST_00462,2025-12-18 13:50:33,Delivered,Klarna / BNPL,0.0,0.0,214.98
ORD_01330,CUST_00419,2025-12-18 15:26:57,Delivered,Credit Card,4.99,118.2,477.77
ORD_01331,CUST_00406,2025-12-18 15:38:36,Delivered,Credit Card,0.0,0.0,887.97
ORD_01332,CUST_00412,2025-12-18 20:25:56,Delivered,Credit Card,0.0,25.0,270.0
ORD_01333,CUST_00222,2025-12-18 20:53:14,Delivered,PayPal,0.0,0.0,131.5
ORD_01334,CUST_00462,2025-12-18 21:16:07,Delivered,Credit Card,5.99,0.0,53.99
ORD_01335,CUST_00485,2025-12-19 08:17:54,Delivered,PayPal,0.0,304.57,1725.91
ORD_01336,CUST_00481,2025-12-19 08:22:42,Delivered,Klarna / BNPL,8.99,10.0,67.49
ORD_01337,CUST_00164,2025-12-19 09:06:47,Delivered,PayPal,5.99,0.0,44.98
ORD_01338,CUST_00483,2025-12-19 15:17:55,Delivered,Klarna / BNPL,0.0,53.4,213.6
ORD_01339,CUST_00419,2025-12-19 15:46:36,Delivered,Credit Card,4.99,187.2,753.78
ORD_01340,CUST_00476,2025-12-19 17:25:36,Delivered,PayPal,5.99,13.0,57.99
ORD_01341,CUST_00445,2025-12-19 17:37:00,Delivered,Klarna / BNPL,0.0,0.0,87.0
ORD_01342,CUST_00426,2025-12-19 18:02:51,Delivered,PayPal,4.99,0.0,172.49
ORD_01343,CUST_00274,2025-12-19 18:11:49,Delivered,Credit Card,5.99,7.8,50.19
ORD_01344,CUST_00399,2025-12-19 18:27:13,Delivered,Apple Pay,0.0,20.0,174.5
ORD_01345,CUST_00467,2025-12-19 18:52:40,Returned,Apple Pay,0.0,0.0,203.5
ORD_01346,CUST_00449,2025-12-19 20:13:06,Delivered,PayPal,4.99,54.9,316.09
ORD_01347,CUST_00326,2025-12-20 08:40:42,Delivered,Credit Card,0.0,0.0,419.95
ORD_01348,CUST_00381,2025-12-20 10:00:00,Delivered,Credit Card,0.0,0.0,592.0
ORD_01349,CUST_00481,2025-12-20 10:10:46,Delivered,Credit Card,0.0,23.0,207.0
ORD_01350,CUST_00308,2025-12-20 10:23:54,Delivered,Credit Card,0.0,0.0,1455.94
ORD_01351,CUST_00381,2025-12-20 11:56:59,Delivered,Credit Card,0.0,0.0,79.0
ORD_01352,CUST_00487,2025-12-20 12:17:48,Delivered,Apple Pay,4.99,0.0,520.99
ORD_01353,CUST_00029,2025-12-20 14:55:13,Delivered,Credit Card,0.0,0.0,116.0
ORD_01354,CUST_00326,2025-12-20 15:16:29,Delivered,Klarna / BNPL,4.99,0.0,141.49
ORD_01355,CUST_00371,2025-12-20 16:56:38,Delivered,PayPal,0.0,105.0,419.99
ORD_01356,CUST_00449,2025-12-20 17:12:29,Delivered,Credit Card,0.0,0.0,250.0
ORD_01357,CUST_00484,2025-12-20 17:45:15,Returned,Klarna / BNPL,0.0,0.0,698.5
ORD_01358,CUST_00445,2025-12-20 18:47:45,Delivered,Apple Pay,4.99,0.0,165.98
ORD_01359,CUST_00473,2025-12-20 19:31:32,Delivered,Credit Card,0.0,15.0,341.97
ORD_01360,CUST_00339,2025-12-20 20:29:14,Delivered,PayPal,4.99,0.0,328.49
ORD_01361,CUST_00469,2025-12-21 09:51:03,Returned,Credit Card,0.0,0.0,170.5
ORD_01362,CUST_00441,2025-12-21 10:16:36,Delivered,PayPal,0.0,0.0,343.0
ORD_01363,CUST_00442,2025-12-21 13:00:06,Cancelled,Credit Card,0.0,0.0,361.49
ORD_01364,CUST_00485,2025-12-21 15:54:14,Delivered,Credit Card,0.0,0.0,537.5
ORD_01365,CUST_00479,2025-12-21 15:58:44,Delivered,Klarna / BNPL,5.99,5.3,53.69
ORD_01366,CUST_00406,2025-12-21 16:29:42,Delivered,Credit Card,0.0,0.0,549.0
ORD_01367,CUST_00421,2025-12-21 18:00:48,Delivered,Apple Pay,0.0,44.65,401.85
ORD_01368,CUST_00463,2025-12-21 18:49:48,Delivered,Credit Card,4.99,0.0,182.48
ORD_01369,CUST_00453,2025-12-21 20:46:59,Delivered,PayPal,0.0,0.0,458.48
ORD_01370,CUST_00462,2025-12-21 22:06:32,Delivered,Klarna / BNPL,5.99,0.0,70.49
ORD_01371,CUST_00347,2025-12-21 22:34:52,Delivered,PayPal,0.0,116.6,466.39
ORD_01372,CUST_00486,2025-12-22 08:12:10,Delivered,Klarna / BNPL,0.0,0.0,399.0
ORD_01373,CUST_00326,2025-12-22 09:36:17,Delivered,Credit Card,0.0,17.0,153.0
ORD_01374,CUST_00419,2025-12-22 10:05:07,Cancelled,Credit Card,4.99,0.0,421.98
ORD_01375,CUST_00412,2025-12-22 11:09:12,Delivered,Apple Pay,0.0,31.2,124.79
ORD_01376,CUST_00462,2025-12-22 11:26:57,Delivered,Credit Card,0.0,15.0,721.0
ORD_01377,CUST_00121,2025-12-22 12:39:29,Delivered,Credit Card,0.0,27.9,251.1
ORD_01378,CUST_00485,2025-12-22 12:53:35,Delivered,PayPal,0.0,15.0,542.49
ORD_01379,CUST_00487,2025-12-22 13:44:47,Delivered,Klarna / BNPL,4.99,20.0,693.99
ORD_01380,CUST_00453,2025-12-22 15:11:02,Cancelled,Apple Pay,4.99,0.0,1510.98
ORD_01381,CUST_00441,2025-12-22 20:15:30,Delivered,Credit Card,0.0,10.3,92.7
ORD_01382,CUST_00470,2025-12-22 20:42:31,Delivered,PayPal,0.0,0.0,340.47
ORD_01383,CUST_00160,2025-12-23 09:02:27,Delivered,Credit Card,0.0,0.0,887.48
ORD_01384,CUST_00487,2025-12-23 10:22:26,Delivered,Credit Card,0.0,69.1,621.87
ORD_01385,CUST_00475,2025-12-23 13:10:29,Delivered,Apple Pay,0.0,20.0,161.98
ORD_01386,CUST_00468,2025-12-23 15:36:03,Delivered,Credit Card,0.0,54.1,216.4
ORD_01387,CUST_00487,2025-12-23 16:13:49,Returned,Credit Card,0.0,0.0,116.0
ORD_01388,CUST_00478,2025-12-23 18:03:08,Delivered,Credit Card,0.0,90.22,511.28
ORD_01389,CUST_00462,2025-12-23 20:50:09,Delivered,PayPal,0.0,20.0,301.99
ORD_01390,CUST_00480,2025-12-24 11:42:13,Delivered,Credit Card,0.0,20.0,396.98
ORD_01391,CUST_00356,2025-12-24 12:58:50,Delivered,PayPal,0.0,0.0,804.5
ORD_01392,CUST_00481,2025-12-24 13:45:34,Delivered,PayPal,0.0,0.0,570.0
ORD_01393,CUST_00441,2025-12-24 15:53:08,Delivered,Credit Card,0.0,0.0,748.99
ORD_01394,CUST_00488,2025-12-24 16:29:15,Delivered,PayPal,0.0,0.0,151.48
ORD_01395,CUST_00410,2025-12-24 16:32:13,Delivered,Credit Card,0.0,0.0,724.0
ORD_01396,CUST_00366,2025-12-24 16:35:41,Returned,Apple Pay,0.0,0.0,270.5
ORD_01397,CUST_00306,2025-12-24 17:28:17,Delivered,Credit Card,0.0,20.0,211.48
ORD_01398,CUST_00426,2025-12-24 17:54:01,Returned,Credit Card,0.0,0.0,450.0
ORD_01399,CUST_00400,2025-12-24 20:48:28,Delivered,Credit Card,0.0,0.0,435.99
ORD_01400,CUST_00467,2025-12-24 22:08:09,Delivered,Credit Card,0.0,0.0,626.0
ORD_01401,CUST_00453,2025-12-24 22:42:28,Delivered,Klarna / BNPL,5.99,0.0,79.49
ORD_01402,CUST_00453,2025-12-25 08:55:16,Delivered,PayPal,0.0,0.0,96.0
ORD_01403,CUST_00471,2025-12-25 10:13:17,Delivered,Klarna / BNPL,0.0,0.0,218.0
ORD_01404,CUST_00489,2025-12-25 10:15:40,Delivered,Klarna / BNPL,0.0,0.0,87.0
ORD_01405,CUST_00490,2025-12-25 11:43:47,Delivered,Credit Card,0.0,0.0,199.0
ORD_01406,CUST_00380,2025-12-25 13:08:23,Delivered,Credit Card,0.0,0.0,459.96
ORD_01407,CUST_00487,2025-12-25 13:27:03,Delivered,Credit Card,0.0,0.0,629.99
ORD_01408,CUST_00326,2025-12-25 17:54:52,Delivered,Credit Card,4.99,15.0,395.96
ORD_01409,CUST_00462,2025-12-25 18:00:29,Delivered,Credit Card,4.99,92.0,372.97
ORD_01410,CUST_00381,2025-12-25 18:41:29,Returned,Credit Card,0.0,86.9,347.58
ORD_01411,CUST_00440,2025-12-25 20:19:21,Delivered,Credit Card,0.0,25.0,613.5
ORD_01412,CUST_00487,2025-12-26 08:33:45,Delivered,Credit Card,0.0,0.0,565.48
ORD_01413,CUST_00492,2025-12-26 08:48:05,Delivered,Credit Card,0.0,19.1,171.9
ORD_01414,CUST_00453,2025-12-26 09:03:48,Returned,Apple Pay,0.0,13.8,78.2
ORD_01415,CUST_00367,2025-12-26 10:02:47,Delivered,Klarna / BNPL,0.0,53.77,304.72
ORD_01416,CUST_00474,2025-12-26 11:02:01,Delivered,PayPal,0.0,56.47,320.02
ORD_01417,CUST_00339,2025-12-26 12:01:00,Delivered,Apple Pay,5.99,9.9,62.09
ORD_01418,CUST_00470,2025-12-26 14:15:33,Delivered,Credit Card,4.99,30.9,128.59
ORD_01419,CUST_00481,2025-12-26 15:14:23,Delivered,Credit Card,0.0,25.0,284.0
ORD_01420,CUST_00470,2025-12-26 15:36:55,Delivered,Apple Pay,0.0,0.0,337.97
ORD_01421,CUST_00419,2025-12-26 15:57:49,Delivered,Klarna / BNPL,0.0,0.0,278.99
ORD_01422,CUST_00434,2025-12-26 17:49:57,Delivered,Credit Card,5.99,15.6,29.38
ORD_01423,CUST_00398,2025-12-26 20:42:51,Delivered,Credit Card,0.0,15.0,630.48
ORD_01424,CUST_00434,2025-12-26 20:45:09,Delivered,Klarna / BNPL,0.0,224.48,897.94
ORD_01425,CUST_00491,2025-12-26 20:59:01,Returned,Credit Card,0.0,0.0,795.0
ORD_01426,CUST_00106,2025-12-26 21:18:19,Delivered,Apple Pay,0.0,0.0,170.5
ORD_01427,CUST_00481,2025-12-26 21:24:13,Returned,PayPal,0.0,0.0,552.5
ORD_01428,CUST_00497,2025-12-27 08:11:29,Delivered,Credit Card,4.99,25.0,374.97
ORD_01429,CUST_00447,2025-12-27 08:25:45,Delivered,PayPal,0.0,0.0,245.5
ORD_01430,CUST_00469,2025-12-27 11:03:50,Delivered,PayPal,0.0,23.47,133.02
ORD_01431,CUST_00406,2025-12-27 12:28:10,Delivered,Credit Card,0.0,9.1,81.89
ORD_01432,CUST_00419,2025-12-27 13:49:31,Delivered,Klarna / BNPL,0.0,0.0,454.0
ORD_01433,CUST_00485,2025-12-27 14:50:00,Delivered,PayPal,0.0,57.67,326.81
ORD_01434,CUST_00448,2025-12-27 15:56:30,Delivered,Credit Card,0.0,0.0,361.99
ORD_01435,CUST_00485,2025-12-27 16:30:35,Delivered,Klarna / BNPL,0.0,0.0,114.0
ORD_01436,CUST_00496,2025-12-27 16:43:59,Delivered,Credit Card,0.0,49.8,448.2
ORD_01437,CUST_00110,2025-12-27 17:19:31,Delivered,Credit Card,0.0,0.0,566.5
ORD_01438,CUST_00179,2025-12-27 18:14:24,Delivered,PayPal,0.0,0.0,255.5
ORD_01439,CUST_00485,2025-12-27 18:15:10,Delivered,Klarna / BNPL,0.0,0.0,235.96
ORD_01440,CUST_00493,2025-12-27 19:14:58,Delivered,PayPal,0.0,0.0,183.0
ORD_01441,CUST_00485,2025-12-27 20:26:33,Delivered,PayPal,0.0,53.1,300.88
ORD_01442,CUST_00339,2025-12-27 22:14:13,Returned,Credit Card,0.0,0.0,325.49
ORD_01443,CUST_00441,2025-12-27 22:28:52,Delivered,Credit Card,0.0,0.0,511.0
ORD_01444,CUST_00449,2025-12-27 22:47:45,Delivered,Credit Card,8.99,3.8,43.19
ORD_01445,CUST_00406,2025-12-28 08:04:10,Delivered,Apple Pay,0.0,25.0,202.0
ORD_01446,CUST_00495,2025-12-28 08:25:35,Delivered,Credit Card,4.99,0.0,466.48
ORD_01447,CUST_00469,2025-12-28 08:55:33,Returned,Credit Card,0.0,15.45,139.05
ORD_01448,CUST_00493,2025-12-28 10:58:46,Delivered,Apple Pay,0.0,0.0,362.5
ORD_01449,CUST_00119,2025-12-28 11:10:59,Delivered,Apple Pay,0.0,0.0,494.49
ORD_01450,CUST_00467,2025-12-28 11:37:12,Delivered,Apple Pay,0.0,0.0,170.49
ORD_01451,CUST_00421,2025-12-28 12:24:07,Delivered,PayPal,0.0,0.0,354.48
ORD_01452,CUST_00481,2025-12-28 17:46:55,Delivered,Credit Card,0.0,0.0,167.0
ORD_01453,CUST_00485,2025-12-28 18:26:27,Delivered,Credit Card,4.99,101.4,410.57
ORD_01454,CUST_00469,2025-12-28 22:04:42,Delivered,Apple Pay,0.0,273.94,2465.51
ORD_01455,CUST_00469,2025-12-28 22:15:30,Returned,Credit Card,5.99,11.1,68.88
ORD_01456,CUST_00314,2025-12-28 22:32:22,Delivered,Apple Pay,0.0,0.0,364.98
ORD_01457,CUST_00419,2025-12-29 08:53:34,Delivered,Credit Card,4.99,0.0,393.48
ORD_01458,CUST_00485,2025-12-29 09:57:46,Delivered,Apple Pay,0.0,0.0,197.5
ORD_01459,CUST_00279,2025-12-29 11:16:14,Delivered,PayPal,0.0,0.0,267.5
ORD_01460,CUST_00487,2025-12-29 13:11:47,Delivered,Credit Card,0.0,38.2,152.8
ORD_01461,CUST_00453,2025-12-29 13:28:59,Delivered,PayPal,0.0,0.0,367.49
ORD_01462,CUST_00188,2025-12-29 13:39:32,Delivered,PayPal,0.0,10.0,90.5
ORD_01463,CUST_00426,2025-12-29 14:00:21,Delivered,Credit Card,4.99,40.8,168.17
ORD_01464,CUST_00448,2025-12-29 17:02:46,Delivered,Credit Card,0.0,10.0,642.5
ORD_01465,CUST_00472,2025-12-29 18:27:24,Delivered,Apple Pay,0.0,104.0,416.0
ORD_01466,CUST_00153,2025-12-29 18:38:40,Delivered,PayPal,0.0,0.0,592.0
ORD_01467,CUST_00419,2025-12-29 20:37:58,Delivered,Apple Pay,4.99,49.05,282.93
ORD_01468,CUST_00498,2025-12-29 20:45:31,Delivered,Credit Card,0.0,25.0,116.0
ORD_01469,CUST_00495,2025-12-29 22:07:04,Delivered,PayPal,0.0,0.0,572.5
ORD_01470,CUST_00339,2025-12-30 08:07:45,Delivered,Credit Card,0.0,17.7,159.29
ORD_01471,CUST_00125,2025-12-30 09:20:54,Delivered,PayPal,0.0,0.0,254.5
ORD_01472,CUST_00485,2025-12-30 09:24:31,Delivered,PayPal,0.0,0.0,423.5
ORD_01473,CUST_00498,2025-12-30 09:30:38,Delivered,Credit Card,0.0,25.0,342.98
ORD_01474,CUST_00434,2025-12-30 11:12:57,Delivered,Credit Card,4.99,23.99,100.97
ORD_01475,CUST_00366,2025-12-30 11:53:56,Delivered,Klarna / BNPL,4.99,0.0,414.96
ORD_01476,CUST_00495,2025-12-30 12:16:55,Delivered,Apple Pay,0.0,0.0,241.99
ORD_01477,CUST_00410,2025-12-30 15:20:06,Returned,PayPal,4.99,0.0,154.99
ORD_01478,CUST_00498,2025-12-30 15:25:44,Delivered,Apple Pay,0.0,50.25,452.24
ORD_01479,CUST_00462,2025-12-30 16:39:19,Delivered,Apple Pay,0.0,13.0,116.98
ORD_01480,CUST_00494,2025-12-30 17:07:09,Delivered,Apple Pay,0.0,0.0,236.98
ORD_01481,CUST_00279,2025-12-30 18:16:12,Delivered,PayPal,0.0,108.49,433.95
ORD_01482,CUST_00485,2025-12-30 18:35:38,Delivered,Klarna / BNPL,0.0,72.3,289.2
ORD_01483,CUST_00485,2025-12-30 18:48:19,Delivered,Credit Card,0.0,28.15,253.31
ORD_01484,CUST_00462,2025-12-30 19:04:57,Delivered,Credit Card,0.0,0.0,302.48
ORD_01485,CUST_00462,2025-12-30 19:44:01,Returned,Klarna / BNPL,0.0,0.0,197.99
ORD_01486,CUST_00449,2025-12-30 20:30:01,Delivered,Credit Card,0.0,10.0,165.99
ORD_01487,CUST_00447,2025-12-30 21:12:50,Delivered,Klarna / BNPL,0.0,91.12,516.38
ORD_01488,CUST_00493,2025-12-31 09:19:04,Delivered,Credit Card,0.0,86.15,775.35
ORD_01489,CUST_00499,2025-12-31 12:00:05,Delivered,PayPal,4.99,8.4,80.59
ORD_01490,CUST_00500,2025-12-31 13:09:47,Delivered,Credit Card,0.0,15.0,651.95
ORD_01491,CUST_00258,2025-12-31 13:38:50,Delivered,Credit Card,0.0,0.0,203.49
ORD_01492,CUST_00496,2025-12-31 13:47:09,Returned,Credit Card,0.0,0.0,528.5
ORD_01493,CUST_00430,2025-12-31 14:00:30,Delivered,PayPal,0.0,0.0,126.0
ORD_01494,CUST_00472,2025-12-31 14:12:32,Delivered,PayPal,5.99,25.0,54.49
ORD_01495,CUST_00453,2025-12-31 14:32:41,Delivered,Credit Card,0.0,31.88,180.62
ORD_01496,CUST_00467,2025-12-31 15:06:40,Returned,Apple Pay,0.0,13.15,118.35
ORD_01497,CUST_00487,2025-12-31 18:44:28,Delivered,PayPal,0.0,0.0,332.0
ORD_01498,CUST_00383,2025-12-31 20:17:44,Delivered,Apple Pay,0.0,20.0,429.49
ORD_01499,CUST_00496,2025-12-31 21:38:01,Delivered,PayPal,0.0,40.84,367.61
ORD_01500,CUST_00487,2025-12-31 22:47:02,Delivered,Klarna / BNPL,0.0,10.0,106.49
