order_item_id,order_id,product_id,quantity,unit_price,line_total
1,ORD_00001,PROD_039,1,64.5,64.5
2,ORD_00001,PROD_017,1,53.0,53.0
3,ORD_00001,PROD_025,2,53.0,106.0
4,ORD_00001,PROD_043,1,179.5,179.5
5,ORD_00002,PROD_012,1,153.0,153.0
6,ORD_00002,PROD_001,2,54.0,108.0
7,ORD_00002,PROD_024,2,38.0,76.0
8,ORD_00002,PROD_015,1,41.0,41.0
9,ORD_00003,PROD_049,1,97.0,97.0
10,ORD_00003,PROD_028,1,73.5,73.5
11,ORD_00004,PROD_038,1,170.0,170.0
12,ORD_00004,PROD_021,5,87.0,435.0
13,ORD_00005,PROD_033,1,48.0,48.0
14,ORD_00006,PROD_029,6,62.5,375.0
15,ORD_00006,PROD_003,1,131.5,131.5
16,ORD_00006,PROD_009,5,66.0,330.0
17,ORD_00007,PROD_005,2,116.0,232.0
18,ORD_00007,PROD_038,1,170.0,170.0
19,ORD_00008,PROD_005,1,116.0,116.0
20,ORD_00008,PROD_008,1,68.5,68.5
21,ORD_00008,PROD_023,2,73.99,147.98
22,ORD_00009,PROD_010,1,191.0,191.0
23,ORD_00010,PROD_043,7,179.5,1256.5
24,ORD_00010,PROD_015,1,41.0,41.0
25,ORD_00010,PROD_006,1,102.0,102.0
26,ORD_00010,PROD_039,1,64.5,64.5
27,ORD_00011,PROD_032,1,44.99,44.99
28,ORD_00011,PROD_037,1,98.99,98.99
29,ORD_00012,PROD_042,1,65.0,65.0
30,ORD_00012,PROD_023,1,73.99,73.99
31,ORD_00013,PROD_023,1,73.99,73.99
32,ORD_00013,PROD_050,1,90.99,90.99
33,ORD_00014,PROD_018,2,52.0,104.0
34,ORD_00015,PROD_015,1,41.0,41.0
35,ORD_00015,PROD_020,1,24.5,24.5
36,ORD_00016,PROD_023,1,73.99,73.99
37,ORD_00017,PROD_013,1,154.5,154.5
38,ORD_00018,PROD_006,7,102.0,714.0
39,ORD_00018,PROD_047,1,114.0,114.0
40,ORD_00018,PROD_037,1,98.99,98.99
41,ORD_00018,PROD_050,3,90.99,272.97
42,ORD_00019,PROD_038,1,170.0,170.0
43,ORD_00020,PROD_050,2,90.99,181.98
44,ORD_00021,PROD_020,1,24.5,24.5
45,ORD_00021,PROD_040,1,104.99,104.99
46,ORD_00021,PROD_044,2,176.99,353.98
47,ORD_00021,PROD_045,1,58.99,58.99
48,ORD_00021,PROD_018,1,52.0,52.0
49,ORD_00021,PROD_039,1,64.5,64.5
50,ORD_00022,PROD_003,2,131.5,263.0
51,ORD_00022,PROD_030,1,35.99,35.99
52,ORD_00022,PROD_050,1,90.99,90.99
53,ORD_00023,PROD_021,2,87.0,174.0
54,ORD_00023,PROD_017,2,53.0,106.0
55,ORD_00024,PROD_025,1,53.0,53.0
56,ORD_00024,PROD_033,1,48.0,48.0
57,ORD_00025,PROD_033,10,48.0,480.0
58,ORD_00025,PROD_031,1,100.5,100.5
59,ORD_00026,PROD_043,2,179.5,359.0
60,ORD_00027,PROD_029,1,62.5,62.5
61,ORD_00027,PROD_048,1,208.99,208.99
62,ORD_00028,PROD_044,2,176.99,353.98
63,ORD_00028,PROD_020,1,24.5,24.5
64,ORD_00028,PROD_047,2,114.0,228.0
65,ORD_00029,PROD_030,2,35.99,71.98
66,ORD_00029,PROD_015,1,41.0,41.0
67,ORD_00029,PROD_007,1,101.99,101.99
68,ORD_00030,PROD_001,1,54.0,54.0
69,ORD_00030,PROD_044,1,176.99,176.99
70,ORD_00030,PROD_028,2,73.5,147.0
71,ORD_00030,PROD_003,2,131.5,263.0
72,ORD_00030,PROD_048,1,208.99,208.99
73,ORD_00031,PROD_019,3,66.5,199.5
74,ORD_00031,PROD_009,1,66.0,66.0
75,ORD_00031,PROD_024,1,38.0,38.0
76,ORD_00032,PROD_041,2,212.5,425.0
77,ORD_00033,PROD_039,1,64.5,64.5
78,ORD_00033,PROD_003,2,131.5,263.0
79,ORD_00034,PROD_004,1,103.0,103.0
80,ORD_00034,PROD_043,1,179.5,179.5
81,ORD_00035,PROD_041,1,212.5,212.5
82,ORD_00035,PROD_005,2,116.0,232.0
83,ORD_00035,PROD_022,1,38.99,38.99
84,ORD_00035,PROD_003,2,131.5,263.0
85,ORD_00036,PROD_042,1,65.0,65.0
86,ORD_00037,PROD_011,1,79.0,79.0
87,ORD_00038,PROD_003,2,131.5,263.0
88,ORD_00038,PROD_016,1,114.99,114.99
89,ORD_00038,PROD_014,1,183.0,183.0
90,ORD_00039,PROD_012,3,153.0,459.0
91,ORD_00039,PROD_043,1,179.5,179.5
92,ORD_00039,PROD_020,2,24.5,49.0
93,ORD_00040,PROD_050,1,90.99,90.99
94,ORD_00040,PROD_006,1,102.0,102.0
95,ORD_00041,PROD_004,2,103.0,206.0
96,ORD_00041,PROD_018,1,52.0,52.0
97,ORD_00041,PROD_042,1,65.0,65.0
98,ORD_00041,PROD_011,1,79.0,79.0
99,ORD_00042,PROD_013,1,154.5,154.5
100,ORD_00042,PROD_048,2,208.99,417.98
101,ORD_00042,PROD_034,1,113.5,113.5
102,ORD_00042,PROD_017,1,53.0,53.0
103,ORD_00043,PROD_031,2,100.5,201.0
104,ORD_00043,PROD_033,1,48.0,48.0
105,ORD_00044,PROD_050,1,90.99,90.99
106,ORD_00044,PROD_008,1,68.5,68.5
107,ORD_00044,PROD_047,2,114.0,228.0
108,ORD_00044,PROD_019,1,66.5,66.5
109,ORD_00044,PROD_018,2,52.0,104.0
110,ORD_00045,PROD_015,10,41.0,410.0
111,ORD_00045,PROD_047,2,114.0,228.0
112,ORD_00045,PROD_044,1,176.99,176.99
113,ORD_00045,PROD_011,1,79.0,79.0
114,ORD_00046,PROD_020,4,24.5,98.0
115,ORD_00046,PROD_045,2,58.99,117.98
116,ORD_00047,PROD_010,1,191.0,191.0
117,ORD_00047,PROD_029,1,62.5,62.5
118,ORD_00048,PROD_019,1,66.5,66.5
119,ORD_00048,PROD_049,1,97.0,97.0
120,ORD_00049,PROD_028,1,73.5,73.5
121,ORD_00049,PROD_043,1,179.5,179.5
122,ORD_00049,PROD_012,1,153.0,153.0
123,ORD_00049,PROD_004,7,103.0,721.0
124,ORD_00049,PROD_032,1,44.99,44.99
125,ORD_00049,PROD_050,1,90.99,90.99
126,ORD_00050,PROD_009,3,66.0,198.0
127,ORD_00050,PROD_038,1,170.0,170.0
128,ORD_00050,PROD_031,1,100.5,100.5
129,ORD_00050,PROD_036,1,98.5,98.5
130,ORD_00050,PROD_042,1,65.0,65.0
131,ORD_00051,PROD_020,2,24.5,49.0
132,ORD_00051,PROD_045,1,58.99,58.99
133,ORD_00051,PROD_031,3,100.5,301.5
134,ORD_00051,PROD_010,1,191.0,191.0
135,ORD_00051,PROD_008,2,68.5,137.0
136,ORD_00052,PROD_022,1,38.99,38.99
137,ORD_00052,PROD_008,1,68.5,68.5
138,ORD_00052,PROD_030,1,35.99,35.99
139,ORD_00053,PROD_028,2,73.5,147.0
140,ORD_00053,PROD_007,1,101.99,101.99
141,ORD_00054,PROD_026,1,41.99,41.99
142,ORD_00054,PROD_018,1,52.0,52.0
143,ORD_00054,PROD_013,1,154.5,154.5
144,ORD_00055,PROD_037,3,98.99,296.97
145,ORD_00055,PROD_014,1,183.0,183.0
146,ORD_00056,PROD_046,1,84.0,84.0
147,ORD_00056,PROD_038,3,170.0,510.0
148,ORD_00056,PROD_012,9,153.0,1377.0
149,ORD_00057,PROD_009,1,66.0,66.0
150,ORD_00057,PROD_026,1,41.99,41.99
151,ORD_00058,PROD_004,2,103.0,206.0
152,ORD_00059,PROD_014,1,183.0,183.0
153,ORD_00060,PROD_022,1,38.99,38.99
154,ORD_00060,PROD_032,1,44.99,44.99
155,ORD_00061,PROD_047,2,114.0,228.0
156,ORD_00062,PROD_008,1,68.5,68.5
157,ORD_00063,PROD_013,1,154.5,154.5
158,ORD_00063,PROD_036,1,98.5,98.5
159,ORD_00063,PROD_006,7,102.0,714.0
160,ORD_00063,PROD_003,1,131.5,131.5
161,ORD_00063,PROD_016,1,114.99,114.99
162,ORD_00063,PROD_004,1,103.0,103.0
163,ORD_00064,PROD_018,2,52.0,104.0
164,ORD_00064,PROD_016,1,114.99,114.99
165,ORD_00064,PROD_015,1,41.0,41.0
166,ORD_00064,PROD_035,1,25.5,25.5
167,ORD_00064,PROD_048,1,208.99,208.99
168,ORD_00065,PROD_038,1,170.0,170.0
169,ORD_00065,PROD_044,3,176.99,530.97
170,ORD_00066,PROD_042,1,65.0,65.0
171,ORD_00066,PROD_025,1,53.0,53.0
172,ORD_00067,PROD_041,2,212.5,425.0
173,ORD_00067,PROD_038,1,170.0,170.0
174,ORD_00068,PROD_013,7,154.5,1081.5
175,ORD_00068,PROD_004,1,103.0,103.0
176,ORD_00069,PROD_024,1,38.0,38.0
177,ORD_00070,PROD_032,4,44.99,179.96
178,ORD_00071,PROD_017,1,53.0,53.0
179,ORD_00071,PROD_047,1,114.0,114.0
180,ORD_00071,PROD_037,1,98.99,98.99
181,ORD_00072,PROD_018,2,52.0,104.0
182,ORD_00072,PROD_001,2,54.0,108.0
183,ORD_00072,PROD_034,1,113.5,113.5
184,ORD_00072,PROD_013,1,154.5,154.5
185,ORD_00073,PROD_029,4,62.5,250.0
186,ORD_00074,PROD_042,2,65.0,130.0
187,ORD_00075,PROD_036,1,98.5,98.5
188,ORD_00075,PROD_029,1,62.5,62.5
189,ORD_00075,PROD_016,1,114.99,114.99
190,ORD_00075,PROD_027,1,83.5,83.5
191,ORD_00075,PROD_013,2,154.5,309.0
192,ORD_00076,PROD_024,1,38.0,38.0
193,ORD_00077,PROD_006,1,102.0,102.0
194,ORD_00077,PROD_038,1,170.0,170.0
195,ORD_00078,PROD_043,1,179.5,179.5
196,ORD_00078,PROD_037,1,98.99,98.99
197,ORD_00079,PROD_005,1,116.0,116.0
198,ORD_00079,PROD_020,1,24.5,24.5
199,ORD_00079,PROD_038,1,170.0,170.0
200,ORD_00080,PROD_022,1,38.99,38.99
201,ORD_00081,PROD_027,1,83.5,83.5
202,ORD_00082,PROD_010,1,191.0,191.0
203,ORD_00082,PROD_040,1,104.99,104.99
204,ORD_00083,PROD_007,1,101.99,101.99
205,ORD_00083,PROD_031,4,100.5,402.0
206,ORD_00083,PROD_032,1,44.99,44.99
207,ORD_00084,PROD_012,1,153.0,153.0
208,ORD_00084,PROD_002,2,131.99,263.98
209,ORD_00084,PROD_023,2,73.99,147.98
210,ORD_00085,PROD_037,4,98.99,395.96
211,ORD_00085,PROD_007,1,101.99,101.99
212,ORD_00085,PROD_027,1,83.5,83.5
213,ORD_00086,PROD_021,1,87.0,87.0
214,ORD_00086,PROD_013,1,154.5,154.5
215,ORD_00086,PROD_034,1,113.5,113.5
216,ORD_00087,PROD_050,1,90.99,90.99
217,ORD_00087,PROD_017,1,53.0,53.0
218,ORD_00087,PROD_047,1,114.0,114.0
219,ORD_00087,PROD_016,1,114.99,114.99
220,ORD_00088,PROD_005,1,116.0,116.0
221,ORD_00088,PROD_014,3,183.0,549.0
222,ORD_00088,PROD_018,1,52.0,52.0
223,ORD_00088,PROD_012,1,153.0,153.0
224,ORD_00088,PROD_049,1,97.0,97.0
225,ORD_00089,PROD_005,1,116.0,116.0
226,ORD_00090,PROD_021,1,87.0,87.0
227,ORD_00090,PROD_015,2,41.0,82.0
228,ORD_00091,PROD_003,1,131.5,131.5
229,ORD_00092,PROD_033,5,48.0,240.0
230,ORD_00093,PROD_031,1,100.5,100.5
231,ORD_00093,PROD_050,1,90.99,90.99
232,ORD_00094,PROD_017,1,53.0,53.0
233,ORD_00095,PROD_004,2,103.0,206.0
234,ORD_00095,PROD_046,1,84.0,84.0
235,ORD_00095,PROD_042,2,65.0,130.0
236,ORD_00096,PROD_034,2,113.5,227.0
237,ORD_00096,PROD_048,1,208.99,208.99
238,ORD_00097,PROD_024,1,38.0,38.0
239,ORD_00098,PROD_027,1,83.5,83.5
240,ORD_00098,PROD_024,4,38.0,152.0
241,ORD_00098,PROD_030,2,35.99,71.98
242,ORD_00098,PROD_021,2,87.0,174.0
243,ORD_00098,PROD_026,1,41.99,41.99
244,ORD_00099,PROD_042,2,65.0,130.0
245,ORD_00099,PROD_027,3,83.5,250.5
246,ORD_00099,PROD_047,1,114.0,114.0
247,ORD_00100,PROD_044,10,176.99,1769.9
248,ORD_00101,PROD_028,2,73.5,147.0
249,ORD_00101,PROD_040,1,104.99,104.99
250,ORD_00102,PROD_001,2,54.0,108.0
251,ORD_00103,PROD_048,1,208.99,208.99
252,ORD_00103,PROD_030,2,35.99,71.98
253,ORD_00103,PROD_011,2,79.0,158.0
254,ORD_00104,PROD_007,1,101.99,101.99
255,ORD_00104,PROD_014,4,183.0,732.0
256,ORD_00105,PROD_024,2,38.0,76.0
257,ORD_00105,PROD_031,1,100.5,100.5
258,ORD_00106,PROD_012,2,153.0,306.0
259,ORD_00106,PROD_031,1,100.5,100.5
260,ORD_00107,PROD_030,2,35.99,71.98
261,ORD_00107,PROD_007,1,101.99,101.99
262,ORD_00108,PROD_046,1,84.0,84.0
263,ORD_00108,PROD_026,1,41.99,41.99
264,ORD_00108,PROD_023,1,73.99,73.99
265,ORD_00109,PROD_005,1,116.0,116.0
266,ORD_00109,PROD_012,1,153.0,153.0
267,ORD_00109,PROD_021,1,87.0,87.0
268,ORD_00109,PROD_029,1,62.5,62.5
269,ORD_00110,PROD_004,1,103.0,103.0
270,ORD_00110,PROD_005,1,116.0,116.0
271,ORD_00111,PROD_018,1,52.0,52.0
272,ORD_00111,PROD_036,1,98.5,98.5
273,ORD_00111,PROD_021,2,87.0,174.0
274,ORD_00111,PROD_041,1,212.5,212.5
275,ORD_00112,PROD_049,1,97.0,97.0
276,ORD_00112,PROD_013,1,154.5,154.5
277,ORD_00112,PROD_012,1,153.0,153.0
278,ORD_00112,PROD_032,1,44.99,44.99
279,ORD_00112,PROD_019,1,66.5,66.5
280,ORD_00113,PROD_045,2,58.99,117.98
281,ORD_00113,PROD_036,1,98.5,98.5
282,ORD_00113,PROD_048,2,208.99,417.98
283,ORD_00114,PROD_040,2,104.99,209.98
284,ORD_00114,PROD_026,1,41.99,41.99
285,ORD_00114,PROD_038,1,170.0,170.0
286,ORD_00114,PROD_045,1,58.99,58.99
287,ORD_00114,PROD_027,1,83.5,83.5
288,ORD_00115,PROD_044,2,176.99,353.98
289,ORD_00115,PROD_040,2,104.99,209.98
290,ORD_00115,PROD_002,2,131.99,263.98
291,ORD_00115,PROD_017,1,53.0,53.0
292,ORD_00115,PROD_025,2,53.0,106.0
293,ORD_00115,PROD_003,2,131.5,263.0
294,ORD_00116,PROD_004,1,103.0,103.0
295,ORD_00117,PROD_018,1,52.0,52.0
296,ORD_00117,PROD_005,1,116.0,116.0
297,ORD_00117,PROD_020,1,24.5,24.5
298,ORD_00118,PROD_007,1,101.99,101.99
299,ORD_00118,PROD_002,2,131.99,263.98
300,ORD_00118,PROD_034,1,113.5,113.5
301,ORD_00119,PROD_022,1,38.99,38.99
302,ORD_00119,PROD_042,2,65.0,130.0
303,ORD_00120,PROD_028,4,73.5,294.0
304,ORD_00120,PROD_035,1,25.5,25.5
305,ORD_00120,PROD_043,1,179.5,179.5
306,ORD_00120,PROD_023,1,73.99,73.99
307,ORD_00120,PROD_029,2,62.5,125.0
308,ORD_00121,PROD_035,2,25.5,51.0
309,ORD_00122,PROD_009,1,66.0,66.0
310,ORD_00123,PROD_030,1,35.99,35.99
311,ORD_00123,PROD_032,2,44.99,89.98
312,ORD_00123,PROD_048,4,208.99,835.96
313,ORD_00123,PROD_024,1,38.0,38.0
314,ORD_00123,PROD_019,2,66.5,133.0
315,ORD_00123,PROD_041,3,212.5,637.5
316,ORD_00124,PROD_014,1,183.0,183.0
317,ORD_00125,PROD_003,1,131.5,131.5
318,ORD_00125,PROD_043,1,179.5,179.5
319,ORD_00125,PROD_008,1,68.5,68.5
320,ORD_00125,PROD_011,1,79.0,79.0
321,ORD_00126,PROD_029,1,62.5,62.5
322,ORD_00126,PROD_015,2,41.0,82.0
323,ORD_00126,PROD_036,1,98.5,98.5
324,ORD_00126,PROD_011,1,79.0,79.0
325,ORD_00127,PROD_034,4,113.5,454.0
326,ORD_00128,PROD_034,1,113.5,113.5
327,ORD_00128,PROD_043,2,179.5,359.0
328,ORD_00128,PROD_010,2,191.0,382.0
329,ORD_00128,PROD_029,1,62.5,62.5
330,ORD_00128,PROD_022,1,38.99,38.99
331,ORD_00129,PROD_034,1,113.5,113.5
332,ORD_00129,PROD_027,1,83.5,83.5
333,ORD_00130,PROD_033,2,48.0,96.0
334,ORD_00130,PROD_003,1,131.5,131.5
335,ORD_00130,PROD_027,1,83.5,83.5
336,ORD_00130,PROD_025,2,53.0,106.0
337,ORD_00131,PROD_023,8,73.99,591.92
338,ORD_00132,PROD_024,1,38.0,38.0
339,ORD_00133,PROD_003,1,131.5,131.5
340,ORD_00133,PROD_008,1,68.5,68.5
341,ORD_00134,PROD_008,1,68.5,68.5
342,ORD_00135,PROD_007,1,101.99,101.99
343,ORD_00135,PROD_027,1,83.5,83.5
344,ORD_00135,PROD_008,3,68.5,205.5
345,ORD_00135,PROD_046,1,84.0,84.0
346,ORD_00136,PROD_047,1,114.0,114.0
347,ORD_00136,PROD_021,3,87.0,261.0
348,ORD_00136,PROD_040,1,104.99,104.99
349,ORD_00136,PROD_013,1,154.5,154.5
350,ORD_00136,PROD_004,1,103.0,103.0
351,ORD_00136,PROD_045,1,58.99,58.99
352,ORD_00137,PROD_031,1,100.5,100.5
353,ORD_00138,PROD_008,1,68.5,68.5
354,ORD_00139,PROD_038,3,170.0,510.0
355,ORD_00140,PROD_025,1,53.0,53.0
356,ORD_00140,PROD_043,1,179.5,179.5
357,ORD_00140,PROD_050,1,90.99,90.99
358,ORD_00140,PROD_029,1,62.5,62.5
359,ORD_00141,PROD_033,2,48.0,96.0
360,ORD_00141,PROD_012,1,153.0,153.0
361,ORD_00142,PROD_015,1,41.0,41.0
362,ORD_00142,PROD_030,1,35.99,35.99
363,ORD_00143,PROD_004,1,103.0,103.0
364,ORD_00143,PROD_009,1,66.0,66.0
365,ORD_00143,PROD_038,1,170.0,170.0
366,ORD_00143,PROD_026,2,41.99,83.98
367,ORD_00143,PROD_035,1,25.5,25.5
368,ORD_00143,PROD_050,2,90.99,181.98
369,ORD_00144,PROD_042,1,65.0,65.0
370,ORD_00144,PROD_048,1,208.99,208.99
371,ORD_00145,PROD_046,4,84.0,336.0
372,ORD_00145,PROD_034,1,113.5,113.5
373,ORD_00146,PROD_022,3,38.99,116.97
374,ORD_00147,PROD_044,1,176.99,176.99
375,ORD_00147,PROD_001,1,54.0,54.0
376,ORD_00147,PROD_014,1,183.0,183.0
377,ORD_00147,PROD_033,2,48.0,96.0
378,ORD_00147,PROD_031,4,100.5,402.0
379,ORD_00148,PROD_036,1,98.5,98.5
380,ORD_00148,PROD_020,3,24.5,73.5
381,ORD_00148,PROD_022,1,38.99,38.99
382,ORD_00148,PROD_031,2,100.5,201.0
383,ORD_00148,PROD_049,1,97.0,97.0
384,ORD_00149,PROD_049,2,97.0,194.0
385,ORD_00149,PROD_002,2,131.99,263.98
386,ORD_00150,PROD_044,2,176.99,353.98
387,ORD_00150,PROD_023,1,73.99,73.99
388,ORD_00151,PROD_015,1,41.0,41.0
389,ORD_00151,PROD_042,1,65.0,65.0
390,ORD_00152,PROD_044,1,176.99,176.99
391,ORD_00153,PROD_030,3,35.99,107.97
392,ORD_00154,PROD_049,1,97.0,97.0
393,ORD_00154,PROD_016,1,114.99,114.99
394,ORD_00155,PROD_010,1,191.0,191.0
395,ORD_00156,PROD_049,1,97.0,97.0
396,ORD_00156,PROD_020,1,24.5,24.5
397,ORD_00156,PROD_014,1,183.0,183.0
398,ORD_00157,PROD_043,1,179.5,179.5
399,ORD_00157,PROD_015,1,41.0,41.0
400,ORD_00158,PROD_024,2,38.0,76.0
401,ORD_00158,PROD_049,2,97.0,194.0
402,ORD_00159,PROD_043,3,179.5,538.5
403,ORD_00159,PROD_022,1,38.99,38.99
404,ORD_00160,PROD_049,1,97.0,97.0
405,ORD_00160,PROD_035,1,25.5,25.5
406,ORD_00161,PROD_016,1,114.99,114.99
407,ORD_00161,PROD_008,2,68.5,137.0
408,ORD_00162,PROD_028,1,73.5,73.5
409,ORD_00162,PROD_043,1,179.5,179.5
410,ORD_00163,PROD_008,1,68.5,68.5
411,ORD_00164,PROD_041,1,212.5,212.5
412,ORD_00164,PROD_050,1,90.99,90.99
413,ORD_00164,PROD_012,1,153.0,153.0
414,ORD_00165,PROD_006,1,102.0,102.0
415,ORD_00165,PROD_024,1,38.0,38.0
416,ORD_00165,PROD_032,1,44.99,44.99
417,ORD_00165,PROD_010,1,191.0,191.0
418,ORD_00165,PROD_012,1,153.0,153.0
419,ORD_00166,PROD_029,4,62.5,250.0
420,ORD_00167,PROD_031,1,100.5,100.5
421,ORD_00168,PROD_010,1,191.0,191.0
422,ORD_00168,PROD_028,1,73.5,73.5
423,ORD_00168,PROD_008,2,68.5,137.0
424,ORD_00169,PROD_048,1,208.99,208.99
425,ORD_00169,PROD_024,1,38.0,38.0
426,ORD_00169,PROD_040,2,104.99,209.98
427,ORD_00170,PROD_042,1,65.0,65.0
428,ORD_00170,PROD_025,1,53.0,53.0
429,ORD_00170,PROD_020,1,24.5,24.5
430,ORD_00171,PROD_021,1,87.0,87.0
431,ORD_00171,PROD_038,1,170.0,170.0
432,ORD_00171,PROD_032,1,44.99,44.99
433,ORD_00171,PROD_014,1,183.0,183.0
434,ORD_00171,PROD_025,1,53.0,53.0
435,ORD_00172,PROD_004,1,103.0,103.0
436,ORD_00172,PROD_050,3,90.99,272.97
437,ORD_00172,PROD_042,2,65.0,130.0
438,ORD_00173,PROD_030,2,35.99,71.98
439,ORD_00174,PROD_003,1,131.5,131.5
440,ORD_00174,PROD_017,1,53.0,53.0
441,ORD_00174,PROD_032,2,44.99,89.98
442,ORD_00175,PROD_050,1,90.99,90.99
443,ORD_00175,PROD_048,1,208.99,208.99
444,ORD_00176,PROD_045,1,58.99,58.99
445,ORD_00176,PROD_035,4,25.5,102.0
446,ORD_00176,PROD_030,1,35.99,35.99
447,ORD_00176,PROD_016,2,114.99,229.98
448,ORD_00177,PROD_006,1,102.0,102.0
449,ORD_00178,PROD_020,1,24.5,24.5
450,ORD_00179,PROD_011,1,79.0,79.0
451,ORD_00179,PROD_012,1,153.0,153.0
452,ORD_00179,PROD_032,1,44.99,44.99
453,ORD_00180,PROD_019,1,66.5,66.5
454,ORD_00180,PROD_032,1,44.99,44.99
455,ORD_00180,PROD_040,1,104.99,104.99
456,ORD_00181,PROD_041,1,212.5,212.5
457,ORD_00181,PROD_031,1,100.5,100.5
458,ORD_00181,PROD_036,1,98.5,98.5
459,ORD_00182,PROD_019,1,66.5,66.5
460,ORD_00182,PROD_023,1,73.99,73.99
461,ORD_00183,PROD_008,1,68.5,68.5
462,ORD_00184,PROD_029,2,62.5,125.0
463,ORD_00185,PROD_027,1,83.5,83.5
464,ORD_00185,PROD_022,1,38.99,38.99
465,ORD_00186,PROD_038,2,170.0,340.0
466,ORD_00186,PROD_025,2,53.0,106.0
467,ORD_00186,PROD_002,1,131.99,131.99
468,ORD_00186,PROD_026,1,41.99,41.99
469,ORD_00187,PROD_013,1,154.5,154.5
470,ORD_00188,PROD_034,2,113.5,227.0
471,ORD_00188,PROD_033,3,48.0,144.0
472,ORD_00189,PROD_014,2,183.0,366.0
473,ORD_00189,PROD_034,1,113.5,113.5
474,ORD_00190,PROD_040,1,104.99,104.99
475,ORD_00191,PROD_017,1,53.0,53.0
476,ORD_00192,PROD_032,2,44.99,89.98
477,ORD_00192,PROD_028,1,73.5,73.5
478,ORD_00193,PROD_041,2,212.5,425.0
479,ORD_00193,PROD_016,3,114.99,344.97
480,ORD_00194,PROD_017,2,53.0,106.0
481,ORD_00194,PROD_008,1,68.5,68.5
482,ORD_00195,PROD_043,1,179.5,179.5
483,ORD_00195,PROD_047,2,114.0,228.0
484,ORD_00195,PROD_039,1,64.5,64.5
485,ORD_00196,PROD_027,6,83.5,501.0
486,ORD_00196,PROD_002,2,131.99,263.98
487,ORD_00197,PROD_043,3,179.5,538.5
488,ORD_00198,PROD_039,1,64.5,64.5
489,ORD_00199,PROD_040,1,104.99,104.99
490,ORD_00200,PROD_007,1,101.99,101.99
491,ORD_00200,PROD_013,3,154.5,463.5
492,ORD_00201,PROD_027,1,83.5,83.5
493,ORD_00202,PROD_041,1,212.5,212.5
494,ORD_00203,PROD_050,1,90.99,90.99
495,ORD_00203,PROD_013,1,154.5,154.5
496,ORD_00203,PROD_037,8,98.99,791.92
497,ORD_00204,PROD_046,1,84.0,84.0
498,ORD_00204,PROD_004,1,103.0,103.0
499,ORD_00204,PROD_017,1,53.0,53.0
500,ORD_00204,PROD_020,1,24.5,24.5
501,ORD_00205,PROD_046,1,84.0,84.0
502,ORD_00205,PROD_006,1,102.0,102.0
503,ORD_00206,PROD_019,1,66.5,66.5
504,ORD_00206,PROD_016,1,114.99,114.99
505,ORD_00206,PROD_026,1,41.99,41.99
506,ORD_00207,PROD_019,1,66.5,66.5
507,ORD_00208,PROD_026,1,41.99,41.99
508,ORD_00208,PROD_014,1,183.0,183.0
509,ORD_00209,PROD_007,1,101.99,101.99
510,ORD_00209,PROD_039,1,64.5,64.5
511,ORD_00209,PROD_017,1,53.0,53.0
512,ORD_00209,PROD_003,2,131.5,263.0
513,ORD_00209,PROD_045,2,58.99,117.98
514,ORD_00210,PROD_036,1,98.5,98.5
515,ORD_00210,PROD_033,1,48.0,48.0
516,ORD_00211,PROD_011,1,79.0,79.0
517,ORD_00211,PROD_016,1,114.99,114.99
518,ORD_00212,PROD_022,1,38.99,38.99
519,ORD_00212,PROD_003,1,131.5,131.5
520,ORD_00212,PROD_015,4,41.0,164.0
521,ORD_00213,PROD_025,1,53.0,53.0
522,ORD_00214,PROD_037,1,98.99,98.99
523,ORD_00214,PROD_029,8,62.5,500.0
524,ORD_00215,PROD_039,2,64.5,129.0
525,ORD_00215,PROD_005,1,116.0,116.0
526,ORD_00215,PROD_004,1,103.0,103.0
527,ORD_00216,PROD_008,1,68.5,68.5
528,ORD_00216,PROD_039,3,64.5,193.5
529,ORD_00217,PROD_014,2,183.0,366.0
530,ORD_00218,PROD_038,3,170.0,510.0
531,ORD_00218,PROD_007,1,101.99,101.99
532,ORD_00218,PROD_003,5,131.5,657.5
533,ORD_00219,PROD_025,1,53.0,53.0
534,ORD_00220,PROD_008,2,68.5,137.0
535,ORD_00221,PROD_033,2,48.0,96.0
536,ORD_00221,PROD_044,1,176.99,176.99
537,ORD_00222,PROD_035,1,25.5,25.5
538,ORD_00222,PROD_003,10,131.5,1315.0
539,ORD_00222,PROD_022,1,38.99,38.99
540,ORD_00222,PROD_041,1,212.5,212.5
541,ORD_00222,PROD_039,2,64.5,129.0
542,ORD_00223,PROD_033,2,48.0,96.0
543,ORD_00223,PROD_040,1,104.99,104.99
544,ORD_00224,PROD_030,1,35.99,35.99
545,ORD_00225,PROD_034,1,113.5,113.5
546,ORD_00225,PROD_018,2,52.0,104.0
547,ORD_00225,PROD_007,2,101.99,203.98
548,ORD_00225,PROD_028,1,73.5,73.5
549,ORD_00226,PROD_012,1,153.0,153.0
550,ORD_00226,PROD_027,1,83.5,83.5
551,ORD_00226,PROD_020,1,24.5,24.5
552,ORD_00226,PROD_015,1,41.0,41.0
553,ORD_00227,PROD_026,1,41.99,41.99
554,ORD_00227,PROD_013,1,154.5,154.5
555,ORD_00227,PROD_037,2,98.99,197.98
556,ORD_00228,PROD_035,1,25.5,25.5
557,ORD_00228,PROD_024,1,38.0,38.0
558,ORD_00228,PROD_004,1,103.0,103.0
559,ORD_00229,PROD_009,3,66.0,198.0
560,ORD_00229,PROD_027,2,83.5,167.0
561,ORD_00230,PROD_036,1,98.5,98.5
562,ORD_00230,PROD_048,3,208.99,626.97
563,ORD_00230,PROD_040,1,104.99,104.99
564,ORD_00230,PROD_039,1,64.5,64.5
565,ORD_00231,PROD_020,1,24.5,24.5
566,ORD_00231,PROD_014,1,183.0,183.0
567,ORD_00232,PROD_037,2,98.99,197.98
568,ORD_00232,PROD_008,1,68.5,68.5
569,ORD_00232,PROD_001,1,54.0,54.0
570,ORD_00232,PROD_040,1,104.99,104.99
571,ORD_00233,PROD_031,1,100.5,100.5
572,ORD_00233,PROD_001,1,54.0,54.0
573,ORD_00234,PROD_006,1,102.0,102.0
574,ORD_00235,PROD_011,1,79.0,79.0
575,ORD_00235,PROD_004,1,103.0,103.0
576,ORD_00236,PROD_048,1,208.99,208.99
577,ORD_00236,PROD_037,1,98.99,98.99
578,ORD_00237,PROD_009,1,66.0,66.0
579,ORD_00237,PROD_042,2,65.0,130.0
580,ORD_00238,PROD_044,1,176.99,176.99
581,ORD_00238,PROD_012,1,153.0,153.0
582,ORD_00238,PROD_015,1,41.0,41.0
583,ORD_00239,PROD_011,2,79.0,158.0
584,ORD_00239,PROD_035,1,25.5,25.5
585,ORD_00239,PROD_007,3,101.99,305.97
586,ORD_00240,PROD_015,1,41.0,41.0
587,ORD_00240,PROD_049,1,97.0,97.0
588,ORD_00241,PROD_009,1,66.0,66.0
589,ORD_00242,PROD_049,1,97.0,97.0
590,ORD_00242,PROD_044,1,176.99,176.99
591,ORD_00242,PROD_016,1,114.99,114.99
592,ORD_00243,PROD_034,2,113.5,227.0
593,ORD_00243,PROD_041,1,212.5,212.5
594,ORD_00243,PROD_027,1,83.5,83.5
595,ORD_00243,PROD_025,1,53.0,53.0
596,ORD_00244,PROD_012,1,153.0,153.0
597,ORD_00244,PROD_050,1,90.99,90.99
598,ORD_00245,PROD_017,1,53.0,53.0
599,ORD_00245,PROD_023,1,73.99,73.99
600,ORD_00245,PROD_048,1,208.99,208.99
601,ORD_00246,PROD_009,1,66.0,66.0
602,ORD_00246,PROD_013,1,154.5,154.5
603,ORD_00246,PROD_022,2,38.99,77.98
604,ORD_00246,PROD_002,1,131.99,131.99
605,ORD_00246,PROD_008,2,68.5,137.0
606,ORD_00246,PROD_045,1,58.99,58.99
607,ORD_00247,PROD_026,1,41.99,41.99
608,ORD_00247,PROD_028,10,73.5,735.0
609,ORD_00247,PROD_033,1,48.0,48.0
610,ORD_00248,PROD_038,3,170.0,510.0
611,ORD_00248,PROD_050,2,90.99,181.98
612,ORD_00249,PROD_009,1,66.0,66.0
613,ORD_00250,PROD_018,2,52.0,104.0
614,ORD_00250,PROD_025,1,53.0,53.0
615,ORD_00250,PROD_049,2,97.0,194.0
616,ORD_00250,PROD_007,2,101.99,203.98
617,ORD_00250,PROD_012,1,153.0,153.0
618,ORD_00251,PROD_018,1,52.0,52.0
619,ORD_00251,PROD_025,1,53.0,53.0
620,ORD_00251,PROD_031,1,100.5,100.5
621,ORD_00251,PROD_023,1,73.99,73.99
622,ORD_00252,PROD_023,2,73.99,147.98
623,ORD_00253,PROD_024,2,38.0,76.0
624,ORD_00253,PROD_013,1,154.5,154.5
625,ORD_00254,PROD_041,1,212.5,212.5
626,ORD_00255,PROD_006,2,102.0,204.0
627,ORD_00256,PROD_018,1,52.0,52.0
628,ORD_00257,PROD_024,1,38.0,38.0
629,ORD_00257,PROD_040,1,104.99,104.99
630,ORD_00257,PROD_011,2,79.0,158.0
631,ORD_00257,PROD_028,1,73.5,73.5
632,ORD_00258,PROD_011,1,79.0,79.0
633,ORD_00259,PROD_033,1,48.0,48.0
634,ORD_00260,PROD_007,2,101.99,203.98
635,ORD_00260,PROD_010,2,191.0,382.0
636,ORD_00261,PROD_037,1,98.99,98.99
637,ORD_00261,PROD_045,1,58.99,58.99
638,ORD_00261,PROD_010,9,191.0,1719.0
639,ORD_00261,PROD_035,1,25.5,25.5
640,ORD_00261,PROD_005,1,116.0,116.0
641,ORD_00262,PROD_004,2,103.0,206.0
642,ORD_00263,PROD_048,1,208.99,208.99
643,ORD_00263,PROD_017,1,53.0,53.0
644,ORD_00263,PROD_046,2,84.0,168.0
645,ORD_00263,PROD_029,1,62.5,62.5
646,ORD_00263,PROD_050,2,90.99,181.98
647,ORD_00263,PROD_031,1,100.5,100.5
648,ORD_00264,PROD_014,1,183.0,183.0
649,ORD_00265,PROD_017,1,53.0,53.0
650,ORD_00265,PROD_013,1,154.5,154.5
651,ORD_00265,PROD_047,1,114.0,114.0
652,ORD_00266,PROD_003,1,131.5,131.5
653,ORD_00267,PROD_013,4,154.5,618.0
654,ORD_00267,PROD_031,1,100.5,100.5
655,ORD_00268,PROD_024,5,38.0,190.0
656,ORD_00268,PROD_008,1,68.5,68.5
657,ORD_00269,PROD_014,1,183.0,183.0
658,ORD_00269,PROD_040,1,104.99,104.99
659,ORD_00269,PROD_009,1,66.0,66.0
660,ORD_00269,PROD_017,1,53.0,53.0
661,ORD_00269,PROD_048,1,208.99,208.99
662,ORD_00270,PROD_026,2,41.99,83.98
663,ORD_00270,PROD_014,2,183.0,366.0
664,ORD_00270,PROD_028,1,73.5,73.5
665,ORD_00270,PROD_027,1,83.5,83.5
666,ORD_00270,PROD_005,1,116.0,116.0
667,ORD_00270,PROD_048,2,208.99,417.98
668,ORD_00271,PROD_008,1,68.5,68.5
669,ORD_00272,PROD_010,4,191.0,764.0
670,ORD_00272,PROD_042,4,65.0,260.0
671,ORD_00272,PROD_045,1,58.99,58.99
672,ORD_00272,PROD_038,2,170.0,340.0
673,ORD_00273,PROD_046,1,84.0,84.0
674,ORD_00274,PROD_018,1,52.0,52.0
675,ORD_00275,PROD_040,1,104.99,104.99
676,ORD_00276,PROD_034,2,113.5,227.0
677,ORD_00276,PROD_044,10,176.99,1769.9
678,ORD_00276,PROD_047,1,114.0,114.0
679,ORD_00276,PROD_013,1,154.5,154.5
680,ORD_00277,PROD_020,1,24.5,24.5
681,ORD_00278,PROD_006,1,102.0,102.0
682,ORD_00278,PROD_037,4,98.99,395.96
683,ORD_00278,PROD_012,1,153.0,153.0
684,ORD_00279,PROD_041,1,212.5,212.5
685,ORD_00279,PROD_024,1,38.0,38.0
686,ORD_00280,PROD_047,1,114.0,114.0
687,ORD_00281,PROD_045,1,58.99,58.99
688,ORD_00281,PROD_036,4,98.5,394.0
689,ORD_00281,PROD_049,1,97.0,97.0
690,ORD_00282,PROD_041,2,212.5,425.0
691,ORD_00282,PROD_019,3,66.5,199.5
692,ORD_00283,PROD_043,1,179.5,179.5
693,ORD_00283,PROD_025,1,53.0,53.0
694,ORD_00283,PROD_016,2,114.99,229.98
695,ORD_00284,PROD_034,3,113.5,340.5
696,ORD_00285,PROD_006,2,102.0,204.0
697,ORD_00285,PROD_030,1,35.99,35.99
698,ORD_00286,PROD_001,1,54.0,54.0
699,ORD_00286,PROD_017,1,53.0,53.0
700,ORD_00287,PROD_001,3,54.0,162.0
701,ORD_00288,PROD_022,1,38.99,38.99
702,ORD_00289,PROD_006,1,102.0,102.0
703,ORD_00290,PROD_050,1,90.99,90.99
704,ORD_00290,PROD_002,1,131.99,131.99
705,ORD_00290,PROD_030,1,35.99,35.99
706,ORD_00290,PROD_036,1,98.5,98.5
707,ORD_00291,PROD_010,1,191.0,191.0
708,ORD_00291,PROD_018,2,52.0,104.0
709,ORD_00291,PROD_008,1,68.5,68.5
710,ORD_00291,PROD_014,2,183.0,366.0
711,ORD_00292,PROD_035,2,25.5,51.0
712,ORD_00293,PROD_010,1,191.0,191.0
713,ORD_00293,PROD_032,2,44.99,89.98
714,ORD_00294,PROD_045,1,58.99,58.99
715,ORD_00294,PROD_024,1,38.0,38.0
716,ORD_00294,PROD_030,2,35.99,71.98
717,ORD_00294,PROD_016,1,114.99,114.99
718,ORD_00294,PROD_038,1,170.0,170.0
719,ORD_00294,PROD_002,1,131.99,131.99
720,ORD_00295,PROD_023,1,73.99,73.99
721,ORD_00295,PROD_028,1,73.5,73.5
722,ORD_00295,PROD_035,4,25.5,102.0
723,ORD_00296,PROD_019,1,66.5,66.5
724,ORD_00296,PROD_046,2,84.0,168.0
725,ORD_00296,PROD_005,1,116.0,116.0
726,ORD_00297,PROD_044,1,176.99,176.99
727,ORD_00297,PROD_038,3,170.0,510.0
728,ORD_00298,PROD_033,1,48.0,48.0
729,ORD_00298,PROD_011,1,79.0,79.0
730,ORD_00299,PROD_024,1,38.0,38.0
731,ORD_00299,PROD_006,1,102.0,102.0
732,ORD_00300,PROD_050,1,90.99,90.99
733,ORD_00301,PROD_011,2,79.0,158.0
734,ORD_00301,PROD_006,1,102.0,102.0
735,ORD_00302,PROD_049,1,97.0,97.0
736,ORD_00303,PROD_004,1,103.0,103.0
737,ORD_00303,PROD_011,1,79.0,79.0
738,ORD_00304,PROD_006,2,102.0,204.0
739,ORD_00304,PROD_012,1,153.0,153.0
740,ORD_00305,PROD_036,1,98.5,98.5
741,ORD_00305,PROD_041,1,212.5,212.5
742,ORD_00306,PROD_042,2,65.0,130.0
743,ORD_00307,PROD_031,1,100.5,100.5
744,ORD_00308,PROD_009,1,66.0,66.0
745,ORD_00308,PROD_046,2,84.0,168.0
746,ORD_00309,PROD_015,2,41.0,82.0
747,ORD_00309,PROD_016,1,114.99,114.99
748,ORD_00309,PROD_010,1,191.0,191.0
749,ORD_00309,PROD_028,1,73.5,73.5
750,ORD_00310,PROD_042,1,65.0,65.0
751,ORD_00311,PROD_021,1,87.0,87.0
752,ORD_00312,PROD_030,1,35.99,35.99
753,ORD_00312,PROD_020,3,24.5,73.5
754,ORD_00313,PROD_041,1,212.5,212.5
755,ORD_00313,PROD_038,1,170.0,170.0
756,ORD_00313,PROD_009,1,66.0,66.0
757,ORD_00314,PROD_029,2,62.5,125.0
758,ORD_00314,PROD_050,1,90.99,90.99
759,ORD_00314,PROD_046,1,84.0,84.0
760,ORD_00314,PROD_031,1,100.5,100.5
761,ORD_00315,PROD_032,1,44.99,44.99
762,ORD_00315,PROD_001,3,54.0,162.0
763,ORD_00316,PROD_008,1,68.5,68.5
764,ORD_00316,PROD_023,1,73.99,73.99
765,ORD_00316,PROD_018,1,52.0,52.0
766,ORD_00316,PROD_007,1,101.99,101.99
767,ORD_00316,PROD_002,10,131.99,1319.9
768,ORD_00317,PROD_008,4,68.5,274.0
769,ORD_00317,PROD_033,1,48.0,48.0
770,ORD_00318,PROD_003,1,131.5,131.5
771,ORD_00318,PROD_002,1,131.99,131.99
772,ORD_00318,PROD_030,3,35.99,107.97
773,ORD_00318,PROD_042,1,65.0,65.0
774,ORD_00319,PROD_041,8,212.5,1700.0
775,ORD_00320,PROD_032,1,44.99,44.99
776,ORD_00320,PROD_022,1,38.99,38.99
777,ORD_00320,PROD_046,1,84.0,84.0
778,ORD_00321,PROD_035,1,25.5,25.5
779,ORD_00321,PROD_013,3,154.5,463.5
780,ORD_00321,PROD_030,2,35.99,71.98
781,ORD_00322,PROD_013,1,154.5,154.5
782,ORD_00322,PROD_042,2,65.0,130.0
783,ORD_00323,PROD_042,1,65.0,65.0
784,ORD_00324,PROD_036,3,98.5,295.5
785,ORD_00324,PROD_011,2,79.0,158.0
786,ORD_00324,PROD_006,1,102.0,102.0
787,ORD_00324,PROD_010,1,191.0,191.0
788,ORD_00324,PROD_005,1,116.0,116.0
789,ORD_00325,PROD_007,1,101.99,101.99
790,ORD_00325,PROD_015,1,41.0,41.0
791,ORD_00325,PROD_003,1,131.5,131.5
792,ORD_00326,PROD_039,1,64.5,64.5
793,ORD_00326,PROD_002,1,131.99,131.99
794,ORD_00326,PROD_024,1,38.0,38.0
795,ORD_00327,PROD_018,3,52.0,156.0
796,ORD_00327,PROD_048,2,208.99,417.98
797,ORD_00327,PROD_023,2,73.99,147.98
798,ORD_00328,PROD_009,1,66.0,66.0
799,ORD_00328,PROD_032,1,44.99,44.99
800,ORD_00328,PROD_050,1,90.99,90.99
801,ORD_00329,PROD_004,2,103.0,206.0
802,ORD_00329,PROD_034,1,113.5,113.5
803,ORD_00329,PROD_011,1,79.0,79.0
804,ORD_00329,PROD_037,1,98.99,98.99
805,ORD_00330,PROD_015,2,41.0,82.0
806,ORD_00330,PROD_033,3,48.0,144.0
807,ORD_00330,PROD_004,1,103.0,103.0
808,ORD_00331,PROD_043,2,179.5,359.0
809,ORD_00331,PROD_039,1,64.5,64.5
810,ORD_00331,PROD_047,1,114.0,114.0
811,ORD_00332,PROD_028,2,73.5,147.0
812,ORD_00332,PROD_009,1,66.0,66.0
813,ORD_00332,PROD_003,1,131.5,131.5
814,ORD_00332,PROD_005,1,116.0,116.0
815,ORD_00332,PROD_015,1,41.0,41.0
816,ORD_00333,PROD_049,2,97.0,194.0
817,ORD_00333,PROD_028,1,73.5,73.5
818,ORD_00334,PROD_047,1,114.0,114.0
819,ORD_00335,PROD_026,1,41.99,41.99
820,ORD_00335,PROD_014,3,183.0,549.0
821,ORD_00336,PROD_036,1,98.5,98.5
822,ORD_00336,PROD_011,1,79.0,79.0
823,ORD_00336,PROD_004,1,103.0,103.0
824,ORD_00337,PROD_045,2,58.99,117.98
825,ORD_00337,PROD_029,1,62.5,62.5
826,ORD_00338,PROD_021,1,87.0,87.0
827,ORD_00339,PROD_032,1,44.99,44.99
828,ORD_00339,PROD_036,1,98.5,98.5
829,ORD_00339,PROD_040,1,104.99,104.99
830,ORD_00339,PROD_013,4,154.5,618.0
831,ORD_00339,PROD_028,1,73.5,73.5
832,ORD_00339,PROD_034,1,113.5,113.5
833,ORD_00340,PROD_033,1,48.0,48.0
834,ORD_00341,PROD_019,1,66.5,66.5
835,ORD_00342,PROD_016,2,114.99,229.98
836,ORD_00342,PROD_035,2,25.5,51.0
837,ORD_00343,PROD_046,1,84.0,84.0
838,ORD_00343,PROD_022,1,38.99,38.99
839,ORD_00343,PROD_007,4,101.99,407.96
840,ORD_00343,PROD_008,1,68.5,68.5
841,ORD_00344,PROD_038,1,170.0,170.0
842,ORD_00345,PROD_048,1,208.99,208.99
843,ORD_00345,PROD_023,2,73.99,147.98
844,ORD_00345,PROD_021,1,87.0,87.0
845,ORD_00346,PROD_043,1,179.5,179.5
846,ORD_00347,PROD_007,1,101.99,101.99
847,ORD_00347,PROD_029,2,62.5,125.0
848,ORD_00348,PROD_012,1,153.0,153.0
849,ORD_00349,PROD_019,1,66.5,66.5
850,ORD_00349,PROD_032,1,44.99,44.99
851,ORD_00349,PROD_033,2,48.0,96.0
852,ORD_00349,PROD_003,1,131.5,131.5
853,ORD_00349,PROD_038,1,170.0,170.0
854,ORD_00349,PROD_011,1,79.0,79.0
855,ORD_00350,PROD_010,1,191.0,191.0
856,ORD_00351,PROD_036,1,98.5,98.5
857,ORD_00351,PROD_025,4,53.0,212.0
858,ORD_00351,PROD_022,1,38.99,38.99
859,ORD_00352,PROD_047,2,114.0,228.0
860,ORD_00352,PROD_029,1,62.5,62.5
861,ORD_00352,PROD_031,1,100.5,100.5
862,ORD_00353,PROD_047,2,114.0,228.0
863,ORD_00353,PROD_018,1,52.0,52.0
864,ORD_00353,PROD_025,1,53.0,53.0
865,ORD_00354,PROD_044,2,176.99,353.98
866,ORD_00355,PROD_039,1,64.5,64.5
867,ORD_00355,PROD_031,1,100.5,100.5
868,ORD_00355,PROD_038,2,170.0,340.0
869,ORD_00356,PROD_022,2,38.99,77.98
870,ORD_00356,PROD_046,2,84.0,168.0
871,ORD_00356,PROD_029,1,62.5,62.5
872,ORD_00356,PROD_005,1,116.0,116.0
873,ORD_00356,PROD_047,1,114.0,114.0
874,ORD_00356,PROD_043,1,179.5,179.5
875,ORD_00357,PROD_002,1,131.99,131.99
876,ORD_00358,PROD_048,3,208.99,626.97
877,ORD_00359,PROD_044,4,176.99,707.96
878,ORD_00359,PROD_040,2,104.99,209.98
879,ORD_00359,PROD_018,1,52.0,52.0
880,ORD_00360,PROD_002,2,131.99,263.98
881,ORD_00360,PROD_028,1,73.5,73.5
882,ORD_00360,PROD_025,1,53.0,53.0
883,ORD_00361,PROD_019,1,66.5,66.5
884,ORD_00361,PROD_026,1,41.99,41.99
885,ORD_00362,PROD_008,1,68.5,68.5
886,ORD_00363,PROD_023,1,73.99,73.99
887,ORD_00363,PROD_018,1,52.0,52.0
888,ORD_00363,PROD_012,1,153.0,153.0
889,ORD_00363,PROD_030,1,35.99,35.99
890,ORD_00364,PROD_001,1,54.0,54.0
891,ORD_00364,PROD_039,1,64.5,64.5
892,ORD_00365,PROD_027,2,83.5,167.0
893,ORD_00365,PROD_002,2,131.99,263.98
894,ORD_00365,PROD_039,10,64.5,645.0
895,ORD_00365,PROD_010,1,191.0,191.0
896,ORD_00366,PROD_024,1,38.0,38.0
897,ORD_00367,PROD_043,1,179.5,179.5
898,ORD_00367,PROD_025,1,53.0,53.0
899,ORD_00367,PROD_012,1,153.0,153.0
900,ORD_00368,PROD_008,4,68.5,274.0
901,ORD_00368,PROD_043,1,179.5,179.5
902,ORD_00368,PROD_034,1,113.5,113.5
903,ORD_00369,PROD_012,2,153.0,306.0
904,ORD_00370,PROD_038,1,170.0,170.0
905,ORD_00370,PROD_041,2,212.5,425.0
906,ORD_00371,PROD_048,1,208.99,208.99
907,ORD_00372,PROD_023,1,73.99,73.99
908,ORD_00372,PROD_026,1,41.99,41.99
909,ORD_00372,PROD_032,1,44.99,44.99
910,ORD_00372,PROD_043,1,179.5,179.5
911,ORD_00373,PROD_013,1,154.5,154.5
912,ORD_00373,PROD_018,1,52.0,52.0
913,ORD_00374,PROD_033,1,48.0,48.0
914,ORD_00374,PROD_043,1,179.5,179.5
915,ORD_00375,PROD_005,1,116.0,116.0
916,ORD_00375,PROD_039,2,64.5,129.0
917,ORD_00376,PROD_003,1,131.5,131.5
918,ORD_00376,PROD_023,1,73.99,73.99
919,ORD_00377,PROD_032,1,44.99,44.99
920,ORD_00378,PROD_038,1,170.0,170.0
921,ORD_00378,PROD_046,3,84.0,252.0
922,ORD_00379,PROD_046,1,84.0,84.0
923,ORD_00379,PROD_006,1,102.0,102.0
924,ORD_00379,PROD_047,1,114.0,114.0
925,ORD_00380,PROD_032,1,44.99,44.99
926,ORD_00380,PROD_028,1,73.5,73.5
927,ORD_00380,PROD_001,1,54.0,54.0
928,ORD_00381,PROD_012,1,153.0,153.0
929,ORD_00381,PROD_036,2,98.5,197.0
930,ORD_00381,PROD_034,1,113.5,113.5
931,ORD_00382,PROD_001,2,54.0,108.0
932,ORD_00382,PROD_014,4,183.0,732.0
933,ORD_00382,PROD_041,1,212.5,212.5
934,ORD_00383,PROD_049,3,97.0,291.0
935,ORD_00383,PROD_013,1,154.5,154.5
936,ORD_00383,PROD_029,1,62.5,62.5
937,ORD_00383,PROD_001,1,54.0,54.0
938,ORD_00384,PROD_007,2,101.99,203.98
939,ORD_00385,PROD_017,3,53.0,159.0
940,ORD_00385,PROD_015,2,41.0,82.0
941,ORD_00385,PROD_014,1,183.0,183.0
942,ORD_00386,PROD_027,1,83.5,83.5
943,ORD_00387,PROD_005,1,116.0,116.0
944,ORD_00387,PROD_036,2,98.5,197.0
945,ORD_00387,PROD_029,1,62.5,62.5
946,ORD_00388,PROD_011,1,79.0,79.0
947,ORD_00388,PROD_013,1,154.5,154.5
948,ORD_00388,PROD_002,1,131.99,131.99
949,ORD_00389,PROD_047,1,114.0,114.0
950,ORD_00389,PROD_049,2,97.0,194.0
951,ORD_00389,PROD_021,3,87.0,261.0
952,ORD_00390,PROD_038,1,170.0,170.0
953,ORD_00390,PROD_045,1,58.99,58.99
954,ORD_00390,PROD_015,2,41.0,82.0
955,ORD_00391,PROD_048,1,208.99,208.99
956,ORD_00391,PROD_036,1,98.5,98.5
957,ORD_00392,PROD_006,1,102.0,102.0
958,ORD_00392,PROD_008,8,68.5,548.0
959,ORD_00393,PROD_046,2,84.0,168.0
960,ORD_00393,PROD_011,1,79.0,79.0
961,ORD_00394,PROD_016,2,114.99,229.98
962,ORD_00394,PROD_050,1,90.99,90.99
963,ORD_00394,PROD_026,1,41.99,41.99
964,ORD_00394,PROD_019,1,66.5,66.5
965,ORD_00394,PROD_015,1,41.0,41.0
966,ORD_00394,PROD_011,1,79.0,79.0
967,ORD_00395,PROD_048,1,208.99,208.99
968,ORD_00395,PROD_047,1,114.0,114.0
969,ORD_00396,PROD_035,1,25.5,25.5
970,ORD_00396,PROD_047,1,114.0,114.0
971,ORD_00396,PROD_050,1,90.99,90.99
972,ORD_00396,PROD_041,2,212.5,425.0
973,ORD_00397,PROD_044,1,176.99,176.99
974,ORD_00398,PROD_020,1,24.5,24.5
975,ORD_00398,PROD_005,1,116.0,116.0
976,ORD_00398,PROD_040,1,104.99,104.99
977,ORD_00398,PROD_008,2,68.5,137.0
978,ORD_00399,PROD_031,2,100.5,201.0
979,ORD_00399,PROD_016,1,114.99,114.99
980,ORD_00399,PROD_011,1,79.0,79.0
981,ORD_00400,PROD_042,2,65.0,130.0
982,ORD_00400,PROD_007,1,101.99,101.99
983,ORD_00400,PROD_025,1,53.0,53.0
984,ORD_00400,PROD_039,1,64.5,64.5
985,ORD_00401,PROD_028,1,73.5,73.5
986,ORD_00401,PROD_003,1,131.5,131.5
987,ORD_00401,PROD_033,1,48.0,48.0
988,ORD_00401,PROD_021,1,87.0,87.0
989,ORD_00401,PROD_010,1,191.0,191.0
990,ORD_00402,PROD_033,2,48.0,96.0
991,ORD_00402,PROD_002,1,131.99,131.99
992,ORD_00402,PROD_050,1,90.99,90.99
993,ORD_00403,PROD_027,1,83.5,83.5
994,ORD_00404,PROD_032,1,44.99,44.99
995,ORD_00405,PROD_033,1,48.0,48.0
996,ORD_00406,PROD_029,2,62.5,125.0
997,ORD_00407,PROD_037,1,98.99,98.99
998,ORD_00407,PROD_010,1,191.0,191.0
999,ORD_00407,PROD_025,1,53.0,53.0
1000,ORD_00407,PROD_028,1,73.5,73.5
1001,ORD_00407,PROD_045,8,58.99,471.92
1002,ORD_00408,PROD_037,1,98.99,98.99
1003,ORD_00409,PROD_017,1,53.0,53.0
1004,ORD_00409,PROD_027,2,83.5,167.0
1005,ORD_00410,PROD_036,1,98.5,98.5
1006,ORD_00410,PROD_044,1,176.99,176.99
1007,ORD_00410,PROD_008,1,68.5,68.5
1008,ORD_00411,PROD_039,1,64.5,64.5
1009,ORD_00411,PROD_045,1,58.99,58.99
1010,ORD_00411,PROD_040,3,104.99,314.97
1011,ORD_00412,PROD_017,1,53.0,53.0
1012,ORD_00412,PROD_019,1,66.5,66.5
1013,ORD_00413,PROD_047,1,114.0,114.0
1014,ORD_00413,PROD_006,1,102.0,102.0
1015,ORD_00414,PROD_014,1,183.0,183.0
1016,ORD_00414,PROD_015,1,41.0,41.0
1017,ORD_00414,PROD_026,1,41.99,41.99
1018,ORD_00414,PROD_037,1,98.99,98.99
1019,ORD_00414,PROD_025,3,53.0,159.0
1020,ORD_00415,PROD_048,4,208.99,835.96
1021,ORD_00415,PROD_002,1,131.99,131.99
1022,ORD_00415,PROD_027,1,83.5,83.5
1023,ORD_00415,PROD_008,2,68.5,137.0
1024,ORD_00415,PROD_011,2,79.0,158.0
1025,ORD_00416,PROD_027,1,83.5,83.5
1026,ORD_00416,PROD_049,2,97.0,194.0
1027,ORD_00417,PROD_017,1,53.0,53.0
1028,ORD_00417,PROD_014,1,183.0,183.0
1029,ORD_00418,PROD_001,1,54.0,54.0
1030,ORD_00418,PROD_030,1,35.99,35.99
1031,ORD_00418,PROD_034,3,113.5,340.5
1032,ORD_00419,PROD_009,1,66.0,66.0
1033,ORD_00420,PROD_002,1,131.99,131.99
1034,ORD_00420,PROD_050,1,90.99,90.99
1035,ORD_00421,PROD_017,1,53.0,53.0
1036,ORD_00422,PROD_014,2,183.0,366.0
1037,ORD_00422,PROD_046,1,84.0,84.0
1038,ORD_00422,PROD_015,1,41.0,41.0
1039,ORD_00423,PROD_049,1,97.0,97.0
1040,ORD_00424,PROD_024,1,38.0,38.0
1041,ORD_00425,PROD_048,2,208.99,417.98
1042,ORD_00425,PROD_027,1,83.5,83.5
1043,ORD_00425,PROD_021,1,87.0,87.0
1044,ORD_00425,PROD_004,1,103.0,103.0
1045,ORD_00426,PROD_007,1,101.99,101.99
1046,ORD_00426,PROD_035,1,25.5,25.5
1047,ORD_00427,PROD_025,2,53.0,106.0
1048,ORD_00427,PROD_007,3,101.99,305.97
1049,ORD_00427,PROD_005,2,116.0,232.0
1050,ORD_00427,PROD_014,4,183.0,732.0
1051,ORD_00428,PROD_012,2,153.0,306.0
1052,ORD_00428,PROD_007,1,101.99,101.99
1053,ORD_00429,PROD_006,3,102.0,306.0
1054,ORD_00429,PROD_043,1,179.5,179.5
1055,ORD_00430,PROD_017,4,53.0,212.0
1056,ORD_00430,PROD_013,1,154.5,154.5
1057,ORD_00430,PROD_008,1,68.5,68.5
1058,ORD_00431,PROD_026,2,41.99,83.98
1059,ORD_00432,PROD_005,1,116.0,116.0
1060,ORD_00433,PROD_012,1,153.0,153.0
1061,ORD_00433,PROD_035,1,25.5,25.5
1062,ORD_00433,PROD_039,4,64.5,258.0
1063,ORD_00434,PROD_029,1,62.5,62.5
1064,ORD_00435,PROD_046,2,84.0,168.0
1065,ORD_00435,PROD_004,1,103.0,103.0
1066,ORD_00436,PROD_045,3,58.99,176.97
1067,ORD_00436,PROD_050,1,90.99,90.99
1068,ORD_00436,PROD_012,1,153.0,153.0
1069,ORD_00437,PROD_018,3,52.0,156.0
1070,ORD_00438,PROD_019,5,66.5,332.5
1071,ORD_00438,PROD_021,1,87.0,87.0
1072,ORD_00438,PROD_039,1,64.5,64.5
1073,ORD_00438,PROD_011,1,79.0,79.0
1074,ORD_00438,PROD_003,1,131.5,131.5
1075,ORD_00439,PROD_014,2,183.0,366.0
1076,ORD_00440,PROD_048,1,208.99,208.99
1077,ORD_00441,PROD_043,1,179.5,179.5
1078,ORD_00441,PROD_021,2,87.0,174.0
1079,ORD_00441,PROD_040,1,104.99,104.99
1080,ORD_00442,PROD_010,1,191.0,191.0
1081,ORD_00443,PROD_024,1,38.0,38.0
1082,ORD_00444,PROD_036,1,98.5,98.5
1083,ORD_00445,PROD_019,3,66.5,199.5
1084,ORD_00445,PROD_050,1,90.99,90.99
1085,ORD_00445,PROD_005,10,116.0,1160.0
1086,ORD_00445,PROD_023,1,73.99,73.99
1087,ORD_00445,PROD_049,2,97.0,194.0
1088,ORD_00445,PROD_030,2,35.99,71.98
1089,ORD_00446,PROD_049,1,97.0,97.0
1090,ORD_00446,PROD_041,2,212.5,425.0
1091,ORD_00446,PROD_029,1,62.5,62.5
1092,ORD_00446,PROD_005,1,116.0,116.0
1093,ORD_00446,PROD_024,1,38.0,38.0
1094,ORD_00447,PROD_025,1,53.0,53.0
1095,ORD_00447,PROD_005,1,116.0,116.0
1096,ORD_00447,PROD_033,1,48.0,48.0
1097,ORD_00447,PROD_034,1,113.5,113.5
1098,ORD_00447,PROD_049,4,97.0,388.0
1099,ORD_00448,PROD_027,1,83.5,83.5
1100,ORD_00448,PROD_008,2,68.5,137.0
1101,ORD_00448,PROD_036,1,98.5,98.5
1102,ORD_00448,PROD_040,1,104.99,104.99
1103,ORD_00449,PROD_004,1,103.0,103.0
1104,ORD_00449,PROD_012,1,153.0,153.0
1105,ORD_00449,PROD_010,1,191.0,191.0
1106,ORD_00450,PROD_028,1,73.5,73.5
1107,ORD_00450,PROD_039,1,64.5,64.5
1108,ORD_00450,PROD_037,1,98.99,98.99
1109,ORD_00451,PROD_020,2,24.5,49.0
1110,ORD_00451,PROD_033,1,48.0,48.0
1111,ORD_00451,PROD_037,10,98.99,989.9
1112,ORD_00452,PROD_050,4,90.99,363.96
1113,ORD_00453,PROD_011,1,79.0,79.0
1114,ORD_00454,PROD_044,3,176.99,530.97
1115,ORD_00455,PROD_012,1,153.0,153.0
1116,ORD_00455,PROD_020,1,24.5,24.5
1117,ORD_00456,PROD_050,1,90.99,90.99
1118,ORD_00456,PROD_029,1,62.5,62.5
1119,ORD_00456,PROD_043,1,179.5,179.5
1120,ORD_00457,PROD_036,1,98.5,98.5
1121,ORD_00457,PROD_001,1,54.0,54.0
1122,ORD_00457,PROD_032,1,44.99,44.99
1123,ORD_00457,PROD_030,1,35.99,35.99
1124,ORD_00457,PROD_012,1,153.0,153.0
1125,ORD_00458,PROD_028,1,73.5,73.5
1126,ORD_00458,PROD_033,4,48.0,192.0
1127,ORD_00458,PROD_012,2,153.0,306.0
1128,ORD_00458,PROD_050,1,90.99,90.99
1129,ORD_00459,PROD_008,1,68.5,68.5
1130,ORD_00460,PROD_008,1,68.5,68.5
1131,ORD_00461,PROD_010,2,191.0,382.0
1132,ORD_00462,PROD_034,1,113.5,113.5
1133,ORD_00462,PROD_016,2,114.99,229.98
1134,ORD_00463,PROD_026,1,41.99,41.99
1135,ORD_00463,PROD_019,3,66.5,199.5
1136,ORD_00464,PROD_009,1,66.0,66.0
1137,ORD_00465,PROD_034,1,113.5,113.5
1138,ORD_00465,PROD_021,1,87.0,87.0
1139,ORD_00465,PROD_012,1,153.0,153.0
1140,ORD_00465,PROD_045,1,58.99,58.99
1141,ORD_00465,PROD_042,1,65.0,65.0
1142,ORD_00466,PROD_013,1,154.5,154.5
1143,ORD_00466,PROD_026,1,41.99,41.99
1144,ORD_00467,PROD_036,1,98.5,98.5
1145,ORD_00467,PROD_032,1,44.99,44.99
1146,ORD_00468,PROD_007,3,101.99,305.97
1147,ORD_00469,PROD_034,1,113.5,113.5
1148,ORD_00470,PROD_049,1,97.0,97.0
1149,ORD_00470,PROD_045,3,58.99,176.97
1150,ORD_00471,PROD_016,1,114.99,114.99
1151,ORD_00472,PROD_009,2,66.0,132.0
1152,ORD_00472,PROD_005,3,116.0,348.0
1153,ORD_00473,PROD_045,1,58.99,58.99
1154,ORD_00473,PROD_028,1,73.5,73.5
1155,ORD_00474,PROD_033,1,48.0,48.0
1156,ORD_00474,PROD_045,1,58.99,58.99
1157,ORD_00475,PROD_047,1,114.0,114.0
1158,ORD_00475,PROD_044,1,176.99,176.99
1159,ORD_00476,PROD_020,3,24.5,73.5
1160,ORD_00476,PROD_044,1,176.99,176.99
1161,ORD_00476,PROD_021,2,87.0,174.0
1162,ORD_00476,PROD_031,1,100.5,100.5
1163,ORD_00476,PROD_048,3,208.99,626.97
1164,ORD_00477,PROD_035,1,25.5,25.5
1165,ORD_00478,PROD_025,1,53.0,53.0
1166,ORD_00478,PROD_009,1,66.0,66.0
1167,ORD_00479,PROD_018,1,52.0,52.0
1168,ORD_00479,PROD_028,2,73.5,147.0
1169,ORD_00480,PROD_039,1,64.5,64.5
1170,ORD_00480,PROD_042,2,65.0,130.0
1171,ORD_00481,PROD_036,1,98.5,98.5
1172,ORD_00481,PROD_012,1,153.0,153.0
1173,ORD_00481,PROD_027,3,83.5,250.5
1174,ORD_00481,PROD_017,2,53.0,106.0
1175,ORD_00482,PROD_013,1,154.5,154.5
1176,ORD_00482,PROD_007,3,101.99,305.97
1177,ORD_00483,PROD_032,1,44.99,44.99
1178,ORD_00483,PROD_033,1,48.0,48.0
1179,ORD_00484,PROD_030,4,35.99,143.96
1180,ORD_00484,PROD_049,1,97.0,97.0
1181,ORD_00484,PROD_016,1,114.99,114.99
1182,ORD_00485,PROD_026,1,41.99,41.99
1183,ORD_00486,PROD_049,2,97.0,194.0
1184,ORD_00486,PROD_028,1,73.5,73.5
1185,ORD_00487,PROD_022,2,38.99,77.98
1186,ORD_00487,PROD_038,3,170.0,510.0
1187,ORD_00487,PROD_001,1,54.0,54.0
1188,ORD_00488,PROD_029,1,62.5,62.5
1189,ORD_00488,PROD_014,1,183.0,183.0
1190,ORD_00488,PROD_021,1,87.0,87.0
1191,ORD_00489,PROD_005,1,116.0,116.0
1192,ORD_00489,PROD_017,1,53.0,53.0
1193,ORD_00489,PROD_011,2,79.0,158.0
1194,ORD_00489,PROD_030,1,35.99,35.99
1195,ORD_00489,PROD_010,2,191.0,382.0
1196,ORD_00490,PROD_008,1,68.5,68.5
1197,ORD_00491,PROD_039,1,64.5,64.5
1198,ORD_00491,PROD_023,1,73.99,73.99
1199,ORD_00492,PROD_040,1,104.99,104.99
1200,ORD_00493,PROD_002,2,131.99,263.98
1201,ORD_00494,PROD_013,1,154.5,154.5
1202,ORD_00494,PROD_029,3,62.5,187.5
1203,ORD_00494,PROD_003,1,131.5,131.5
1204,ORD_00494,PROD_049,1,97.0,97.0
1205,ORD_00495,PROD_016,1,114.99,114.99
1206,ORD_00495,PROD_025,1,53.0,53.0
1207,ORD_00495,PROD_020,1,24.5,24.5
1208,ORD_00496,PROD_009,1,66.0,66.0
1209,ORD_00496,PROD_030,2,35.99,71.98
1210,ORD_00497,PROD_041,1,212.5,212.5
1211,ORD_00497,PROD_015,2,41.0,82.0
1212,ORD_00498,PROD_044,1,176.99,176.99
1213,ORD_00498,PROD_020,1,24.5,24.5
1214,ORD_00498,PROD_048,1,208.99,208.99
1215,ORD_00498,PROD_008,1,68.5,68.5
1216,ORD_00498,PROD_026,2,41.99,83.98
1217,ORD_00499,PROD_036,2,98.5,197.0
1218,ORD_00499,PROD_031,1,100.5,100.5
1219,ORD_00499,PROD_017,2,53.0,106.0
1220,ORD_00500,PROD_003,1,131.5,131.5
1221,ORD_00500,PROD_022,1,38.99,38.99
1222,ORD_00500,PROD_001,1,54.0,54.0
1223,ORD_00500,PROD_012,1,153.0,153.0
1224,ORD_00501,PROD_033,1,48.0,48.0
1225,ORD_00501,PROD_003,2,131.5,263.0
1226,ORD_00502,PROD_046,2,84.0,168.0
1227,ORD_00502,PROD_031,1,100.5,100.5
1228,ORD_00503,PROD_038,1,170.0,170.0
1229,ORD_00504,PROD_033,1,48.0,48.0
1230,ORD_00504,PROD_017,1,53.0,53.0
1231,ORD_00505,PROD_017,2,53.0,106.0
1232,ORD_00506,PROD_036,2,98.5,197.0
1233,ORD_00507,PROD_017,1,53.0,53.0
1234,ORD_00507,PROD_014,2,183.0,366.0
1235,ORD_00507,PROD_047,1,114.0,114.0
1236,ORD_00507,PROD_009,3,66.0,198.0
1237,ORD_00508,PROD_013,1,154.5,154.5
1238,ORD_00508,PROD_039,1,64.5,64.5
1239,ORD_00509,PROD_038,1,170.0,170.0
1240,ORD_00510,PROD_024,1,38.0,38.0
1241,ORD_00510,PROD_015,1,41.0,41.0
1242,ORD_00510,PROD_023,2,73.99,147.98
1243,ORD_00510,PROD_047,2,114.0,228.0
1244,ORD_00510,PROD_011,1,79.0,79.0
1245,ORD_00510,PROD_014,1,183.0,183.0
1246,ORD_00511,PROD_038,1,170.0,170.0
1247,ORD_00511,PROD_007,1,101.99,101.99
1248,ORD_00512,PROD_015,1,41.0,41.0
1249,ORD_00512,PROD_027,3,83.5,250.5
1250,ORD_00513,PROD_029,2,62.5,125.0
1251,ORD_00513,PROD_003,1,131.5,131.5
1252,ORD_00514,PROD_048,1,208.99,208.99
1253,ORD_00515,PROD_033,2,48.0,96.0
1254,ORD_00515,PROD_008,1,68.5,68.5
1255,ORD_00516,PROD_007,1,101.99,101.99
1256,ORD_00516,PROD_027,1,83.5,83.5
1257,ORD_00516,PROD_022,1,38.99,38.99
1258,ORD_00516,PROD_030,1,35.99,35.99
1259,ORD_00517,PROD_011,1,79.0,79.0
1260,ORD_00518,PROD_022,1,38.99,38.99
1261,ORD_00519,PROD_032,1,44.99,44.99
1262,ORD_00519,PROD_024,1,38.0,38.0
1263,ORD_00520,PROD_045,6,58.99,353.94
1264,ORD_00521,PROD_050,1,90.99,90.99
1265,ORD_00521,PROD_044,4,176.99,707.96
1266,ORD_00522,PROD_014,2,183.0,366.0
1267,ORD_00522,PROD_031,1,100.5,100.5
1268,ORD_00522,PROD_022,2,38.99,77.98
1269,ORD_00522,PROD_001,1,54.0,54.0
1270,ORD_00523,PROD_023,1,73.99,73.99
1271,ORD_00523,PROD_017,1,53.0,53.0
1272,ORD_00523,PROD_040,1,104.99,104.99
1273,ORD_00524,PROD_017,1,53.0,53.0
1274,ORD_00524,PROD_046,1,84.0,84.0
1275,ORD_00525,PROD_048,1,208.99,208.99
1276,ORD_00525,PROD_007,1,101.99,101.99
1277,ORD_00525,PROD_021,1,87.0,87.0
1278,ORD_00525,PROD_011,1,79.0,79.0
1279,ORD_00526,PROD_049,1,97.0,97.0
1280,ORD_00527,PROD_048,2,208.99,417.98
1281,ORD_00527,PROD_037,2,98.99,197.98
1282,ORD_00528,PROD_030,1,35.99,35.99
1283,ORD_00528,PROD_003,1,131.5,131.5
1284,ORD_00528,PROD_023,1,73.99,73.99
1285,ORD_00529,PROD_033,1,48.0,48.0
1286,ORD_00529,PROD_047,2,114.0,228.0
1287,ORD_00529,PROD_001,4,54.0,216.0
1288,ORD_00530,PROD_003,3,131.5,394.5
1289,ORD_00530,PROD_007,1,101.99,101.99
1290,ORD_00530,PROD_040,1,104.99,104.99
1291,ORD_00530,PROD_015,1,41.0,41.0
1292,ORD_00531,PROD_016,1,114.99,114.99
1293,ORD_00531,PROD_022,1,38.99,38.99
1294,ORD_00531,PROD_002,2,131.99,263.98
1295,ORD_00531,PROD_011,1,79.0,79.0
1296,ORD_00532,PROD_030,1,35.99,35.99
1297,ORD_00532,PROD_009,1,66.0,66.0
1298,ORD_00532,PROD_043,1,179.5,179.5
1299,ORD_00533,PROD_036,2,98.5,197.0
1300,ORD_00533,PROD_015,1,41.0,41.0
1301,ORD_00533,PROD_027,1,83.5,83.5
1302,ORD_00534,PROD_035,1,25.5,25.5
1303,ORD_00534,PROD_026,2,41.99,83.98
1304,ORD_00535,PROD_006,2,102.0,204.0
1305,ORD_00535,PROD_041,1,212.5,212.5
1306,ORD_00535,PROD_004,1,103.0,103.0
1307,ORD_00536,PROD_017,4,53.0,212.0
1308,ORD_00536,PROD_031,1,100.5,100.5
1309,ORD_00536,PROD_036,1,98.5,98.5
1310,ORD_00536,PROD_048,1,208.99,208.99
1311,ORD_00537,PROD_008,1,68.5,68.5
1312,ORD_00537,PROD_041,1,212.5,212.5
1313,ORD_00537,PROD_021,1,87.0,87.0
1314,ORD_00537,PROD_020,1,24.5,24.5
1315,ORD_00538,PROD_044,2,176.99,353.98
1316,ORD_00539,PROD_050,2,90.99,181.98
1317,ORD_00540,PROD_012,3,153.0,459.0
1318,ORD_00540,PROD_031,1,100.5,100.5
1319,ORD_00540,PROD_037,1,98.99,98.99
1320,ORD_00540,PROD_029,1,62.5,62.5
1321,ORD_00541,PROD_042,1,65.0,65.0
1322,ORD_00541,PROD_041,1,212.5,212.5
1323,ORD_00541,PROD_002,1,131.99,131.99
1324,ORD_00542,PROD_049,3,97.0,291.0
1325,ORD_00542,PROD_043,3,179.5,538.5
1326,ORD_00542,PROD_020,1,24.5,24.5
1327,ORD_00543,PROD_038,1,170.0,170.0
1328,ORD_00543,PROD_015,3,41.0,123.0
1329,ORD_00544,PROD_046,1,84.0,84.0
1330,ORD_00545,PROD_024,1,38.0,38.0
1331,ORD_00545,PROD_037,1,98.99,98.99
1332,ORD_00546,PROD_027,1,83.5,83.5
1333,ORD_00547,PROD_021,1,87.0,87.0
1334,ORD_00547,PROD_012,2,153.0,306.0
1335,ORD_00548,PROD_028,1,73.5,73.5
1336,ORD_00549,PROD_049,1,97.0,97.0
1337,ORD_00550,PROD_004,2,103.0,206.0
1338,ORD_00550,PROD_043,1,179.5,179.5
1339,ORD_00551,PROD_012,1,153.0,153.0
1340,ORD_00551,PROD_039,1,64.5,64.5
1341,ORD_00552,PROD_019,4,66.5,266.0
1342,ORD_00552,PROD_009,1,66.0,66.0
1343,ORD_00552,PROD_037,6,98.99,593.94
1344,ORD_00553,PROD_015,1,41.0,41.0
1345,ORD_00553,PROD_027,1,83.5,83.5
1346,ORD_00553,PROD_004,1,103.0,103.0
1347,ORD_00554,PROD_009,1,66.0,66.0
1348,ORD_00554,PROD_004,2,103.0,206.0
1349,ORD_00554,PROD_031,2,100.5,201.0
1350,ORD_00555,PROD_015,1,41.0,41.0
1351,ORD_00555,PROD_042,1,65.0,65.0
1352,ORD_00555,PROD_018,1,52.0,52.0
1353,ORD_00556,PROD_036,1,98.5,98.5
1354,ORD_00556,PROD_017,2,53.0,106.0
1355,ORD_00557,PROD_032,3,44.99,134.97
1356,ORD_00558,PROD_037,1,98.99,98.99
1357,ORD_00558,PROD_004,2,103.0,206.0
1358,ORD_00559,PROD_020,1,24.5,24.5
1359,ORD_00559,PROD_048,1,208.99,208.99
1360,ORD_00560,PROD_021,1,87.0,87.0
1361,ORD_00560,PROD_003,1,131.5,131.5
1362,ORD_00560,PROD_035,1,25.5,25.5
1363,ORD_00560,PROD_004,2,103.0,206.0
1364,ORD_00560,PROD_023,1,73.99,73.99
1365,ORD_00561,PROD_010,2,191.0,382.0
1366,ORD_00561,PROD_009,3,66.0,198.0
1367,ORD_00562,PROD_019,3,66.5,199.5
1368,ORD_00562,PROD_042,1,65.0,65.0
1369,ORD_00562,PROD_012,1,153.0,153.0
1370,ORD_00563,PROD_034,1,113.5,113.5
1371,ORD_00564,PROD_008,1,68.5,68.5
1372,ORD_00564,PROD_022,6,38.99,233.94
1373,ORD_00565,PROD_035,1,25.5,25.5
1374,ORD_00565,PROD_034,1,113.5,113.5
1375,ORD_00565,PROD_010,1,191.0,191.0
1376,ORD_00566,PROD_050,1,90.99,90.99
1377,ORD_00566,PROD_006,1,102.0,102.0
1378,ORD_00567,PROD_043,1,179.5,179.5
1379,ORD_00567,PROD_032,1,44.99,44.99
1380,ORD_00567,PROD_050,1,90.99,90.99
1381,ORD_00568,PROD_004,1,103.0,103.0
1382,ORD_00568,PROD_036,1,98.5,98.5
1383,ORD_00569,PROD_019,2,66.5,133.0
1384,ORD_00570,PROD_031,1,100.5,100.5
1385,ORD_00570,PROD_039,1,64.5,64.5
1386,ORD_00570,PROD_027,1,83.5,83.5
1387,ORD_00570,PROD_045,1,58.99,58.99
1388,ORD_00570,PROD_003,2,131.5,263.0
1389,ORD_00571,PROD_011,1,79.0,79.0
1390,ORD_00571,PROD_017,2,53.0,106.0
1391,ORD_00571,PROD_043,1,179.5,179.5
1392,ORD_00572,PROD_001,2,54.0,108.0
1393,ORD_00572,PROD_011,1,79.0,79.0
1394,ORD_00573,PROD_010,1,191.0,191.0
1395,ORD_00573,PROD_019,2,66.5,133.0
1396,ORD_00573,PROD_042,1,65.0,65.0
1397,ORD_00573,PROD_025,1,53.0,53.0
1398,ORD_00573,PROD_050,1,90.99,90.99
1399,ORD_00573,PROD_047,1,114.0,114.0
1400,ORD_00574,PROD_016,1,114.99,114.99
1401,ORD_00575,PROD_045,4,58.99,235.96
1402,ORD_00576,PROD_002,1,131.99,131.99
1403,ORD_00576,PROD_020,1,24.5,24.5
1404,ORD_00576,PROD_017,1,53.0,53.0
1405,ORD_00577,PROD_048,1,208.99,208.99
1406,ORD_00577,PROD_019,1,66.5,66.5
1407,ORD_00578,PROD_007,2,101.99,203.98
1408,ORD_00579,PROD_004,1,103.0,103.0
1409,ORD_00579,PROD_006,1,102.0,102.0
1410,ORD_00579,PROD_002,3,131.99,395.97
1411,ORD_00579,PROD_027,2,83.5,167.0
1412,ORD_00579,PROD_019,1,66.5,66.5
1413,ORD_00579,PROD_008,4,68.5,274.0
1414,ORD_00580,PROD_039,1,64.5,64.5
1415,ORD_00580,PROD_024,1,38.0,38.0
1416,ORD_00581,PROD_044,2,176.99,353.98
1417,ORD_00581,PROD_020,2,24.5,49.0
1418,ORD_00581,PROD_036,1,98.5,98.5
1419,ORD_00581,PROD_003,1,131.5,131.5
1420,ORD_00582,PROD_013,1,154.5,154.5
1421,ORD_00583,PROD_010,2,191.0,382.0
1422,ORD_00583,PROD_048,2,208.99,417.98
1423,ORD_00583,PROD_030,1,35.99,35.99
1424,ORD_00584,PROD_042,1,65.0,65.0
1425,ORD_00584,PROD_016,1,114.99,114.99
1426,ORD_00585,PROD_043,1,179.5,179.5
1427,ORD_00586,PROD_011,1,79.0,79.0
1428,ORD_00586,PROD_015,1,41.0,41.0
1429,ORD_00587,PROD_043,1,179.5,179.5
1430,ORD_00587,PROD_020,1,24.5,24.5
1431,ORD_00588,PROD_044,1,176.99,176.99
1432,ORD_00588,PROD_035,1,25.5,25.5
1433,ORD_00588,PROD_022,1,38.99,38.99
1434,ORD_00589,PROD_040,1,104.99,104.99
1435,ORD_00589,PROD_010,1,191.0,191.0
1436,ORD_00590,PROD_001,1,54.0,54.0
1437,ORD_00590,PROD_032,7,44.99,314.93
1438,ORD_00590,PROD_027,1,83.5,83.5
1439,ORD_00590,PROD_012,1,153.0,153.0
1440,ORD_00591,PROD_016,1,114.99,114.99
1441,ORD_00591,PROD_015,1,41.0,41.0
1442,ORD_00591,PROD_034,1,113.5,113.5
1443,ORD_00592,PROD_030,1,35.99,35.99
1444,ORD_00592,PROD_016,1,114.99,114.99
1445,ORD_00592,PROD_025,1,53.0,53.0
1446,ORD_00592,PROD_041,1,212.5,212.5
1447,ORD_00592,PROD_013,4,154.5,618.0
1448,ORD_00593,PROD_012,3,153.0,459.0
1449,ORD_00594,PROD_050,1,90.99,90.99
1450,ORD_00594,PROD_027,2,83.5,167.0
1451,ORD_00595,PROD_037,1,98.99,98.99
1452,ORD_00596,PROD_002,1,131.99,131.99
1453,ORD_00597,PROD_011,1,79.0,79.0
1454,ORD_00597,PROD_034,1,113.5,113.5
1455,ORD_00598,PROD_035,1,25.5,25.5
1456,ORD_00598,PROD_016,2,114.99,229.98
1457,ORD_00598,PROD_019,1,66.5,66.5
1458,ORD_00598,PROD_039,1,64.5,64.5
1459,ORD_00599,PROD_039,1,64.5,64.5
1460,ORD_00599,PROD_025,1,53.0,53.0
1461,ORD_00599,PROD_030,1,35.99,35.99
1462,ORD_00600,PROD_049,1,97.0,97.0
1463,ORD_00600,PROD_009,1,66.0,66.0
1464,ORD_00601,PROD_025,1,53.0,53.0
1465,ORD_00601,PROD_017,2,53.0,106.0
1466,ORD_00602,PROD_017,4,53.0,212.0
1467,ORD_00603,PROD_014,1,183.0,183.0
1468,ORD_00604,PROD_037,1,98.99,98.99
1469,ORD_00604,PROD_009,1,66.0,66.0
1470,ORD_00605,PROD_028,4,73.5,294.0
1471,ORD_00605,PROD_022,1,38.99,38.99
1472,ORD_00606,PROD_042,1,65.0,65.0
1473,ORD_00606,PROD_006,1,102.0,102.0
1474,ORD_00606,PROD_008,1,68.5,68.5
1475,ORD_00606,PROD_014,1,183.0,183.0
1476,ORD_00606,PROD_027,2,83.5,167.0
1477,ORD_00606,PROD_048,1,208.99,208.99
1478,ORD_00607,PROD_021,1,87.0,87.0
1479,ORD_00608,PROD_025,1,53.0,53.0
1480,ORD_00609,PROD_032,1,44.99,44.99
1481,ORD_00610,PROD_019,1,66.5,66.5
1482,ORD_00610,PROD_036,1,98.5,98.5
1483,ORD_00610,PROD_004,1,103.0,103.0
1484,ORD_00610,PROD_013,1,154.5,154.5
1485,ORD_00611,PROD_006,2,102.0,204.0
1486,ORD_00611,PROD_036,1,98.5,98.5
1487,ORD_00612,PROD_024,4,38.0,152.0
1488,ORD_00612,PROD_041,1,212.5,212.5
1489,ORD_00612,PROD_019,1,66.5,66.5
1490,ORD_00613,PROD_014,6,183.0,1098.0
1491,ORD_00614,PROD_013,1,154.5,154.5
1492,ORD_00614,PROD_028,1,73.5,73.5
1493,ORD_00615,PROD_019,1,66.5,66.5
1494,ORD_00615,PROD_018,1,52.0,52.0
1495,ORD_00615,PROD_016,1,114.99,114.99
1496,ORD_00616,PROD_001,2,54.0,108.0
1497,ORD_00617,PROD_029,1,62.5,62.5
1498,ORD_00617,PROD_025,1,53.0,53.0
1499,ORD_00617,PROD_026,1,41.99,41.99
1500,ORD_00618,PROD_037,1,98.99,98.99
1501,ORD_00618,PROD_010,1,191.0,191.0
1502,ORD_00618,PROD_016,1,114.99,114.99
1503,ORD_00619,PROD_034,1,113.5,113.5
1504,ORD_00620,PROD_016,2,114.99,229.98
1505,ORD_00620,PROD_047,1,114.0,114.0
1506,ORD_00620,PROD_043,1,179.5,179.5
1507,ORD_00620,PROD_020,1,24.5,24.5
1508,ORD_00621,PROD_037,2,98.99,197.98
1509,ORD_00621,PROD_023,2,73.99,147.98
1510,ORD_00622,PROD_021,1,87.0,87.0
1511,ORD_00622,PROD_036,2,98.5,197.0
1512,ORD_00623,PROD_012,1,153.0,153.0
1513,ORD_00623,PROD_021,1,87.0,87.0
1514,ORD_00623,PROD_040,1,104.99,104.99
1515,ORD_00623,PROD_007,2,101.99,203.98
1516,ORD_00623,PROD_043,2,179.5,359.0
1517,ORD_00624,PROD_011,1,79.0,79.0
1518,ORD_00624,PROD_003,1,131.5,131.5
1519,ORD_00624,PROD_037,1,98.99,98.99
1520,ORD_00625,PROD_016,1,114.99,114.99
1521,ORD_00625,PROD_012,1,153.0,153.0
1522,ORD_00625,PROD_017,1,53.0,53.0
1523,ORD_00625,PROD_035,1,25.5,25.5
1524,ORD_00626,PROD_009,1,66.0,66.0
1525,ORD_00627,PROD_009,8,66.0,528.0
1526,ORD_00628,PROD_050,2,90.99,181.98
1527,ORD_00628,PROD_043,3,179.5,538.5
1528,ORD_00628,PROD_007,2,101.99,203.98
1529,ORD_00628,PROD_001,2,54.0,108.0
1530,ORD_00629,PROD_011,1,79.0,79.0
1531,ORD_00630,PROD_037,2,98.99,197.98
1532,ORD_00630,PROD_027,1,83.5,83.5
1533,ORD_00631,PROD_045,1,58.99,58.99
1534,ORD_00631,PROD_004,2,103.0,206.0
1535,ORD_00631,PROD_003,2,131.5,263.0
1536,ORD_00632,PROD_013,1,154.5,154.5
1537,ORD_00632,PROD_018,2,52.0,104.0
1538,ORD_00632,PROD_041,1,212.5,212.5
1539,ORD_00632,PROD_031,1,100.5,100.5
1540,ORD_00632,PROD_033,1,48.0,48.0
1541,ORD_00633,PROD_021,1,87.0,87.0
1542,ORD_00634,PROD_001,1,54.0,54.0
1543,ORD_00635,PROD_031,1,100.5,100.5
1544,ORD_00635,PROD_005,1,116.0,116.0
1545,ORD_00635,PROD_013,1,154.5,154.5
1546,ORD_00635,PROD_001,1,54.0,54.0
1547,ORD_00635,PROD_038,2,170.0,340.0
1548,ORD_00636,PROD_030,1,35.99,35.99
1549,ORD_00636,PROD_004,1,103.0,103.0
1550,ORD_00636,PROD_050,1,90.99,90.99
1551,ORD_00637,PROD_041,2,212.5,425.0
1552,ORD_00637,PROD_001,4,54.0,216.0
1553,ORD_00637,PROD_025,2,53.0,106.0
1554,ORD_00637,PROD_012,2,153.0,306.0
1555,ORD_00637,PROD_019,1,66.5,66.5
1556,ORD_00638,PROD_005,1,116.0,116.0
1557,ORD_00638,PROD_021,1,87.0,87.0
1558,ORD_00639,PROD_012,1,153.0,153.0
1559,ORD_00639,PROD_039,1,64.5,64.5
1560,ORD_00639,PROD_004,1,103.0,103.0
1561,ORD_00639,PROD_020,2,24.5,49.0
1562,ORD_00640,PROD_019,2,66.5,133.0
1563,ORD_00641,PROD_045,1,58.99,58.99
1564,ORD_00641,PROD_039,1,64.5,64.5
1565,ORD_00641,PROD_047,1,114.0,114.0
1566,ORD_00641,PROD_001,2,54.0,108.0
1567,ORD_00641,PROD_037,5,98.99,494.95
1568,ORD_00641,PROD_005,2,116.0,232.0
1569,ORD_00642,PROD_014,1,183.0,183.0
1570,ORD_00642,PROD_019,1,66.5,66.5
1571,ORD_00642,PROD_003,1,131.5,131.5
1572,ORD_00642,PROD_032,2,44.99,89.98
1573,ORD_00643,PROD_043,3,179.5,538.5
1574,ORD_00643,PROD_015,1,41.0,41.0
1575,ORD_00643,PROD_022,1,38.99,38.99
1576,ORD_00643,PROD_026,1,41.99,41.99
1577,ORD_00644,PROD_001,2,54.0,108.0
1578,ORD_00644,PROD_019,1,66.5,66.5
1579,ORD_00644,PROD_036,3,98.5,295.5
1580,ORD_00644,PROD_003,1,131.5,131.5
1581,ORD_00644,PROD_041,1,212.5,212.5
1582,ORD_00645,PROD_011,3,79.0,237.0
1583,ORD_00645,PROD_039,1,64.5,64.5
1584,ORD_00646,PROD_011,1,79.0,79.0
1585,ORD_00646,PROD_032,2,44.99,89.98
1586,ORD_00646,PROD_013,1,154.5,154.5
1587,ORD_00647,PROD_028,1,73.5,73.5
1588,ORD_00647,PROD_047,1,114.0,114.0
1589,ORD_00648,PROD_004,2,103.0,206.0
1590,ORD_00649,PROD_009,1,66.0,66.0
1591,ORD_00649,PROD_047,1,114.0,114.0
1592,ORD_00649,PROD_012,4,153.0,612.0
1593,ORD_00650,PROD_036,1,98.5,98.5
1594,ORD_00650,PROD_001,4,54.0,216.0
1595,ORD_00650,PROD_031,1,100.5,100.5
1596,ORD_00650,PROD_030,1,35.99,35.99
1597,ORD_00650,PROD_009,1,66.0,66.0
1598,ORD_00651,PROD_040,1,104.99,104.99
1599,ORD_00651,PROD_044,1,176.99,176.99
1600,ORD_00651,PROD_006,1,102.0,102.0
1601,ORD_00652,PROD_043,1,179.5,179.5
1602,ORD_00652,PROD_028,3,73.5,220.5
1603,ORD_00652,PROD_008,1,68.5,68.5
1604,ORD_00653,PROD_029,2,62.5,125.0
1605,ORD_00653,PROD_042,3,65.0,195.0
1606,ORD_00653,PROD_048,1,208.99,208.99
1607,ORD_00654,PROD_028,1,73.5,73.5
1608,ORD_00654,PROD_018,1,52.0,52.0
1609,ORD_00655,PROD_002,2,131.99,263.98
1610,ORD_00655,PROD_042,1,65.0,65.0
1611,ORD_00656,PROD_046,2,84.0,168.0
1612,ORD_00657,PROD_016,1,114.99,114.99
1613,ORD_00657,PROD_012,1,153.0,153.0
1614,ORD_00657,PROD_009,4,66.0,264.0
1615,ORD_00657,PROD_006,5,102.0,510.0
1616,ORD_00657,PROD_024,2,38.0,76.0
1617,ORD_00658,PROD_013,1,154.5,154.5
1618,ORD_00658,PROD_003,1,131.5,131.5
1619,ORD_00659,PROD_027,1,83.5,83.5
1620,ORD_00660,PROD_021,1,87.0,87.0
1621,ORD_00660,PROD_034,2,113.5,227.0
1622,ORD_00660,PROD_031,1,100.5,100.5
1623,ORD_00660,PROD_033,1,48.0,48.0
1624,ORD_00661,PROD_020,2,24.5,49.0
1625,ORD_00661,PROD_043,1,179.5,179.5
1626,ORD_00661,PROD_012,1,153.0,153.0
1627,ORD_00661,PROD_040,1,104.99,104.99
1628,ORD_00661,PROD_017,1,53.0,53.0
1629,ORD_00662,PROD_023,1,73.99,73.99
1630,ORD_00663,PROD_034,3,113.5,340.5
1631,ORD_00664,PROD_050,1,90.99,90.99
1632,ORD_00664,PROD_046,3,84.0,252.0
1633,ORD_00664,PROD_019,1,66.5,66.5
1634,ORD_00665,PROD_029,2,62.5,125.0
1635,ORD_00665,PROD_049,1,97.0,97.0
1636,ORD_00665,PROD_027,1,83.5,83.5
1637,ORD_00666,PROD_018,2,52.0,104.0
1638,ORD_00666,PROD_022,1,38.99,38.99
1639,ORD_00667,PROD_044,2,176.99,353.98
1640,ORD_00668,PROD_037,3,98.99,296.97
1641,ORD_00669,PROD_048,1,208.99,208.99
1642,ORD_00670,PROD_008,1,68.5,68.5
1643,ORD_00671,PROD_014,1,183.0,183.0
1644,ORD_00671,PROD_029,2,62.5,125.0
1645,ORD_00671,PROD_047,1,114.0,114.0
1646,ORD_00672,PROD_004,1,103.0,103.0
1647,ORD_00673,PROD_021,1,87.0,87.0
1648,ORD_00673,PROD_016,1,114.99,114.99
1649,ORD_00673,PROD_012,1,153.0,153.0
1650,ORD_00674,PROD_027,1,83.5,83.5
1651,ORD_00675,PROD_016,1,114.99,114.99
1652,ORD_00676,PROD_015,1,41.0,41.0
1653,ORD_00677,PROD_022,3,38.99,116.97
1654,ORD_00678,PROD_008,2,68.5,137.0
1655,ORD_00678,PROD_014,1,183.0,183.0
1656,ORD_00679,PROD_004,2,103.0,206.0
1657,ORD_00679,PROD_046,1,84.0,84.0
1658,ORD_00680,PROD_041,1,212.5,212.5
1659,ORD_00680,PROD_011,4,79.0,316.0
1660,ORD_00681,PROD_026,2,41.99,83.98
1661,ORD_00681,PROD_049,1,97.0,97.0
1662,ORD_00681,PROD_017,1,53.0,53.0
1663,ORD_00682,PROD_029,2,62.5,125.0
1664,ORD_00682,PROD_015,1,41.0,41.0
1665,ORD_00682,PROD_020,1,24.5,24.5
1666,ORD_00683,PROD_039,4,64.5,258.0
1667,ORD_00683,PROD_011,3,79.0,237.0
1668,ORD_00683,PROD_035,1,25.5,25.5
1669,ORD_00684,PROD_040,1,104.99,104.99
1670,ORD_00685,PROD_002,3,131.99,395.97
1671,ORD_00686,PROD_026,1,41.99,41.99
1672,ORD_00686,PROD_041,1,212.5,212.5
1673,ORD_00686,PROD_014,1,183.0,183.0
1674,ORD_00686,PROD_022,1,38.99,38.99
1675,ORD_00687,PROD_005,2,116.0,232.0
1676,ORD_00688,PROD_008,1,68.5,68.5
1677,ORD_00688,PROD_018,1,52.0,52.0
1678,ORD_00688,PROD_040,1,104.99,104.99
1679,ORD_00689,PROD_040,2,104.99,209.98
1680,ORD_00689,PROD_027,2,83.5,167.0
1681,ORD_00689,PROD_042,1,65.0,65.0
1682,ORD_00689,PROD_009,1,66.0,66.0
1683,ORD_00689,PROD_030,2,35.99,71.98
1684,ORD_00690,PROD_017,2,53.0,106.0
1685,ORD_00690,PROD_008,1,68.5,68.5
1686,ORD_00690,PROD_028,1,73.5,73.5
1687,ORD_00691,PROD_006,1,102.0,102.0
1688,ORD_00691,PROD_005,1,116.0,116.0
1689,ORD_00691,PROD_007,1,101.99,101.99
1690,ORD_00691,PROD_049,1,97.0,97.0
1691,ORD_00692,PROD_048,1,208.99,208.99
1692,ORD_00692,PROD_019,1,66.5,66.5
1693,ORD_00693,PROD_045,1,58.99,58.99
1694,ORD_00694,PROD_034,1,113.5,113.5
1695,ORD_00694,PROD_046,1,84.0,84.0
1696,ORD_00695,PROD_045,1,58.99,58.99
1697,ORD_00695,PROD_012,1,153.0,153.0
1698,ORD_00695,PROD_038,1,170.0,170.0
1699,ORD_00695,PROD_032,1,44.99,44.99
1700,ORD_00695,PROD_017,2,53.0,106.0
1701,ORD_00695,PROD_036,1,98.5,98.5
1702,ORD_00696,PROD_032,2,44.99,89.98
1703,ORD_00697,PROD_047,1,114.0,114.0
1704,ORD_00697,PROD_029,1,62.5,62.5
1705,ORD_00697,PROD_027,1,83.5,83.5
1706,ORD_00697,PROD_050,1,90.99,90.99
1707,ORD_00697,PROD_021,2,87.0,174.0
1708,ORD_00697,PROD_015,7,41.0,287.0
1709,ORD_00698,PROD_006,1,102.0,102.0
1710,ORD_00699,PROD_008,1,68.5,68.5
1711,ORD_00700,PROD_036,10,98.5,985.0
1712,ORD_00701,PROD_027,1,83.5,83.5
1713,ORD_00701,PROD_050,3,90.99,272.97
1714,ORD_00702,PROD_009,9,66.0,594.0
1715,ORD_00702,PROD_001,1,54.0,54.0
1716,ORD_00703,PROD_043,2,179.5,359.0
1717,ORD_00703,PROD_004,1,103.0,103.0
1718,ORD_00703,PROD_048,1,208.99,208.99
1719,ORD_00703,PROD_012,1,153.0,153.0
1720,ORD_00703,PROD_034,4,113.5,454.0
1721,ORD_00704,PROD_007,1,101.99,101.99
1722,ORD_00704,PROD_028,1,73.5,73.5
1723,ORD_00705,PROD_013,1,154.5,154.5
1724,ORD_00705,PROD_029,1,62.5,62.5
1725,ORD_00705,PROD_008,1,68.5,68.5
1726,ORD_00705,PROD_038,1,170.0,170.0
1727,ORD_00706,PROD_019,2,66.5,133.0
1728,ORD_00707,PROD_001,1,54.0,54.0
1729,ORD_00708,PROD_043,1,179.5,179.5
1730,ORD_00709,PROD_019,1,66.5,66.5
1731,ORD_00710,PROD_010,2,191.0,382.0
1732,ORD_00710,PROD_026,1,41.99,41.99
1733,ORD_00710,PROD_033,2,48.0,96.0
1734,ORD_00711,PROD_008,1,68.5,68.5
1735,ORD_00711,PROD_009,1,66.0,66.0
1736,ORD_00711,PROD_025,3,53.0,159.0
1737,ORD_00711,PROD_041,1,212.5,212.5
1738,ORD_00712,PROD_040,2,104.99,209.98
1739,ORD_00712,PROD_008,1,68.5,68.5
1740,ORD_00712,PROD_028,1,73.5,73.5
1741,ORD_00713,PROD_029,2,62.5,125.0
1742,ORD_00713,PROD_017,1,53.0,53.0
1743,ORD_00713,PROD_025,1,53.0,53.0
1744,ORD_00714,PROD_002,3,131.99,395.97
1745,ORD_00714,PROD_020,1,24.5,24.5
1746,ORD_00714,PROD_049,1,97.0,97.0
1747,ORD_00715,PROD_003,1,131.5,131.5
1748,ORD_00715,PROD_034,1,113.5,113.5
1749,ORD_00715,PROD_050,1,90.99,90.99
1750,ORD_00715,PROD_015,1,41.0,41.0
1751,ORD_00715,PROD_011,1,79.0,79.0
1752,ORD_00716,PROD_026,2,41.99,83.98
1753,ORD_00717,PROD_017,1,53.0,53.0
1754,ORD_00717,PROD_038,1,170.0,170.0
1755,ORD_00717,PROD_032,1,44.99,44.99
1756,ORD_00717,PROD_005,2,116.0,232.0
1757,ORD_00717,PROD_009,2,66.0,132.0
1758,ORD_00717,PROD_029,1,62.5,62.5
1759,ORD_00718,PROD_048,1,208.99,208.99
1760,ORD_00718,PROD_022,1,38.99,38.99
1761,ORD_00718,PROD_019,1,66.5,66.5
1762,ORD_00718,PROD_017,1,53.0,53.0
1763,ORD_00719,PROD_028,1,73.5,73.5
1764,ORD_00719,PROD_015,1,41.0,41.0
1765,ORD_00719,PROD_050,1,90.99,90.99
1766,ORD_00719,PROD_010,1,191.0,191.0
1767,ORD_00720,PROD_041,4,212.5,850.0
1768,ORD_00720,PROD_034,1,113.5,113.5
1769,ORD_00720,PROD_029,1,62.5,62.5
1770,ORD_00720,PROD_001,1,54.0,54.0
1771,ORD_00721,PROD_044,1,176.99,176.99
1772,ORD_00721,PROD_029,1,62.5,62.5
1773,ORD_00722,PROD_040,1,104.99,104.99
1774,ORD_00722,PROD_006,1,102.0,102.0
1775,ORD_00722,PROD_045,7,58.99,412.93
1776,ORD_00722,PROD_001,1,54.0,54.0
1777,ORD_00722,PROD_041,3,212.5,637.5
1778,ORD_00723,PROD_016,1,114.99,114.99
1779,ORD_00723,PROD_028,1,73.5,73.5
1780,ORD_00723,PROD_019,2,66.5,133.0
1781,ORD_00724,PROD_033,1,48.0,48.0
1782,ORD_00724,PROD_045,1,58.99,58.99
1783,ORD_00724,PROD_043,1,179.5,179.5
1784,ORD_00725,PROD_007,1,101.99,101.99
1785,ORD_00725,PROD_045,1,58.99,58.99
1786,ORD_00725,PROD_027,1,83.5,83.5
1787,ORD_00725,PROD_011,1,79.0,79.0
1788,ORD_00725,PROD_048,1,208.99,208.99
1789,ORD_00726,PROD_011,1,79.0,79.0
1790,ORD_00726,PROD_034,1,113.5,113.5
1791,ORD_00726,PROD_017,1,53.0,53.0
1792,ORD_00726,PROD_038,1,170.0,170.0
1793,ORD_00727,PROD_023,1,73.99,73.99
1794,ORD_00728,PROD_009,2,66.0,132.0
1795,ORD_00728,PROD_026,1,41.99,41.99
1796,ORD_00729,PROD_022,1,38.99,38.99
1797,ORD_00729,PROD_046,1,84.0,84.0
1798,ORD_00729,PROD_001,1,54.0,54.0
1799,ORD_00729,PROD_008,1,68.5,68.5
1800,ORD_00729,PROD_030,2,35.99,71.98
1801,ORD_00730,PROD_023,1,73.99,73.99
1802,ORD_00730,PROD_028,1,73.5,73.5
1803,ORD_00730,PROD_011,3,79.0,237.0
1804,ORD_00731,PROD_026,1,41.99,41.99
1805,ORD_00731,PROD_003,1,131.5,131.5
1806,ORD_00732,PROD_024,2,38.0,76.0
1807,ORD_00733,PROD_010,1,191.0,191.0
1808,ORD_00734,PROD_001,2,54.0,108.0
1809,ORD_00734,PROD_007,1,101.99,101.99
1810,ORD_00734,PROD_039,1,64.5,64.5
1811,ORD_00734,PROD_037,1,98.99,98.99
1812,ORD_00734,PROD_010,1,191.0,191.0
1813,ORD_00734,PROD_005,1,116.0,116.0
1814,ORD_00735,PROD_026,1,41.99,41.99
1815,ORD_00736,PROD_026,1,41.99,41.99
1816,ORD_00737,PROD_049,2,97.0,194.0
1817,ORD_00737,PROD_022,2,38.99,77.98
1818,ORD_00738,PROD_023,1,73.99,73.99
1819,ORD_00739,PROD_002,1,131.99,131.99
1820,ORD_00739,PROD_029,1,62.5,62.5
1821,ORD_00740,PROD_034,1,113.5,113.5
1822,ORD_00741,PROD_033,1,48.0,48.0
1823,ORD_00742,PROD_030,1,35.99,35.99
1824,ORD_00742,PROD_002,1,131.99,131.99
1825,ORD_00743,PROD_046,2,84.0,168.0
1826,ORD_00744,PROD_016,4,114.99,459.96
1827,ORD_00744,PROD_038,1,170.0,170.0
1828,ORD_00744,PROD_023,1,73.99,73.99
1829,ORD_00744,PROD_028,1,73.5,73.5
1830,ORD_00744,PROD_050,1,90.99,90.99
1831,ORD_00744,PROD_041,1,212.5,212.5
1832,ORD_00745,PROD_008,1,68.5,68.5
1833,ORD_00745,PROD_014,1,183.0,183.0
1834,ORD_00745,PROD_040,1,104.99,104.99
1835,ORD_00745,PROD_007,1,101.99,101.99
1836,ORD_00746,PROD_002,1,131.99,131.99
1837,ORD_00746,PROD_015,1,41.0,41.0
1838,ORD_00747,PROD_022,4,38.99,155.96
1839,ORD_00747,PROD_047,1,114.0,114.0
1840,ORD_00747,PROD_032,1,44.99,44.99
1841,ORD_00747,PROD_045,1,58.99,58.99
1842,ORD_00747,PROD_027,1,83.5,83.5
1843,ORD_00748,PROD_012,2,153.0,306.0
1844,ORD_00748,PROD_042,1,65.0,65.0
1845,ORD_00748,PROD_010,1,191.0,191.0
1846,ORD_00749,PROD_024,1,38.0,38.0
1847,ORD_00750,PROD_010,1,191.0,191.0
1848,ORD_00750,PROD_037,1,98.99,98.99
1849,ORD_00750,PROD_028,1,73.5,73.5
1850,ORD_00750,PROD_009,2,66.0,132.0
1851,ORD_00751,PROD_008,1,68.5,68.5
1852,ORD_00751,PROD_024,1,38.0,38.0
1853,ORD_00751,PROD_012,1,153.0,153.0
1854,ORD_00752,PROD_025,1,53.0,53.0
1855,ORD_00753,PROD_010,1,191.0,191.0
1856,ORD_00754,PROD_015,1,41.0,41.0
1857,ORD_00754,PROD_018,1,52.0,52.0
1858,ORD_00755,PROD_024,1,38.0,38.0
1859,ORD_00755,PROD_040,1,104.99,104.99
1860,ORD_00756,PROD_023,1,73.99,73.99
1861,ORD_00757,PROD_039,3,64.5,193.5
1862,ORD_00757,PROD_038,1,170.0,170.0
1863,ORD_00757,PROD_021,1,87.0,87.0
1864,ORD_00758,PROD_010,1,191.0,191.0
1865,ORD_00758,PROD_029,9,62.5,562.5
1866,ORD_00758,PROD_027,3,83.5,250.5
1867,ORD_00758,PROD_032,2,44.99,89.98
1868,ORD_00759,PROD_046,1,84.0,84.0
1869,ORD_00759,PROD_010,3,191.0,573.0
1870,ORD_00759,PROD_006,1,102.0,102.0
1871,ORD_00759,PROD_044,1,176.99,176.99
1872,ORD_00760,PROD_023,1,73.99,73.99
1873,ORD_00760,PROD_027,1,83.5,83.5
1874,ORD_00761,PROD_039,1,64.5,64.5
1875,ORD_00762,PROD_033,2,48.0,96.0
1876,ORD_00762,PROD_025,1,53.0,53.0
1877,ORD_00763,PROD_005,2,116.0,232.0
1878,ORD_00763,PROD_021,1,87.0,87.0
1879,ORD_00764,PROD_047,2,114.0,228.0
1880,ORD_00764,PROD_033,1,48.0,48.0
1881,ORD_00765,PROD_015,1,41.0,41.0
1882,ORD_00766,PROD_049,3,97.0,291.0
1883,ORD_00767,PROD_050,1,90.99,90.99
1884,ORD_00768,PROD_003,2,131.5,263.0
1885,ORD_00768,PROD_035,1,25.5,25.5
1886,ORD_00769,PROD_034,1,113.5,113.5
1887,ORD_00770,PROD_020,1,24.5,24.5
1888,ORD_00770,PROD_039,1,64.5,64.5
1889,ORD_00770,PROD_003,1,131.5,131.5
1890,ORD_00770,PROD_050,1,90.99,90.99
1891,ORD_00771,PROD_023,1,73.99,73.99
1892,ORD_00771,PROD_049,1,97.0,97.0
1893,ORD_00772,PROD_035,1,25.5,25.5
1894,ORD_00773,PROD_012,1,153.0,153.0
1895,ORD_00773,PROD_010,1,191.0,191.0
1896,ORD_00773,PROD_014,3,183.0,549.0
1897,ORD_00773,PROD_045,1,58.99,58.99
1898,ORD_00774,PROD_002,1,131.99,131.99
1899,ORD_00775,PROD_021,1,87.0,87.0
1900,ORD_00775,PROD_046,1,84.0,84.0
1901,ORD_00775,PROD_025,2,53.0,106.0
1902,ORD_00775,PROD_004,1,103.0,103.0
1903,ORD_00776,PROD_001,1,54.0,54.0
1904,ORD_00776,PROD_017,1,53.0,53.0
1905,ORD_00776,PROD_015,3,41.0,123.0
1906,ORD_00777,PROD_048,1,208.99,208.99
1907,ORD_00778,PROD_044,1,176.99,176.99
1908,ORD_00779,PROD_010,9,191.0,1719.0
1909,ORD_00779,PROD_013,1,154.5,154.5
1910,ORD_00779,PROD_049,2,97.0,194.0
1911,ORD_00779,PROD_017,1,53.0,53.0
1912,ORD_00779,PROD_037,2,98.99,197.98
1913,ORD_00780,PROD_018,3,52.0,156.0
1914,ORD_00780,PROD_036,1,98.5,98.5
1915,ORD_00780,PROD_035,1,25.5,25.5
1916,ORD_00780,PROD_047,1,114.0,114.0
1917,ORD_00781,PROD_028,1,73.5,73.5
1918,ORD_00781,PROD_033,2,48.0,96.0
1919,ORD_00782,PROD_041,1,212.5,212.5
1920,ORD_00782,PROD_010,1,191.0,191.0
1921,ORD_00782,PROD_024,1,38.0,38.0
1922,ORD_00783,PROD_005,1,116.0,116.0
1923,ORD_00784,PROD_047,1,114.0,114.0
1924,ORD_00785,PROD_006,1,102.0,102.0
1925,ORD_00785,PROD_001,1,54.0,54.0
1926,ORD_00785,PROD_017,4,53.0,212.0
1927,ORD_00786,PROD_018,1,52.0,52.0
1928,ORD_00786,PROD_010,1,191.0,191.0
1929,ORD_00786,PROD_036,1,98.5,98.5
1930,ORD_00786,PROD_046,1,84.0,84.0
1931,ORD_00786,PROD_039,3,64.5,193.5
1932,ORD_00786,PROD_047,1,114.0,114.0
1933,ORD_00787,PROD_029,1,62.5,62.5
1934,ORD_00787,PROD_021,1,87.0,87.0
1935,ORD_00787,PROD_040,1,104.99,104.99
1936,ORD_00787,PROD_012,1,153.0,153.0
1937,ORD_00787,PROD_005,1,116.0,116.0
1938,ORD_00788,PROD_023,1,73.99,73.99
1939,ORD_00788,PROD_047,1,114.0,114.0
1940,ORD_00788,PROD_024,1,38.0,38.0
1941,ORD_00788,PROD_030,2,35.99,71.98
1942,ORD_00789,PROD_047,1,114.0,114.0
1943,ORD_00790,PROD_027,1,83.5,83.5
1944,ORD_00790,PROD_001,2,54.0,108.0
1945,ORD_00790,PROD_040,4,104.99,419.96
1946,ORD_00790,PROD_009,2,66.0,132.0
1947,ORD_00791,PROD_033,2,48.0,96.0
1948,ORD_00791,PROD_009,1,66.0,66.0
1949,ORD_00792,PROD_042,1,65.0,65.0
1950,ORD_00793,PROD_044,1,176.99,176.99
1951,ORD_00794,PROD_012,1,153.0,153.0
1952,ORD_00794,PROD_008,1,68.5,68.5
1953,ORD_00794,PROD_045,1,58.99,58.99
1954,ORD_00794,PROD_006,1,102.0,102.0
1955,ORD_00794,PROD_037,1,98.99,98.99
1956,ORD_00795,PROD_050,1,90.99,90.99
1957,ORD_00796,PROD_013,1,154.5,154.5
1958,ORD_00796,PROD_045,2,58.99,117.98
1959,ORD_00797,PROD_029,1,62.5,62.5
1960,ORD_00798,PROD_034,1,113.5,113.5
1961,ORD_00799,PROD_030,1,35.99,35.99
1962,ORD_00800,PROD_002,1,131.99,131.99
1963,ORD_00800,PROD_019,1,66.5,66.5
1964,ORD_00800,PROD_038,1,170.0,170.0
1965,ORD_00801,PROD_001,1,54.0,54.0
1966,ORD_00802,PROD_040,1,104.99,104.99
1967,ORD_00802,PROD_043,1,179.5,179.5
1968,ORD_00803,PROD_036,1,98.5,98.5
1969,ORD_00803,PROD_017,2,53.0,106.0
1970,ORD_00803,PROD_015,1,41.0,41.0
1971,ORD_00803,PROD_010,1,191.0,191.0
1972,ORD_00804,PROD_008,1,68.5,68.5
1973,ORD_00804,PROD_037,1,98.99,98.99
1974,ORD_00805,PROD_029,2,62.5,125.0
1975,ORD_00805,PROD_002,1,131.99,131.99
1976,ORD_00805,PROD_026,1,41.99,41.99
1977,ORD_00805,PROD_042,1,65.0,65.0
1978,ORD_00806,PROD_028,1,73.5,73.5
1979,ORD_00806,PROD_048,1,208.99,208.99
1980,ORD_00806,PROD_025,3,53.0,159.0
1981,ORD_00807,PROD_046,1,84.0,84.0
1982,ORD_00807,PROD_009,1,66.0,66.0
1983,ORD_00808,PROD_042,1,65.0,65.0
1984,ORD_00808,PROD_048,1,208.99,208.99
1985,ORD_00809,PROD_034,1,113.5,113.5
1986,ORD_00809,PROD_021,1,87.0,87.0
1987,ORD_00810,PROD_018,1,52.0,52.0
1988,ORD_00810,PROD_003,3,131.5,394.5
1989,ORD_00810,PROD_035,1,25.5,25.5
1990,ORD_00810,PROD_038,1,170.0,170.0
1991,ORD_00810,PROD_039,1,64.5,64.5
1992,ORD_00811,PROD_011,1,79.0,79.0
1993,ORD_00812,PROD_029,2,62.5,125.0
1994,ORD_00813,PROD_025,1,53.0,53.0
1995,ORD_00813,PROD_004,1,103.0,103.0
1996,ORD_00813,PROD_035,1,25.5,25.5
1997,ORD_00814,PROD_045,1,58.99,58.99
1998,ORD_00814,PROD_020,2,24.5,49.0
1999,ORD_00814,PROD_031,1,100.5,100.5
2000,ORD_00814,PROD_038,1,170.0,170.0
2001,ORD_00815,PROD_043,1,179.5,179.5
2002,ORD_00816,PROD_003,1,131.5,131.5
2003,ORD_00816,PROD_032,3,44.99,134.97
2004,ORD_00817,PROD_041,1,212.5,212.5
2005,ORD_00817,PROD_038,1,170.0,170.0
2006,ORD_00817,PROD_006,1,102.0,102.0
2007,ORD_00817,PROD_025,1,53.0,53.0
2008,ORD_00818,PROD_050,1,90.99,90.99
2009,ORD_00818,PROD_045,1,58.99,58.99
2010,ORD_00818,PROD_011,1,79.0,79.0
2011,ORD_00818,PROD_039,1,64.5,64.5
2012,ORD_00818,PROD_017,1,53.0,53.0
2013,ORD_00818,PROD_042,1,65.0,65.0
2014,ORD_00819,PROD_047,1,114.0,114.0
2015,ORD_00820,PROD_009,4,66.0,264.0
2016,ORD_00820,PROD_011,1,79.0,79.0
2017,ORD_00821,PROD_005,1,116.0,116.0
2018,ORD_00822,PROD_039,1,64.5,64.5
2019,ORD_00822,PROD_016,1,114.99,114.99
2020,ORD_00823,PROD_024,1,38.0,38.0
2021,ORD_00823,PROD_018,1,52.0,52.0
2022,ORD_00823,PROD_034,1,113.5,113.5
2023,ORD_00824,PROD_047,1,114.0,114.0
2024,ORD_00824,PROD_036,1,98.5,98.5
2025,ORD_00824,PROD_046,2,84.0,168.0
2026,ORD_00824,PROD_006,1,102.0,102.0
2027,ORD_00824,PROD_035,1,25.5,25.5
2028,ORD_00825,PROD_006,3,102.0,306.0
2029,ORD_00826,PROD_005,1,116.0,116.0
2030,ORD_00826,PROD_015,2,41.0,82.0
2031,ORD_00827,PROD_035,1,25.5,25.5
2032,ORD_00828,PROD_011,1,79.0,79.0
2033,ORD_00828,PROD_041,1,212.5,212.5
2034,ORD_00828,PROD_029,1,62.5,62.5
2035,ORD_00829,PROD_041,1,212.5,212.5
2036,ORD_00830,PROD_039,1,64.5,64.5
2037,ORD_00830,PROD_010,1,191.0,191.0
2038,ORD_00831,PROD_006,1,102.0,102.0
2039,ORD_00831,PROD_011,1,79.0,79.0
2040,ORD_00831,PROD_047,3,114.0,342.0
2041,ORD_00832,PROD_018,10,52.0,520.0
2042,ORD_00832,PROD_007,2,101.99,203.98
2043,ORD_00832,PROD_048,2,208.99,417.98
2044,ORD_00832,PROD_013,1,154.5,154.5
2045,ORD_00833,PROD_017,2,53.0,106.0
2046,ORD_00833,PROD_013,1,154.5,154.5
2047,ORD_00833,PROD_011,1,79.0,79.0
2048,ORD_00833,PROD_043,1,179.5,179.5
2049,ORD_00833,PROD_046,1,84.0,84.0
2050,ORD_00834,PROD_037,1,98.99,98.99
2051,ORD_00834,PROD_033,1,48.0,48.0
2052,ORD_00834,PROD_041,1,212.5,212.5
2053,ORD_00835,PROD_009,1,66.0,66.0
2054,ORD_00835,PROD_039,1,64.5,64.5
2055,ORD_00836,PROD_029,1,62.5,62.5
2056,ORD_00836,PROD_024,2,38.0,76.0
2057,ORD_00836,PROD_013,1,154.5,154.5
2058,ORD_00836,PROD_025,1,53.0,53.0
2059,ORD_00837,PROD_011,2,79.0,158.0
2060,ORD_00838,PROD_019,1,66.5,66.5
2061,ORD_00838,PROD_020,1,24.5,24.5
2062,ORD_00838,PROD_029,1,62.5,62.5
2063,ORD_00838,PROD_033,2,48.0,96.0
2064,ORD_00839,PROD_010,1,191.0,191.0
2065,ORD_00839,PROD_031,1,100.5,100.5
2066,ORD_00839,PROD_047,1,114.0,114.0
2067,ORD_00840,PROD_048,1,208.99,208.99
2068,ORD_00840,PROD_009,1,66.0,66.0
2069,ORD_00841,PROD_047,1,114.0,114.0
2070,ORD_00842,PROD_018,1,52.0,52.0
2071,ORD_00842,PROD_038,1,170.0,170.0
2072,ORD_00842,PROD_013,1,154.5,154.5
2073,ORD_00843,PROD_041,1,212.5,212.5
2074,ORD_00843,PROD_049,1,97.0,97.0
2075,ORD_00844,PROD_031,1,100.5,100.5
2076,ORD_00845,PROD_004,1,103.0,103.0
2077,ORD_00845,PROD_020,1,24.5,24.5
2078,ORD_00846,PROD_039,1,64.5,64.5
2079,ORD_00846,PROD_033,1,48.0,48.0
2080,ORD_00846,PROD_022,2,38.99,77.98
2081,ORD_00846,PROD_034,1,113.5,113.5
2082,ORD_00847,PROD_037,1,98.99,98.99
2083,ORD_00848,PROD_040,2,104.99,209.98
2084,ORD_00848,PROD_014,1,183.0,183.0
2085,ORD_00848,PROD_020,1,24.5,24.5
2086,ORD_00848,PROD_021,1,87.0,87.0
2087,ORD_00849,PROD_015,3,41.0,123.0
2088,ORD_00849,PROD_036,1,98.5,98.5
2089,ORD_00849,PROD_003,1,131.5,131.5
2090,ORD_00850,PROD_015,3,41.0,123.0
2091,ORD_00851,PROD_024,1,38.0,38.0
2092,ORD_00851,PROD_036,2,98.5,197.0
2093,ORD_00852,PROD_037,1,98.99,98.99
2094,ORD_00853,PROD_049,2,97.0,194.0
2095,ORD_00853,PROD_025,1,53.0,53.0
2096,ORD_00853,PROD_041,1,212.5,212.5
2097,ORD_00854,PROD_031,1,100.5,100.5
2098,ORD_00854,PROD_041,1,212.5,212.5
2099,ORD_00854,PROD_045,1,58.99,58.99
2100,ORD_00855,PROD_007,1,101.99,101.99
2101,ORD_00856,PROD_006,1,102.0,102.0
2102,ORD_00856,PROD_019,2,66.5,133.0
2103,ORD_00857,PROD_050,1,90.99,90.99
2104,ORD_00857,PROD_049,1,97.0,97.0
2105,ORD_00857,PROD_022,2,38.99,77.98
2106,ORD_00857,PROD_003,1,131.5,131.5
2107,ORD_00858,PROD_012,1,153.0,153.0
2108,ORD_00858,PROD_028,1,73.5,73.5
2109,ORD_00859,PROD_033,1,48.0,48.0
2110,ORD_00859,PROD_037,1,98.99,98.99
2111,ORD_00859,PROD_015,1,41.0,41.0
2112,ORD_00859,PROD_039,1,64.5,64.5
2113,ORD_00860,PROD_005,1,116.0,116.0
2114,ORD_00861,PROD_009,1,66.0,66.0
2115,ORD_00861,PROD_014,3,183.0,549.0
2116,ORD_00862,PROD_022,1,38.99,38.99
2117,ORD_00863,PROD_008,1,68.5,68.5
2118,ORD_00864,PROD_029,1,62.5,62.5
2119,ORD_00864,PROD_038,1,170.0,170.0
2120,ORD_00864,PROD_028,1,73.5,73.5
2121,ORD_00865,PROD_031,1,100.5,100.5
2122,ORD_00866,PROD_050,3,90.99,272.97
2123,ORD_00867,PROD_037,1,98.99,98.99
2124,ORD_00867,PROD_008,1,68.5,68.5
2125,ORD_00867,PROD_022,2,38.99,77.98
2126,ORD_00868,PROD_010,1,191.0,191.0
2127,ORD_00868,PROD_027,2,83.5,167.0
2128,ORD_00869,PROD_022,3,38.99,116.97
2129,ORD_00869,PROD_034,3,113.5,340.5
2130,ORD_00869,PROD_040,2,104.99,209.98
2131,ORD_00869,PROD_035,1,25.5,25.5
2132,ORD_00870,PROD_043,2,179.5,359.0
2133,ORD_00870,PROD_028,1,73.5,73.5
2134,ORD_00870,PROD_011,1,79.0,79.0
2135,ORD_00871,PROD_035,2,25.5,51.0
2136,ORD_00871,PROD_005,4,116.0,464.0
2137,ORD_00872,PROD_011,1,79.0,79.0
2138,ORD_00872,PROD_026,1,41.99,41.99
2139,ORD_00873,PROD_024,1,38.0,38.0
2140,ORD_00873,PROD_019,1,66.5,66.5
2141,ORD_00873,PROD_047,2,114.0,228.0
2142,ORD_00874,PROD_032,2,44.99,89.98
2143,ORD_00874,PROD_036,1,98.5,98.5
2144,ORD_00875,PROD_047,1,114.0,114.0
2145,ORD_00875,PROD_017,1,53.0,53.0
2146,ORD_00876,PROD_014,2,183.0,366.0
2147,ORD_00877,PROD_036,1,98.5,98.5
2148,ORD_00877,PROD_003,2,131.5,263.0
2149,ORD_00877,PROD_006,1,102.0,102.0
2150,ORD_00877,PROD_026,1,41.99,41.99
2151,ORD_00878,PROD_032,1,44.99,44.99
2152,ORD_00879,PROD_036,1,98.5,98.5
2153,ORD_00879,PROD_044,1,176.99,176.99
2154,ORD_00879,PROD_005,1,116.0,116.0
2155,ORD_00879,PROD_016,1,114.99,114.99
2156,ORD_00880,PROD_032,2,44.99,89.98
2157,ORD_00880,PROD_008,1,68.5,68.5
2158,ORD_00881,PROD_036,4,98.5,394.0
2159,ORD_00882,PROD_035,1,25.5,25.5
2160,ORD_00882,PROD_034,3,113.5,340.5
2161,ORD_00883,PROD_039,2,64.5,129.0
2162,ORD_00884,PROD_009,1,66.0,66.0
2163,ORD_00884,PROD_047,1,114.0,114.0
2164,ORD_00884,PROD_017,1,53.0,53.0
2165,ORD_00885,PROD_023,1,73.99,73.99
2166,ORD_00885,PROD_048,3,208.99,626.97
2167,ORD_00885,PROD_001,1,54.0,54.0
2168,ORD_00886,PROD_021,1,87.0,87.0
2169,ORD_00887,PROD_044,2,176.99,353.98
2170,ORD_00888,PROD_037,3,98.99,296.97
2171,ORD_00889,PROD_031,1,100.5,100.5
2172,ORD_00890,PROD_020,1,24.5,24.5
2173,ORD_00891,PROD_013,1,154.5,154.5
2174,ORD_00891,PROD_006,1,102.0,102.0
2175,ORD_00892,PROD_016,1,114.99,114.99
2176,ORD_00892,PROD_050,1,90.99,90.99
2177,ORD_00893,PROD_004,1,103.0,103.0
2178,ORD_00894,PROD_034,10,113.5,1135.0
2179,ORD_00894,PROD_033,1,48.0,48.0
2180,ORD_00894,PROD_009,1,66.0,66.0
2181,ORD_00895,PROD_005,1,116.0,116.0
2182,ORD_00895,PROD_009,1,66.0,66.0
2183,ORD_00895,PROD_040,1,104.99,104.99
2184,ORD_00895,PROD_007,2,101.99,203.98
2185,ORD_00896,PROD_044,1,176.99,176.99
2186,ORD_00896,PROD_050,2,90.99,181.98
2187,ORD_00896,PROD_039,1,64.5,64.5
2188,ORD_00897,PROD_042,1,65.0,65.0
2189,ORD_00898,PROD_015,1,41.0,41.0
2190,ORD_00898,PROD_019,2,66.5,133.0
2191,ORD_00898,PROD_020,1,24.5,24.5
2192,ORD_00898,PROD_039,2,64.5,129.0
2193,ORD_00899,PROD_001,8,54.0,432.0
2194,ORD_00900,PROD_003,1,131.5,131.5
2195,ORD_00901,PROD_037,3,98.99,296.97
2196,ORD_00902,PROD_032,1,44.99,44.99
2197,ORD_00902,PROD_048,2,208.99,417.98
2198,ORD_00902,PROD_018,1,52.0,52.0
2199,ORD_00903,PROD_005,1,116.0,116.0
2200,ORD_00904,PROD_029,1,62.5,62.5
2201,ORD_00904,PROD_014,1,183.0,183.0
2202,ORD_00905,PROD_024,1,38.0,38.0
2203,ORD_00906,PROD_037,1,98.99,98.99
2204,ORD_00906,PROD_011,1,79.0,79.0
2205,ORD_00907,PROD_011,1,79.0,79.0
2206,ORD_00907,PROD_046,2,84.0,168.0
2207,ORD_00907,PROD_022,1,38.99,38.99
2208,ORD_00907,PROD_002,3,131.99,395.97
2209,ORD_00908,PROD_028,1,73.5,73.5
2210,ORD_00908,PROD_012,1,153.0,153.0
2211,ORD_00909,PROD_001,1,54.0,54.0
2212,ORD_00909,PROD_011,1,79.0,79.0
2213,ORD_00910,PROD_032,1,44.99,44.99
2214,ORD_00911,PROD_009,2,66.0,132.0
2215,ORD_00911,PROD_006,1,102.0,102.0
2216,ORD_00911,PROD_038,1,170.0,170.0
2217,ORD_00912,PROD_007,1,101.99,101.99
2218,ORD_00913,PROD_036,1,98.5,98.5
2219,ORD_00913,PROD_004,1,103.0,103.0
2220,ORD_00913,PROD_038,1,170.0,170.0
2221,ORD_00914,PROD_025,1,53.0,53.0
2222,ORD_00915,PROD_007,1,101.99,101.99
2223,ORD_00915,PROD_002,1,131.99,131.99
2224,ORD_00916,PROD_004,1,103.0,103.0
2225,ORD_00917,PROD_041,1,212.5,212.5
2226,ORD_00918,PROD_026,2,41.99,83.98
2227,ORD_00918,PROD_040,1,104.99,104.99
2228,ORD_00918,PROD_017,1,53.0,53.0
2229,ORD_00919,PROD_021,1,87.0,87.0
2230,ORD_00919,PROD_032,1,44.99,44.99
2231,ORD_00919,PROD_045,1,58.99,58.99
2232,ORD_00919,PROD_012,2,153.0,306.0
2233,ORD_00920,PROD_022,2,38.99,77.98
2234,ORD_00920,PROD_045,1,58.99,58.99
2235,ORD_00920,PROD_002,1,131.99,131.99
2236,ORD_00920,PROD_033,1,48.0,48.0
2237,ORD_00921,PROD_001,1,54.0,54.0
2238,ORD_00921,PROD_019,1,66.5,66.5
2239,ORD_00921,PROD_030,1,35.99,35.99
2240,ORD_00922,PROD_025,1,53.0,53.0
2241,ORD_00922,PROD_020,1,24.5,24.5
2242,ORD_00922,PROD_011,2,79.0,158.0
2243,ORD_00923,PROD_019,2,66.5,133.0
2244,ORD_00924,PROD_001,1,54.0,54.0
2245,ORD_00924,PROD_046,2,84.0,168.0
2246,ORD_00924,PROD_012,1,153.0,153.0
2247,ORD_00924,PROD_007,2,101.99,203.98
2248,ORD_00924,PROD_016,1,114.99,114.99
2249,ORD_00925,PROD_031,4,100.5,402.0
2250,ORD_00925,PROD_008,1,68.5,68.5
2251,ORD_00926,PROD_045,1,58.99,58.99
2252,ORD_00926,PROD_044,1,176.99,176.99
2253,ORD_00926,PROD_018,1,52.0,52.0
2254,ORD_00927,PROD_007,1,101.99,101.99
2255,ORD_00927,PROD_015,1,41.0,41.0
2256,ORD_00927,PROD_031,1,100.5,100.5
2257,ORD_00927,PROD_046,1,84.0,84.0
2258,ORD_00928,PROD_027,1,83.5,83.5
2259,ORD_00928,PROD_014,1,183.0,183.0
2260,ORD_00928,PROD_029,9,62.5,562.5
2261,ORD_00929,PROD_015,1,41.0,41.0
2262,ORD_00929,PROD_049,1,97.0,97.0
2263,ORD_00930,PROD_025,2,53.0,106.0
2264,ORD_00930,PROD_010,1,191.0,191.0
2265,ORD_00930,PROD_022,1,38.99,38.99
2266,ORD_00931,PROD_017,1,53.0,53.0
2267,ORD_00931,PROD_047,1,114.0,114.0
2268,ORD_00932,PROD_021,1,87.0,87.0
2269,ORD_00932,PROD_016,2,114.99,229.98
2270,ORD_00932,PROD_027,1,83.5,83.5
2271,ORD_00933,PROD_032,1,44.99,44.99
2272,ORD_00933,PROD_002,1,131.99,131.99
2273,ORD_00934,PROD_044,1,176.99,176.99
2274,ORD_00935,PROD_017,1,53.0,53.0
2275,ORD_00936,PROD_004,1,103.0,103.0
2276,ORD_00936,PROD_012,2,153.0,306.0
2277,ORD_00936,PROD_043,1,179.5,179.5
2278,ORD_00937,PROD_024,1,38.0,38.0
2279,ORD_00937,PROD_004,1,103.0,103.0
2280,ORD_00938,PROD_009,1,66.0,66.0
2281,ORD_00938,PROD_006,1,102.0,102.0
2282,ORD_00939,PROD_042,2,65.0,130.0
2283,ORD_00940,PROD_007,2,101.99,203.98
2284,ORD_00940,PROD_015,1,41.0,41.0
2285,ORD_00940,PROD_010,1,191.0,191.0
2286,ORD_00940,PROD_048,1,208.99,208.99
2287,ORD_00940,PROD_029,2,62.5,125.0
2288,ORD_00940,PROD_006,1,102.0,102.0
2289,ORD_00941,PROD_022,2,38.99,77.98
2290,ORD_00941,PROD_003,2,131.5,263.0
2291,ORD_00941,PROD_006,2,102.0,204.0
2292,ORD_00941,PROD_025,1,53.0,53.0
2293,ORD_00942,PROD_031,1,100.5,100.5
2294,ORD_00942,PROD_036,9,98.5,886.5
2295,ORD_00943,PROD_023,2,73.99,147.98
2296,ORD_00943,PROD_050,1,90.99,90.99
2297,ORD_00943,PROD_010,2,191.0,382.0
2298,ORD_00944,PROD_010,2,191.0,382.0
2299,ORD_00945,PROD_026,1,41.99,41.99
2300,ORD_00945,PROD_041,1,212.5,212.5
2301,ORD_00945,PROD_009,4,66.0,264.0
2302,ORD_00946,PROD_033,1,48.0,48.0
2303,ORD_00947,PROD_003,5,131.5,657.5
2304,ORD_00948,PROD_032,1,44.99,44.99
2305,ORD_00948,PROD_045,1,58.99,58.99
2306,ORD_00949,PROD_011,1,79.0,79.0
2307,ORD_00950,PROD_033,1,48.0,48.0
2308,ORD_00950,PROD_010,1,191.0,191.0
2309,ORD_00951,PROD_022,1,38.99,38.99
2310,ORD_00951,PROD_039,1,64.5,64.5
2311,ORD_00951,PROD_034,1,113.5,113.5
2312,ORD_00951,PROD_008,1,68.5,68.5
2313,ORD_00951,PROD_024,1,38.0,38.0
2314,ORD_00952,PROD_032,3,44.99,134.97
2315,ORD_00952,PROD_023,1,73.99,73.99
2316,ORD_00952,PROD_022,2,38.99,77.98
2317,ORD_00953,PROD_043,1,179.5,179.5
2318,ORD_00954,PROD_039,9,64.5,580.5
2319,ORD_00954,PROD_026,1,41.99,41.99
2320,ORD_00954,PROD_036,1,98.5,98.5
2321,ORD_00955,PROD_025,1,53.0,53.0
2322,ORD_00955,PROD_035,1,25.5,25.5
2323,ORD_00956,PROD_013,2,154.5,309.0
2324,ORD_00956,PROD_042,1,65.0,65.0
2325,ORD_00956,PROD_016,1,114.99,114.99
2326,ORD_00956,PROD_049,1,97.0,97.0
2327,ORD_00956,PROD_029,1,62.5,62.5
2328,ORD_00957,PROD_027,1,83.5,83.5
2329,ORD_00958,PROD_043,1,179.5,179.5
2330,ORD_00958,PROD_026,1,41.99,41.99
2331,ORD_00958,PROD_002,1,131.99,131.99
2332,ORD_00958,PROD_027,1,83.5,83.5
2333,ORD_00958,PROD_010,1,191.0,191.0
2334,ORD_00959,PROD_012,3,153.0,459.0
2335,ORD_00960,PROD_033,2,48.0,96.0
2336,ORD_00960,PROD_020,1,24.5,24.5
2337,ORD_00961,PROD_017,1,53.0,53.0
2338,ORD_00961,PROD_016,2,114.99,229.98
2339,ORD_00962,PROD_034,2,113.5,227.0
2340,ORD_00962,PROD_025,1,53.0,53.0
2341,ORD_00963,PROD_045,1,58.99,58.99
2342,ORD_00963,PROD_040,1,104.99,104.99
2343,ORD_00963,PROD_009,4,66.0,264.0
2344,ORD_00964,PROD_001,4,54.0,216.0
2345,ORD_00964,PROD_015,1,41.0,41.0
2346,ORD_00964,PROD_042,1,65.0,65.0
2347,ORD_00965,PROD_042,4,65.0,260.0
2348,ORD_00966,PROD_008,1,68.5,68.5
2349,ORD_00966,PROD_024,1,38.0,38.0
2350,ORD_00966,PROD_025,1,53.0,53.0
2351,ORD_00966,PROD_001,1,54.0,54.0
2352,ORD_00966,PROD_034,2,113.5,227.0
2353,ORD_00966,PROD_014,1,183.0,183.0
2354,ORD_00967,PROD_037,1,98.99,98.99
2355,ORD_00968,PROD_048,2,208.99,417.98
2356,ORD_00968,PROD_027,1,83.5,83.5
2357,ORD_00968,PROD_004,1,103.0,103.0
2358,ORD_00968,PROD_030,1,35.99,35.99
2359,ORD_00968,PROD_005,2,116.0,232.0
2360,ORD_00968,PROD_018,2,52.0,104.0
2361,ORD_00969,PROD_013,1,154.5,154.5
2362,ORD_00969,PROD_036,2,98.5,197.0
2363,ORD_00969,PROD_007,2,101.99,203.98
2364,ORD_00969,PROD_012,2,153.0,306.0
2365,ORD_00969,PROD_044,1,176.99,176.99
2366,ORD_00969,PROD_028,3,73.5,220.5
2367,ORD_00970,PROD_011,1,79.0,79.0
2368,ORD_00970,PROD_031,1,100.5,100.5
2369,ORD_00970,PROD_024,2,38.0,76.0
2370,ORD_00971,PROD_005,2,116.0,232.0
2371,ORD_00971,PROD_016,1,114.99,114.99
2372,ORD_00971,PROD_002,3,131.99,395.97
2373,ORD_00971,PROD_015,4,41.0,164.0
2374,ORD_00972,PROD_020,1,24.5,24.5
2375,ORD_00972,PROD_049,1,97.0,97.0
2376,ORD_00972,PROD_044,2,176.99,353.98
2377,ORD_00972,PROD_043,1,179.5,179.5
2378,ORD_00973,PROD_003,1,131.5,131.5
2379,ORD_00973,PROD_007,1,101.99,101.99
2380,ORD_00973,PROD_016,1,114.99,114.99
2381,ORD_00974,PROD_017,1,53.0,53.0
2382,ORD_00974,PROD_007,1,101.99,101.99
2383,ORD_00975,PROD_022,1,38.99,38.99
2384,ORD_00976,PROD_030,1,35.99,35.99
2385,ORD_00976,PROD_035,4,25.5,102.0
2386,ORD_00976,PROD_046,1,84.0,84.0
2387,ORD_00977,PROD_031,2,100.5,201.0
2388,ORD_00977,PROD_050,1,90.99,90.99
2389,ORD_00978,PROD_044,1,176.99,176.99
2390,ORD_00978,PROD_015,1,41.0,41.0
2391,ORD_00979,PROD_014,1,183.0,183.0
2392,ORD_00979,PROD_048,1,208.99,208.99
2393,ORD_00980,PROD_005,2,116.0,232.0
2394,ORD_00980,PROD_040,1,104.99,104.99
2395,ORD_00980,PROD_043,1,179.5,179.5
2396,ORD_00980,PROD_032,1,44.99,44.99
2397,ORD_00980,PROD_038,1,170.0,170.0
2398,ORD_00981,PROD_050,2,90.99,181.98
2399,ORD_00981,PROD_023,1,73.99,73.99
2400,ORD_00982,PROD_046,1,84.0,84.0
2401,ORD_00982,PROD_030,1,35.99,35.99
2402,ORD_00982,PROD_047,4,114.0,456.0
2403,ORD_00982,PROD_005,2,116.0,232.0
2404,ORD_00983,PROD_012,1,153.0,153.0
2405,ORD_00984,PROD_021,3,87.0,261.0
2406,ORD_00984,PROD_036,2,98.5,197.0
2407,ORD_00984,PROD_002,1,131.99,131.99
2408,ORD_00984,PROD_022,2,38.99,77.98
2409,ORD_00985,PROD_036,1,98.5,98.5
2410,ORD_00985,PROD_038,1,170.0,170.0
2411,ORD_00985,PROD_011,2,79.0,158.0
2412,ORD_00986,PROD_048,1,208.99,208.99
2413,ORD_00986,PROD_011,1,79.0,79.0
2414,ORD_00986,PROD_037,2,98.99,197.98
2415,ORD_00987,PROD_008,1,68.5,68.5
2416,ORD_00987,PROD_020,1,24.5,24.5
2417,ORD_00987,PROD_039,1,64.5,64.5
2418,ORD_00987,PROD_040,2,104.99,209.98
2419,ORD_00988,PROD_043,2,179.5,359.0
2420,ORD_00989,PROD_027,1,83.5,83.5
2421,ORD_00989,PROD_029,1,62.5,62.5
2422,ORD_00989,PROD_026,2,41.99,83.98
2423,ORD_00990,PROD_017,2,53.0,106.0
2424,ORD_00990,PROD_007,1,101.99,101.99
2425,ORD_00990,PROD_039,1,64.5,64.5
2426,ORD_00991,PROD_039,1,64.5,64.5
2427,ORD_00991,PROD_013,1,154.5,154.5
2428,ORD_00991,PROD_025,1,53.0,53.0
2429,ORD_00991,PROD_003,1,131.5,131.5
2430,ORD_00991,PROD_014,1,183.0,183.0
2431,ORD_00992,PROD_042,1,65.0,65.0
2432,ORD_00992,PROD_043,1,179.5,179.5
2433,ORD_00992,PROD_019,2,66.5,133.0
2434,ORD_00992,PROD_050,1,90.99,90.99
2435,ORD_00992,PROD_010,1,191.0,191.0
2436,ORD_00992,PROD_035,1,25.5,25.5
2437,ORD_00993,PROD_009,3,66.0,198.0
2438,ORD_00994,PROD_018,6,52.0,312.0
2439,ORD_00994,PROD_026,1,41.99,41.99
2440,ORD_00995,PROD_037,2,98.99,197.98
2441,ORD_00995,PROD_001,2,54.0,108.0
2442,ORD_00996,PROD_050,3,90.99,272.97
2443,ORD_00996,PROD_029,1,62.5,62.5
2444,ORD_00997,PROD_012,1,153.0,153.0
2445,ORD_00997,PROD_002,1,131.99,131.99
2446,ORD_00998,PROD_040,1,104.99,104.99
2447,ORD_00998,PROD_001,1,54.0,54.0
2448,ORD_00999,PROD_020,1,24.5,24.5
2449,ORD_00999,PROD_009,2,66.0,132.0
2450,ORD_00999,PROD_050,1,90.99,90.99
2451,ORD_01000,PROD_018,3,52.0,156.0
2452,ORD_01001,PROD_046,1,84.0,84.0
2453,ORD_01001,PROD_040,1,104.99,104.99
2454,ORD_01001,PROD_041,1,212.5,212.5
2455,ORD_01002,PROD_008,2,68.5,137.0
2456,ORD_01003,PROD_008,1,68.5,68.5
2457,ORD_01004,PROD_029,1,62.5,62.5
2458,ORD_01004,PROD_026,1,41.99,41.99
2459,ORD_01004,PROD_032,1,44.99,44.99
2460,ORD_01005,PROD_005,1,116.0,116.0
2461,ORD_01005,PROD_050,2,90.99,181.98
2462,ORD_01006,PROD_018,2,52.0,104.0
2463,ORD_01006,PROD_021,1,87.0,87.0
2464,ORD_01007,PROD_002,1,131.99,131.99
2465,ORD_01007,PROD_028,1,73.5,73.5
2466,ORD_01007,PROD_038,1,170.0,170.0
2467,ORD_01007,PROD_042,1,65.0,65.0
2468,ORD_01008,PROD_044,1,176.99,176.99
2469,ORD_01008,PROD_005,1,116.0,116.0
2470,ORD_01008,PROD_038,1,170.0,170.0
2471,ORD_01008,PROD_010,2,191.0,382.0
2472,ORD_01008,PROD_014,1,183.0,183.0
2473,ORD_01008,PROD_011,1,79.0,79.0
2474,ORD_01009,PROD_012,1,153.0,153.0
2475,ORD_01009,PROD_020,1,24.5,24.5
2476,ORD_01009,PROD_025,1,53.0,53.0
2477,ORD_01010,PROD_001,1,54.0,54.0
2478,ORD_01010,PROD_005,3,116.0,348.0
2479,ORD_01010,PROD_023,1,73.99,73.99
2480,ORD_01010,PROD_028,4,73.5,294.0
2481,ORD_01010,PROD_037,1,98.99,98.99
2482,ORD_01011,PROD_006,1,102.0,102.0
2483,ORD_01011,PROD_019,1,66.5,66.5
2484,ORD_01011,PROD_049,2,97.0,194.0
2485,ORD_01011,PROD_038,1,170.0,170.0
2486,ORD_01012,PROD_045,1,58.99,58.99
2487,ORD_01013,PROD_024,1,38.0,38.0
2488,ORD_01014,PROD_013,1,154.5,154.5
2489,ORD_01015,PROD_022,1,38.99,38.99
2490,ORD_01015,PROD_039,2,64.5,129.0
2491,ORD_01016,PROD_031,1,100.5,100.5
2492,ORD_01016,PROD_036,1,98.5,98.5
2493,ORD_01016,PROD_020,2,24.5,49.0
2494,ORD_01016,PROD_025,1,53.0,53.0
2495,ORD_01017,PROD_005,1,116.0,116.0
2496,ORD_01017,PROD_046,2,84.0,168.0
2497,ORD_01017,PROD_020,1,24.5,24.5
2498,ORD_01017,PROD_030,1,35.99,35.99
2499,ORD_01018,PROD_010,7,191.0,1337.0
2500,ORD_01018,PROD_026,1,41.99,41.99
2501,ORD_01018,PROD_033,2,48.0,96.0
2502,ORD_01018,PROD_005,1,116.0,116.0
2503,ORD_01018,PROD_006,1,102.0,102.0
2504,ORD_01019,PROD_040,1,104.99,104.99
2505,ORD_01019,PROD_016,1,114.99,114.99
2506,ORD_01019,PROD_021,1,87.0,87.0
2507,ORD_01020,PROD_038,1,170.0,170.0
2508,ORD_01021,PROD_034,1,113.5,113.5
2509,ORD_01021,PROD_028,1,73.5,73.5
2510,ORD_01022,PROD_016,1,114.99,114.99
2511,ORD_01022,PROD_050,1,90.99,90.99
2512,ORD_01022,PROD_002,2,131.99,263.98
2513,ORD_01023,PROD_022,1,38.99,38.99
2514,ORD_01023,PROD_038,1,170.0,170.0
2515,ORD_01024,PROD_024,9,38.0,342.0
2516,ORD_01024,PROD_040,1,104.99,104.99
2517,ORD_01025,PROD_040,1,104.99,104.99
2518,ORD_01025,PROD_018,2,52.0,104.0
2519,ORD_01026,PROD_002,1,131.99,131.99
2520,ORD_01027,PROD_006,1,102.0,102.0
2521,ORD_01027,PROD_024,2,38.0,76.0
2522,ORD_01027,PROD_045,1,58.99,58.99
2523,ORD_01028,PROD_004,1,103.0,103.0
2524,ORD_01029,PROD_029,1,62.5,62.5
2525,ORD_01029,PROD_005,2,116.0,232.0
2526,ORD_01029,PROD_007,2,101.99,203.98
2527,ORD_01029,PROD_041,1,212.5,212.5
2528,ORD_01030,PROD_013,1,154.5,154.5
2529,ORD_01030,PROD_037,1,98.99,98.99
2530,ORD_01030,PROD_015,2,41.0,82.0
2531,ORD_01030,PROD_043,2,179.5,359.0
2532,ORD_01030,PROD_039,2,64.5,129.0
2533,ORD_01031,PROD_036,1,98.5,98.5
2534,ORD_01031,PROD_047,1,114.0,114.0
2535,ORD_01031,PROD_024,1,38.0,38.0
2536,ORD_01032,PROD_032,1,44.99,44.99
2537,ORD_01032,PROD_039,1,64.5,64.5
2538,ORD_01033,PROD_009,3,66.0,198.0
2539,ORD_01033,PROD_024,1,38.0,38.0
2540,ORD_01034,PROD_040,1,104.99,104.99
2541,ORD_01035,PROD_041,2,212.5,425.0
2542,ORD_01035,PROD_031,2,100.5,201.0
2543,ORD_01035,PROD_003,2,131.5,263.0
2544,ORD_01035,PROD_015,2,41.0,82.0
2545,ORD_01036,PROD_039,1,64.5,64.5
2546,ORD_01037,PROD_006,1,102.0,102.0
2547,ORD_01037,PROD_040,1,104.99,104.99
2548,ORD_01037,PROD_047,1,114.0,114.0
2549,ORD_01037,PROD_005,1,116.0,116.0
2550,ORD_01038,PROD_037,3,98.99,296.97
2551,ORD_01038,PROD_026,6,41.99,251.94
2552,ORD_01039,PROD_013,1,154.5,154.5
2553,ORD_01040,PROD_027,1,83.5,83.5
2554,ORD_01041,PROD_048,3,208.99,626.97
2555,ORD_01042,PROD_002,1,131.99,131.99
2556,ORD_01042,PROD_006,1,102.0,102.0
2557,ORD_01042,PROD_029,1,62.5,62.5
2558,ORD_01043,PROD_027,1,83.5,83.5
2559,ORD_01044,PROD_015,1,41.0,41.0
2560,ORD_01045,PROD_015,1,41.0,41.0
2561,ORD_01045,PROD_027,3,83.5,250.5
2562,ORD_01045,PROD_042,1,65.0,65.0
2563,ORD_01046,PROD_012,1,153.0,153.0
2564,ORD_01046,PROD_043,2,179.5,359.0
2565,ORD_01047,PROD_047,2,114.0,228.0
2566,ORD_01047,PROD_031,1,100.5,100.5
2567,ORD_01047,PROD_048,1,208.99,208.99
2568,ORD_01047,PROD_030,1,35.99,35.99
2569,ORD_01048,PROD_048,1,208.99,208.99
2570,ORD_01048,PROD_047,2,114.0,228.0
2571,ORD_01048,PROD_031,1,100.5,100.5
2572,ORD_01049,PROD_042,1,65.0,65.0
2573,ORD_01050,PROD_030,1,35.99,35.99
2574,ORD_01050,PROD_020,2,24.5,49.0
2575,ORD_01051,PROD_002,1,131.99,131.99
2576,ORD_01052,PROD_022,2,38.99,77.98
2577,ORD_01053,PROD_033,1,48.0,48.0
2578,ORD_01053,PROD_016,1,114.99,114.99
2579,ORD_01054,PROD_017,1,53.0,53.0
2580,ORD_01055,PROD_030,1,35.99,35.99
2581,ORD_01055,PROD_031,1,100.5,100.5
2582,ORD_01055,PROD_040,2,104.99,209.98
2583,ORD_01055,PROD_003,1,131.5,131.5
2584,ORD_01055,PROD_028,1,73.5,73.5
2585,ORD_01055,PROD_033,2,48.0,96.0
2586,ORD_01056,PROD_016,1,114.99,114.99
2587,ORD_01056,PROD_032,1,44.99,44.99
2588,ORD_01056,PROD_021,1,87.0,87.0
2589,ORD_01056,PROD_006,2,102.0,204.0
2590,ORD_01057,PROD_034,1,113.5,113.5
2591,ORD_01057,PROD_047,1,114.0,114.0
2592,ORD_01058,PROD_016,1,114.99,114.99
2593,ORD_01058,PROD_022,1,38.99,38.99
2594,ORD_01059,PROD_008,1,68.5,68.5
2595,ORD_01059,PROD_047,1,114.0,114.0
2596,ORD_01059,PROD_042,1,65.0,65.0
2597,ORD_01059,PROD_020,1,24.5,24.5
2598,ORD_01059,PROD_015,4,41.0,164.0
2599,ORD_01060,PROD_048,1,208.99,208.99
2600,ORD_01061,PROD_038,2,170.0,340.0
2601,ORD_01061,PROD_048,1,208.99,208.99
2602,ORD_01061,PROD_043,1,179.5,179.5
2603,ORD_01061,PROD_018,2,52.0,104.0
2604,ORD_01061,PROD_022,1,38.99,38.99
2605,ORD_01062,PROD_040,3,104.99,314.97
2606,ORD_01062,PROD_039,1,64.5,64.5
2607,ORD_01063,PROD_037,1,98.99,98.99
2608,ORD_01063,PROD_006,1,102.0,102.0
2609,ORD_01064,PROD_032,1,44.99,44.99
2610,ORD_01064,PROD_003,3,131.5,394.5
2611,ORD_01065,PROD_038,1,170.0,170.0
2612,ORD_01066,PROD_027,1,83.5,83.5
2613,ORD_01067,PROD_047,1,114.0,114.0
2614,ORD_01067,PROD_041,1,212.5,212.5
2615,ORD_01067,PROD_005,1,116.0,116.0
2616,ORD_01068,PROD_039,1,64.5,64.5
2617,ORD_01069,PROD_033,4,48.0,192.0
2618,ORD_01069,PROD_010,1,191.0,191.0
2619,ORD_01069,PROD_036,2,98.5,197.0
2620,ORD_01070,PROD_008,1,68.5,68.5
2621,ORD_01071,PROD_031,1,100.5,100.5
2622,ORD_01072,PROD_018,1,52.0,52.0
2623,ORD_01073,PROD_022,1,38.99,38.99
2624,ORD_01073,PROD_019,1,66.5,66.5
2625,ORD_01074,PROD_008,2,68.5,137.0
2626,ORD_01074,PROD_042,1,65.0,65.0
2627,ORD_01075,PROD_049,1,97.0,97.0
2628,ORD_01076,PROD_025,1,53.0,53.0
2629,ORD_01076,PROD_023,1,73.99,73.99
2630,ORD_01077,PROD_047,1,114.0,114.0
2631,ORD_01077,PROD_025,1,53.0,53.0
2632,ORD_01077,PROD_024,1,38.0,38.0
2633,ORD_01077,PROD_021,2,87.0,174.0
2634,ORD_01078,PROD_008,1,68.5,68.5
2635,ORD_01078,PROD_025,1,53.0,53.0
2636,ORD_01079,PROD_032,1,44.99,44.99
2637,ORD_01080,PROD_018,1,52.0,52.0
2638,ORD_01080,PROD_012,1,153.0,153.0
2639,ORD_01080,PROD_049,1,97.0,97.0
2640,ORD_01081,PROD_033,1,48.0,48.0
2641,ORD_01082,PROD_028,1,73.5,73.5
2642,ORD_01082,PROD_013,1,154.5,154.5
2643,ORD_01083,PROD_021,1,87.0,87.0
2644,ORD_01083,PROD_020,1,24.5,24.5
2645,ORD_01083,PROD_003,1,131.5,131.5
2646,ORD_01083,PROD_007,1,101.99,101.99
2647,ORD_01084,PROD_024,1,38.0,38.0
2648,ORD_01084,PROD_004,1,103.0,103.0
2649,ORD_01085,PROD_014,1,183.0,183.0
2650,ORD_01085,PROD_050,1,90.99,90.99
2651,ORD_01085,PROD_006,1,102.0,102.0
2652,ORD_01085,PROD_040,1,104.99,104.99
2653,ORD_01086,PROD_016,1,114.99,114.99
2654,ORD_01086,PROD_049,1,97.0,97.0
2655,ORD_01087,PROD_048,2,208.99,417.98
2656,ORD_01088,PROD_033,1,48.0,48.0
2657,ORD_01088,PROD_003,1,131.5,131.5
2658,ORD_01089,PROD_028,1,73.5,73.5
2659,ORD_01090,PROD_036,1,98.5,98.5
2660,ORD_01090,PROD_024,1,38.0,38.0
2661,ORD_01091,PROD_018,1,52.0,52.0
2662,ORD_01092,PROD_011,1,79.0,79.0
2663,ORD_01092,PROD_042,1,65.0,65.0
2664,ORD_01092,PROD_028,1,73.5,73.5
2665,ORD_01093,PROD_041,1,212.5,212.5
2666,ORD_01093,PROD_031,1,100.5,100.5
2667,ORD_01094,PROD_011,3,79.0,237.0
2668,ORD_01094,PROD_002,2,131.99,263.98
2669,ORD_01095,PROD_040,2,104.99,209.98
2670,ORD_01095,PROD_008,1,68.5,68.5
2671,ORD_01096,PROD_012,2,153.0,306.0
2672,ORD_01097,PROD_011,2,79.0,158.0
2673,ORD_01098,PROD_028,1,73.5,73.5
2674,ORD_01098,PROD_001,1,54.0,54.0
2675,ORD_01098,PROD_041,1,212.5,212.5
2676,ORD_01099,PROD_030,2,35.99,71.98
2677,ORD_01099,PROD_025,1,53.0,53.0
2678,ORD_01099,PROD_017,2,53.0,106.0
2679,ORD_01100,PROD_037,1,98.99,98.99
2680,ORD_01100,PROD_001,1,54.0,54.0
2681,ORD_01100,PROD_049,1,97.0,97.0
2682,ORD_01101,PROD_033,2,48.0,96.0
2683,ORD_01101,PROD_003,1,131.5,131.5
2684,ORD_01101,PROD_047,2,114.0,228.0
2685,ORD_01101,PROD_049,1,97.0,97.0
2686,ORD_01101,PROD_026,1,41.99,41.99
2687,ORD_01101,PROD_041,1,212.5,212.5
2688,ORD_01102,PROD_047,1,114.0,114.0
2689,ORD_01102,PROD_035,1,25.5,25.5
2690,ORD_01103,PROD_036,1,98.5,98.5
2691,ORD_01103,PROD_006,1,102.0,102.0
2692,ORD_01104,PROD_006,1,102.0,102.0
2693,ORD_01104,PROD_046,1,84.0,84.0
2694,ORD_01104,PROD_031,2,100.5,201.0
2695,ORD_01104,PROD_037,1,98.99,98.99
2696,ORD_01105,PROD_037,1,98.99,98.99
2697,ORD_01105,PROD_034,1,113.5,113.5
2698,ORD_01106,PROD_042,2,65.0,130.0
2699,ORD_01106,PROD_005,2,116.0,232.0
2700,ORD_01106,PROD_015,3,41.0,123.0
2701,ORD_01106,PROD_024,2,38.0,76.0
2702,ORD_01106,PROD_029,1,62.5,62.5
2703,ORD_01107,PROD_010,1,191.0,191.0
2704,ORD_01107,PROD_032,1,44.99,44.99
2705,ORD_01107,PROD_015,1,41.0,41.0
2706,ORD_01108,PROD_041,2,212.5,425.0
2707,ORD_01108,PROD_046,2,84.0,168.0
2708,ORD_01108,PROD_007,1,101.99,101.99
2709,ORD_01108,PROD_033,1,48.0,48.0
2710,ORD_01109,PROD_050,4,90.99,363.96
2711,ORD_01109,PROD_017,1,53.0,53.0
2712,ORD_01110,PROD_048,1,208.99,208.99
2713,ORD_01110,PROD_012,6,153.0,918.0
2714,ORD_01110,PROD_019,1,66.5,66.5
2715,ORD_01110,PROD_045,2,58.99,117.98
2716,ORD_01110,PROD_024,1,38.0,38.0
2717,ORD_01111,PROD_045,2,58.99,117.98
2718,ORD_01111,PROD_048,1,208.99,208.99
2719,ORD_01111,PROD_007,2,101.99,203.98
2720,ORD_01112,PROD_047,1,114.0,114.0
2721,ORD_01112,PROD_030,1,35.99,35.99
2722,ORD_01112,PROD_036,1,98.5,98.5
2723,ORD_01112,PROD_050,2,90.99,181.98
2724,ORD_01113,PROD_020,2,24.5,49.0
2725,ORD_01113,PROD_007,1,101.99,101.99
2726,ORD_01113,PROD_015,1,41.0,41.0
2727,ORD_01113,PROD_036,1,98.5,98.5
2728,ORD_01114,PROD_021,1,87.0,87.0
2729,ORD_01115,PROD_008,1,68.5,68.5
2730,ORD_01115,PROD_012,1,153.0,153.0
2731,ORD_01115,PROD_020,1,24.5,24.5
2732,ORD_01116,PROD_024,1,38.0,38.0
2733,ORD_01116,PROD_018,4,52.0,208.0
2734,ORD_01116,PROD_034,1,113.5,113.5
2735,ORD_01117,PROD_011,1,79.0,79.0
2736,ORD_01117,PROD_002,1,131.99,131.99
2737,ORD_01118,PROD_025,2,53.0,106.0
2738,ORD_01118,PROD_009,1,66.0,66.0
2739,ORD_01118,PROD_048,1,208.99,208.99
2740,ORD_01118,PROD_022,1,38.99,38.99
2741,ORD_01118,PROD_013,2,154.5,309.0
2742,ORD_01119,PROD_025,1,53.0,53.0
2743,ORD_01120,PROD_009,1,66.0,66.0
2744,ORD_01120,PROD_043,2,179.5,359.0
2745,ORD_01121,PROD_021,1,87.0,87.0
2746,ORD_01121,PROD_017,2,53.0,106.0
2747,ORD_01122,PROD_025,2,53.0,106.0
2748,ORD_01123,PROD_009,1,66.0,66.0
2749,ORD_01123,PROD_048,2,208.99,417.98
2750,ORD_01123,PROD_019,1,66.5,66.5
2751,ORD_01123,PROD_029,1,62.5,62.5
2752,ORD_01124,PROD_032,2,44.99,89.98
2753,ORD_01124,PROD_043,1,179.5,179.5
2754,ORD_01124,PROD_036,2,98.5,197.0
2755,ORD_01124,PROD_025,1,53.0,53.0
2756,ORD_01124,PROD_002,1,131.99,131.99
2757,ORD_01124,PROD_004,1,103.0,103.0
2758,ORD_01125,PROD_029,1,62.5,62.5
2759,ORD_01125,PROD_030,1,35.99,35.99
2760,ORD_01126,PROD_033,4,48.0,192.0
2761,ORD_01126,PROD_001,1,54.0,54.0
2762,ORD_01127,PROD_040,1,104.99,104.99
2763,ORD_01127,PROD_010,2,191.0,382.0
2764,ORD_01127,PROD_013,1,154.5,154.5
2765,ORD_01127,PROD_028,3,73.5,220.5
2766,ORD_01128,PROD_042,1,65.0,65.0
2767,ORD_01128,PROD_004,1,103.0,103.0
2768,ORD_01128,PROD_014,1,183.0,183.0
2769,ORD_01128,PROD_033,1,48.0,48.0
2770,ORD_01129,PROD_008,1,68.5,68.5
2771,ORD_01129,PROD_023,1,73.99,73.99
2772,ORD_01129,PROD_010,2,191.0,382.0
2773,ORD_01129,PROD_036,1,98.5,98.5
2774,ORD_01130,PROD_025,1,53.0,53.0
2775,ORD_01130,PROD_044,1,176.99,176.99
2776,ORD_01130,PROD_038,1,170.0,170.0
2777,ORD_01131,PROD_005,1,116.0,116.0
2778,ORD_01131,PROD_049,1,97.0,97.0
2779,ORD_01131,PROD_025,1,53.0,53.0
2780,ORD_01132,PROD_046,2,84.0,168.0
2781,ORD_01132,PROD_016,1,114.99,114.99
2782,ORD_01132,PROD_019,1,66.5,66.5
2783,ORD_01132,PROD_017,2,53.0,106.0
2784,ORD_01132,PROD_025,1,53.0,53.0
2785,ORD_01133,PROD_005,1,116.0,116.0
2786,ORD_01133,PROD_030,3,35.99,107.97
2787,ORD_01134,PROD_047,1,114.0,114.0
2788,ORD_01134,PROD_010,1,191.0,191.0
2789,ORD_01135,PROD_026,1,41.99,41.99
2790,ORD_01135,PROD_027,8,83.5,668.0
2791,ORD_01136,PROD_005,1,116.0,116.0
2792,ORD_01136,PROD_003,1,131.5,131.5
2793,ORD_01136,PROD_008,2,68.5,137.0
2794,ORD_01137,PROD_006,1,102.0,102.0
2795,ORD_01137,PROD_012,1,153.0,153.0
2796,ORD_01138,PROD_045,2,58.99,117.98
2797,ORD_01138,PROD_043,1,179.5,179.5
2798,ORD_01138,PROD_042,1,65.0,65.0
2799,ORD_01138,PROD_027,1,83.5,83.5
2800,ORD_01138,PROD_021,1,87.0,87.0
2801,ORD_01139,PROD_016,1,114.99,114.99
2802,ORD_01139,PROD_023,2,73.99,147.98
2803,ORD_01139,PROD_037,1,98.99,98.99
2804,ORD_01139,PROD_036,1,98.5,98.5
2805,ORD_01139,PROD_004,4,103.0,412.0
2806,ORD_01140,PROD_023,1,73.99,73.99
2807,ORD_01141,PROD_040,1,104.99,104.99
2808,ORD_01141,PROD_024,1,38.0,38.0
2809,ORD_01142,PROD_013,1,154.5,154.5
2810,ORD_01142,PROD_024,1,38.0,38.0
2811,ORD_01143,PROD_007,1,101.99,101.99
2812,ORD_01143,PROD_018,1,52.0,52.0
2813,ORD_01143,PROD_047,1,114.0,114.0
2814,ORD_01144,PROD_028,1,73.5,73.5
2815,ORD_01144,PROD_020,2,24.5,49.0
2816,ORD_01145,PROD_008,1,68.5,68.5
2817,ORD_01145,PROD_044,1,176.99,176.99
2818,ORD_01146,PROD_020,2,24.5,49.0
2819,ORD_01146,PROD_013,4,154.5,618.0
2820,ORD_01146,PROD_026,1,41.99,41.99
2821,ORD_01146,PROD_044,2,176.99,353.98
2822,ORD_01147,PROD_045,1,58.99,58.99
2823,ORD_01147,PROD_030,1,35.99,35.99
2824,ORD_01147,PROD_011,9,79.0,711.0
2825,ORD_01147,PROD_047,5,114.0,570.0
2826,ORD_01148,PROD_047,1,114.0,114.0
2827,ORD_01148,PROD_011,1,79.0,79.0
2828,ORD_01148,PROD_007,1,101.99,101.99
2829,ORD_01149,PROD_009,3,66.0,198.0
2830,ORD_01150,PROD_036,1,98.5,98.5
2831,ORD_01150,PROD_013,1,154.5,154.5
2832,ORD_01150,PROD_003,1,131.5,131.5
2833,ORD_01151,PROD_017,3,53.0,159.0
2834,ORD_01151,PROD_031,1,100.5,100.5
2835,ORD_01151,PROD_025,5,53.0,265.0
2836,ORD_01152,PROD_004,2,103.0,206.0
2837,ORD_01152,PROD_013,1,154.5,154.5
2838,ORD_01153,PROD_050,1,90.99,90.99
2839,ORD_01153,PROD_049,2,97.0,194.0
2840,ORD_01153,PROD_018,1,52.0,52.0
2841,ORD_01154,PROD_032,1,44.99,44.99
2842,ORD_01154,PROD_015,2,41.0,82.0
2843,ORD_01154,PROD_040,1,104.99,104.99
2844,ORD_01155,PROD_019,1,66.5,66.5
2845,ORD_01155,PROD_037,1,98.99,98.99
2846,ORD_01156,PROD_046,1,84.0,84.0
2847,ORD_01156,PROD_041,1,212.5,212.5
2848,ORD_01156,PROD_017,1,53.0,53.0
2849,ORD_01157,PROD_048,1,208.99,208.99
2850,ORD_01157,PROD_009,3,66.0,198.0
2851,ORD_01158,PROD_043,1,179.5,179.5
2852,ORD_01158,PROD_021,1,87.0,87.0
2853,ORD_01159,PROD_035,1,25.5,25.5
2854,ORD_01159,PROD_033,1,48.0,48.0
2855,ORD_01159,PROD_021,1,87.0,87.0
2856,ORD_01159,PROD_023,1,73.99,73.99
2857,ORD_01159,PROD_042,2,65.0,130.0
2858,ORD_01159,PROD_045,1,58.99,58.99
2859,ORD_01160,PROD_023,1,73.99,73.99
2860,ORD_01160,PROD_044,1,176.99,176.99
2861,ORD_01160,PROD_046,1,84.0,84.0
2862,ORD_01160,PROD_013,1,154.5,154.5
2863,ORD_01161,PROD_032,3,44.99,134.97
2864,ORD_01161,PROD_033,1,48.0,48.0
2865,ORD_01161,PROD_031,1,100.5,100.5
2866,ORD_01161,PROD_018,2,52.0,104.0
2867,ORD_01162,PROD_028,1,73.5,73.5
2868,ORD_01163,PROD_042,1,65.0,65.0
2869,ORD_01164,PROD_042,1,65.0,65.0
2870,ORD_01164,PROD_028,1,73.5,73.5
2871,ORD_01165,PROD_044,1,176.99,176.99
2872,ORD_01165,PROD_007,1,101.99,101.99
2873,ORD_01165,PROD_040,1,104.99,104.99
2874,ORD_01165,PROD_016,4,114.99,459.96
2875,ORD_01166,PROD_027,1,83.5,83.5
2876,ORD_01166,PROD_023,1,73.99,73.99
2877,ORD_01166,PROD_025,1,53.0,53.0
2878,ORD_01166,PROD_031,2,100.5,201.0
2879,ORD_01166,PROD_018,1,52.0,52.0
2880,ORD_01167,PROD_050,1,90.99,90.99
2881,ORD_01168,PROD_006,1,102.0,102.0
2882,ORD_01168,PROD_015,2,41.0,82.0
2883,ORD_01169,PROD_050,2,90.99,181.98
2884,ORD_01170,PROD_035,1,25.5,25.5
2885,ORD_01170,PROD_008,1,68.5,68.5
2886,ORD_01171,PROD_021,2,87.0,174.0
2887,ORD_01172,PROD_016,3,114.99,344.97
2888,ORD_01173,PROD_047,1,114.0,114.0
2889,ORD_01173,PROD_018,2,52.0,104.0
2890,ORD_01173,PROD_045,1,58.99,58.99
2891,ORD_01173,PROD_033,1,48.0,48.0
2892,ORD_01173,PROD_043,1,179.5,179.5
2893,ORD_01173,PROD_041,1,212.5,212.5
2894,ORD_01174,PROD_001,1,54.0,54.0
2895,ORD_01174,PROD_014,5,183.0,915.0
2896,ORD_01175,PROD_011,1,79.0,79.0
2897,ORD_01176,PROD_010,1,191.0,191.0
2898,ORD_01177,PROD_029,2,62.5,125.0
2899,ORD_01177,PROD_005,4,116.0,464.0
2900,ORD_01178,PROD_017,1,53.0,53.0
2901,ORD_01178,PROD_034,1,113.5,113.5
2902,ORD_01178,PROD_023,1,73.99,73.99
2903,ORD_01178,PROD_032,4,44.99,179.96
2904,ORD_01179,PROD_030,1,35.99,35.99
2905,ORD_01179,PROD_021,1,87.0,87.0
2906,ORD_01179,PROD_040,1,104.99,104.99
2907,ORD_01180,PROD_035,1,25.5,25.5
2908,ORD_01181,PROD_006,1,102.0,102.0
2909,ORD_01182,PROD_010,1,191.0,191.0
2910,ORD_01182,PROD_021,1,87.0,87.0
2911,ORD_01183,PROD_047,1,114.0,114.0
2912,ORD_01184,PROD_027,1,83.5,83.5
2913,ORD_01185,PROD_011,2,79.0,158.0
2914,ORD_01185,PROD_035,1,25.5,25.5
2915,ORD_01185,PROD_043,1,179.5,179.5
2916,ORD_01185,PROD_045,1,58.99,58.99
2917,ORD_01186,PROD_035,1,25.5,25.5
2918,ORD_01186,PROD_016,1,114.99,114.99
2919,ORD_01187,PROD_043,2,179.5,359.0
2920,ORD_01187,PROD_045,1,58.99,58.99
2921,ORD_01187,PROD_007,1,101.99,101.99
2922,ORD_01188,PROD_043,4,179.5,718.0
2923,ORD_01188,PROD_013,1,154.5,154.5
2924,ORD_01188,PROD_030,3,35.99,107.97
2925,ORD_01189,PROD_009,1,66.0,66.0
2926,ORD_01190,PROD_038,2,170.0,340.0
2927,ORD_01190,PROD_020,1,24.5,24.5
2928,ORD_01190,PROD_031,3,100.5,301.5
2929,ORD_01191,PROD_034,1,113.5,113.5
2930,ORD_01191,PROD_009,1,66.0,66.0
2931,ORD_01191,PROD_031,2,100.5,201.0
2932,ORD_01191,PROD_024,1,38.0,38.0
2933,ORD_01191,PROD_005,1,116.0,116.0
2934,ORD_01192,PROD_027,1,83.5,83.5
2935,ORD_01192,PROD_042,1,65.0,65.0
2936,ORD_01193,PROD_018,1,52.0,52.0
2937,ORD_01193,PROD_017,1,53.0,53.0
2938,ORD_01194,PROD_019,2,66.5,133.0
2939,ORD_01194,PROD_046,2,84.0,168.0
2940,ORD_01195,PROD_047,1,114.0,114.0
2941,ORD_01195,PROD_010,4,191.0,764.0
2942,ORD_01195,PROD_008,1,68.5,68.5
2943,ORD_01196,PROD_027,1,83.5,83.5
2944,ORD_01196,PROD_023,1,73.99,73.99
2945,ORD_01197,PROD_034,1,113.5,113.5
2946,ORD_01197,PROD_026,1,41.99,41.99
2947,ORD_01197,PROD_046,1,84.0,84.0
2948,ORD_01197,PROD_003,1,131.5,131.5
2949,ORD_01197,PROD_022,1,38.99,38.99
2950,ORD_01197,PROD_032,1,44.99,44.99
2951,ORD_01198,PROD_010,1,191.0,191.0
2952,ORD_01198,PROD_029,1,62.5,62.5
2953,ORD_01199,PROD_011,2,79.0,158.0
2954,ORD_01199,PROD_018,1,52.0,52.0
2955,ORD_01200,PROD_021,1,87.0,87.0
2956,ORD_01200,PROD_020,4,24.5,98.0
2957,ORD_01201,PROD_015,2,41.0,82.0
2958,ORD_01202,PROD_044,1,176.99,176.99
2959,ORD_01202,PROD_039,2,64.5,129.0
2960,ORD_01202,PROD_002,1,131.99,131.99
2961,ORD_01203,PROD_001,1,54.0,54.0
2962,ORD_01203,PROD_036,1,98.5,98.5
2963,ORD_01204,PROD_016,2,114.99,229.98
2964,ORD_01205,PROD_046,1,84.0,84.0
2965,ORD_01205,PROD_032,1,44.99,44.99
2966,ORD_01205,PROD_006,1,102.0,102.0
2967,ORD_01205,PROD_035,1,25.5,25.5
2968,ORD_01206,PROD_020,1,24.5,24.5
2969,ORD_01207,PROD_049,1,97.0,97.0
2970,ORD_01207,PROD_040,1,104.99,104.99
2971,ORD_01208,PROD_018,1,52.0,52.0
2972,ORD_01208,PROD_032,6,44.99,269.94
2973,ORD_01209,PROD_019,1,66.5,66.5
2974,ORD_01209,PROD_041,1,212.5,212.5
2975,ORD_01209,PROD_045,1,58.99,58.99
2976,ORD_01209,PROD_032,1,44.99,44.99
2977,ORD_01209,PROD_025,1,53.0,53.0
2978,ORD_01210,PROD_003,1,131.5,131.5
2979,ORD_01210,PROD_025,3,53.0,159.0
2980,ORD_01210,PROD_046,1,84.0,84.0
2981,ORD_01211,PROD_011,2,79.0,158.0
2982,ORD_01211,PROD_016,2,114.99,229.98
2983,ORD_01212,PROD_017,2,53.0,106.0
2984,ORD_01212,PROD_029,2,62.5,125.0
2985,ORD_01212,PROD_011,1,79.0,79.0
2986,ORD_01212,PROD_010,2,191.0,382.0
2987,ORD_01213,PROD_034,1,113.5,113.5
2988,ORD_01213,PROD_039,2,64.5,129.0
2989,ORD_01214,PROD_018,1,52.0,52.0
2990,ORD_01214,PROD_019,2,66.5,133.0
2991,ORD_01215,PROD_008,2,68.5,137.0
2992,ORD_01215,PROD_016,1,114.99,114.99
2993,ORD_01215,PROD_020,3,24.5,73.5
2994,ORD_01215,PROD_004,1,103.0,103.0
2995,ORD_01215,PROD_044,1,176.99,176.99
2996,ORD_01216,PROD_039,1,64.5,64.5
2997,ORD_01217,PROD_023,1,73.99,73.99
2998,ORD_01217,PROD_003,1,131.5,131.5
2999,ORD_01217,PROD_029,6,62.5,375.0
3000,ORD_01217,PROD_002,9,131.99,1187.91
3001,ORD_01217,PROD_006,2,102.0,204.0
3002,ORD_01217,PROD_025,1,53.0,53.0
3003,ORD_01218,PROD_021,1,87.0,87.0
3004,ORD_01218,PROD_022,1,38.99,38.99
3005,ORD_01219,PROD_018,1,52.0,52.0
3006,ORD_01219,PROD_041,4,212.5,850.0
3007,ORD_01220,PROD_027,4,83.5,334.0
3008,ORD_01220,PROD_037,2,98.99,197.98
3009,ORD_01221,PROD_018,1,52.0,52.0
3010,ORD_01221,PROD_038,1,170.0,170.0
3011,ORD_01221,PROD_035,1,25.5,25.5
3012,ORD_01222,PROD_036,1,98.5,98.5
3013,ORD_01222,PROD_021,1,87.0,87.0
3014,ORD_01222,PROD_024,1,38.0,38.0
3015,ORD_01222,PROD_020,2,24.5,49.0
3016,ORD_01222,PROD_040,1,104.99,104.99
3017,ORD_01223,PROD_014,1,183.0,183.0
3018,ORD_01223,PROD_002,2,131.99,263.98
3019,ORD_01223,PROD_026,2,41.99,83.98
3020,ORD_01223,PROD_031,1,100.5,100.5
3021,ORD_01223,PROD_034,1,113.5,113.5
3022,ORD_01224,PROD_042,1,65.0,65.0
3023,ORD_01225,PROD_035,1,25.5,25.5
3024,ORD_01226,PROD_013,1,154.5,154.5
3025,ORD_01226,PROD_033,1,48.0,48.0
3026,ORD_01226,PROD_041,1,212.5,212.5
3027,ORD_01226,PROD_038,1,170.0,170.0
3028,ORD_01227,PROD_025,1,53.0,53.0
3029,ORD_01228,PROD_013,1,154.5,154.5
3030,ORD_01228,PROD_045,3,58.99,176.97
3031,ORD_01228,PROD_036,4,98.5,394.0
3032,ORD_01228,PROD_048,1,208.99,208.99
3033,ORD_01229,PROD_037,1,98.99,98.99
3034,ORD_01230,PROD_028,1,73.5,73.5
3035,ORD_01230,PROD_017,1,53.0,53.0
3036,ORD_01230,PROD_049,1,97.0,97.0
3037,ORD_01230,PROD_030,1,35.99,35.99
3038,ORD_01230,PROD_025,1,53.0,53.0
3039,ORD_01231,PROD_008,1,68.5,68.5
3040,ORD_01232,PROD_035,1,25.5,25.5
3041,ORD_01232,PROD_029,4,62.5,250.0
3042,ORD_01233,PROD_013,1,154.5,154.5
3043,ORD_01233,PROD_041,1,212.5,212.5
3044,ORD_01234,PROD_048,1,208.99,208.99
3045,ORD_01234,PROD_022,2,38.99,77.98
3046,ORD_01234,PROD_003,1,131.5,131.5
3047,ORD_01234,PROD_015,2,41.0,82.0
3048,ORD_01235,PROD_026,1,41.99,41.99
3049,ORD_01235,PROD_003,1,131.5,131.5
3050,ORD_01236,PROD_015,1,41.0,41.0
3051,ORD_01237,PROD_028,1,73.5,73.5
3052,ORD_01237,PROD_044,1,176.99,176.99
3053,ORD_01238,PROD_012,1,153.0,153.0
3054,ORD_01238,PROD_032,1,44.99,44.99
3055,ORD_01238,PROD_025,1,53.0,53.0
3056,ORD_01238,PROD_011,1,79.0,79.0
3057,ORD_01239,PROD_003,1,131.5,131.5
3058,ORD_01239,PROD_039,1,64.5,64.5
3059,ORD_01240,PROD_017,2,53.0,106.0
3060,ORD_01240,PROD_027,1,83.5,83.5
3061,ORD_01240,PROD_048,1,208.99,208.99
3062,ORD_01241,PROD_001,1,54.0,54.0
3063,ORD_01241,PROD_040,1,104.99,104.99
3064,ORD_01241,PROD_044,1,176.99,176.99
3065,ORD_01241,PROD_029,7,62.5,437.5
3066,ORD_01241,PROD_047,1,114.0,114.0
3067,ORD_01241,PROD_009,1,66.0,66.0
3068,ORD_01242,PROD_021,1,87.0,87.0
3069,ORD_01243,PROD_046,1,84.0,84.0
3070,ORD_01243,PROD_045,1,58.99,58.99
3071,ORD_01243,PROD_038,1,170.0,170.0
3072,ORD_01244,PROD_023,1,73.99,73.99
3073,ORD_01244,PROD_048,1,208.99,208.99
3074,ORD_01244,PROD_013,2,154.5,309.0
3075,ORD_01245,PROD_019,1,66.5,66.5
3076,ORD_01245,PROD_036,1,98.5,98.5
3077,ORD_01245,PROD_026,1,41.99,41.99
3078,ORD_01245,PROD_037,2,98.99,197.98
3079,ORD_01246,PROD_013,2,154.5,309.0
3080,ORD_01247,PROD_025,1,53.0,53.0
3081,ORD_01247,PROD_003,1,131.5,131.5
3082,ORD_01248,PROD_043,1,179.5,179.5
3083,ORD_01248,PROD_003,1,131.5,131.5
3084,ORD_01249,PROD_006,1,102.0,102.0
3085,ORD_01249,PROD_018,1,52.0,52.0
3086,ORD_01250,PROD_047,1,114.0,114.0
3087,ORD_01250,PROD_013,1,154.5,154.5
3088,ORD_01250,PROD_046,1,84.0,84.0
3089,ORD_01250,PROD_048,1,208.99,208.99
3090,ORD_01251,PROD_023,2,73.99,147.98
3091,ORD_01251,PROD_041,1,212.5,212.5
3092,ORD_01251,PROD_002,1,131.99,131.99
3093,ORD_01251,PROD_018,1,52.0,52.0
3094,ORD_01251,PROD_039,4,64.5,258.0
3095,ORD_01252,PROD_037,1,98.99,98.99
3096,ORD_01253,PROD_013,1,154.5,154.5
3097,ORD_01253,PROD_028,1,73.5,73.5
3098,ORD_01253,PROD_039,1,64.5,64.5
3099,ORD_01254,PROD_013,1,154.5,154.5
3100,ORD_01254,PROD_001,2,54.0,108.0
3101,ORD_01254,PROD_028,1,73.5,73.5
3102,ORD_01255,PROD_039,1,64.5,64.5
3103,ORD_01255,PROD_019,1,66.5,66.5
3104,ORD_01255,PROD_001,1,54.0,54.0
3105,ORD_01255,PROD_009,1,66.0,66.0
3106,ORD_01255,PROD_022,1,38.99,38.99
3107,ORD_01255,PROD_017,1,53.0,53.0
3108,ORD_01256,PROD_037,1,98.99,98.99
3109,ORD_01256,PROD_040,1,104.99,104.99
3110,ORD_01257,PROD_009,1,66.0,66.0
3111,ORD_01258,PROD_012,1,153.0,153.0
3112,ORD_01258,PROD_048,1,208.99,208.99
3113,ORD_01258,PROD_034,1,113.5,113.5
3114,ORD_01258,PROD_003,2,131.5,263.0
3115,ORD_01259,PROD_013,2,154.5,309.0
3116,ORD_01260,PROD_029,1,62.5,62.5
3117,ORD_01261,PROD_014,1,183.0,183.0
3118,ORD_01261,PROD_002,2,131.99,263.98
3119,ORD_01262,PROD_047,1,114.0,114.0
3120,ORD_01262,PROD_029,2,62.5,125.0
3121,ORD_01262,PROD_042,1,65.0,65.0
3122,ORD_01263,PROD_028,1,73.5,73.5
3123,ORD_01263,PROD_024,1,38.0,38.0
3124,ORD_01263,PROD_022,2,38.99,77.98
3125,ORD_01264,PROD_050,2,90.99,181.98
3126,ORD_01264,PROD_024,1,38.0,38.0
3127,ORD_01264,PROD_021,1,87.0,87.0
3128,ORD_01264,PROD_017,1,53.0,53.0
3129,ORD_01265,PROD_019,1,66.5,66.5
3130,ORD_01266,PROD_008,1,68.5,68.5
3131,ORD_01267,PROD_033,4,48.0,192.0
3132,ORD_01267,PROD_046,1,84.0,84.0
3133,ORD_01267,PROD_015,2,41.0,82.0
3134,ORD_01268,PROD_042,2,65.0,130.0
3135,ORD_01268,PROD_009,2,66.0,132.0
3136,ORD_01268,PROD_019,2,66.5,133.0
3137,ORD_01268,PROD_037,1,98.99,98.99
3138,ORD_01268,PROD_015,9,41.0,369.0
3139,ORD_01269,PROD_012,1,153.0,153.0
3140,ORD_01269,PROD_033,1,48.0,48.0
3141,ORD_01269,PROD_014,1,183.0,183.0
3142,ORD_01269,PROD_034,1,113.5,113.5
3143,ORD_01269,PROD_010,1,191.0,191.0
3144,ORD_01270,PROD_048,4,208.99,835.96
3145,ORD_01270,PROD_016,6,114.99,689.94
3146,ORD_01270,PROD_034,9,113.5,1021.5
3147,ORD_01271,PROD_028,1,73.5,73.5
3148,ORD_01271,PROD_043,1,179.5,179.5
3149,ORD_01271,PROD_013,4,154.5,618.0
3150,ORD_01271,PROD_040,3,104.99,314.97
3151,ORD_01272,PROD_015,1,41.0,41.0
3152,ORD_01272,PROD_018,1,52.0,52.0
3153,ORD_01273,PROD_011,1,79.0,79.0
3154,ORD_01273,PROD_049,1,97.0,97.0
3155,ORD_01273,PROD_040,1,104.99,104.99
3156,ORD_01273,PROD_026,2,41.99,83.98
3157,ORD_01274,PROD_012,8,153.0,1224.0
3158,ORD_01274,PROD_023,1,73.99,73.99
3159,ORD_01275,PROD_032,1,44.99,44.99
3160,ORD_01275,PROD_016,1,114.99,114.99
3161,ORD_01275,PROD_021,1,87.0,87.0
3162,ORD_01275,PROD_010,1,191.0,191.0
3163,ORD_01275,PROD_020,1,24.5,24.5
3164,ORD_01276,PROD_023,1,73.99,73.99
3165,ORD_01276,PROD_033,7,48.0,336.0
3166,ORD_01276,PROD_050,2,90.99,181.98
3167,ORD_01276,PROD_025,1,53.0,53.0
3168,ORD_01276,PROD_031,1,100.5,100.5
3169,ORD_01277,PROD_032,1,44.99,44.99
3170,ORD_01277,PROD_037,3,98.99,296.97
3171,ORD_01277,PROD_045,1,58.99,58.99
3172,ORD_01277,PROD_021,1,87.0,87.0
3173,ORD_01278,PROD_033,1,48.0,48.0
3174,ORD_01279,PROD_014,6,183.0,1098.0
3175,ORD_01279,PROD_022,1,38.99,38.99
3176,ORD_01279,PROD_038,1,170.0,170.0
3177,ORD_01280,PROD_014,1,183.0,183.0
3178,ORD_01280,PROD_003,1,131.5,131.5
3179,ORD_01281,PROD_005,1,116.0,116.0
3180,ORD_01281,PROD_045,2,58.99,117.98
3181,ORD_01281,PROD_011,3,79.0,237.0
3182,ORD_01282,PROD_032,2,44.99,89.98
3183,ORD_01282,PROD_023,2,73.99,147.98
3184,ORD_01282,PROD_033,1,48.0,48.0
3185,ORD_01283,PROD_037,1,98.99,98.99
3186,ORD_01283,PROD_020,1,24.5,24.5
3187,ORD_01283,PROD_049,1,97.0,97.0
3188,ORD_01284,PROD_043,1,179.5,179.5
3189,ORD_01284,PROD_029,1,62.5,62.5
3190,ORD_01284,PROD_034,1,113.5,113.5
3191,ORD_01284,PROD_013,2,154.5,309.0
3192,ORD_01284,PROD_044,1,176.99,176.99
3193,ORD_01284,PROD_015,1,41.0,41.0
3194,ORD_01285,PROD_047,2,114.0,228.0
3195,ORD_01285,PROD_004,1,103.0,103.0
3196,ORD_01286,PROD_037,1,98.99,98.99
3197,ORD_01286,PROD_029,1,62.5,62.5
3198,ORD_01286,PROD_013,1,154.5,154.5
3199,ORD_01286,PROD_024,1,38.0,38.0
3200,ORD_01287,PROD_028,4,73.5,294.0
3201,ORD_01287,PROD_029,1,62.5,62.5
3202,ORD_01287,PROD_004,1,103.0,103.0
3203,ORD_01287,PROD_040,1,104.99,104.99
3204,ORD_01288,PROD_015,6,41.0,246.0
3205,ORD_01288,PROD_016,4,114.99,459.96
3206,ORD_01288,PROD_026,1,41.99,41.99
3207,ORD_01289,PROD_030,1,35.99,35.99
3208,ORD_01290,PROD_014,1,183.0,183.0
3209,ORD_01290,PROD_042,1,65.0,65.0
3210,ORD_01291,PROD_032,1,44.99,44.99
3211,ORD_01291,PROD_001,1,54.0,54.0
3212,ORD_01292,PROD_040,4,104.99,419.96
3213,ORD_01292,PROD_049,1,97.0,97.0
3214,ORD_01292,PROD_018,1,52.0,52.0
3215,ORD_01292,PROD_044,1,176.99,176.99
3216,ORD_01293,PROD_045,1,58.99,58.99
3217,ORD_01293,PROD_029,4,62.5,250.0
3218,ORD_01293,PROD_005,1,116.0,116.0
3219,ORD_01294,PROD_034,1,113.5,113.5
3220,ORD_01294,PROD_038,1,170.0,170.0
3221,ORD_01295,PROD_028,10,73.5,735.0
3222,ORD_01295,PROD_002,1,131.99,131.99
3223,ORD_01296,PROD_012,3,153.0,459.0
3224,ORD_01297,PROD_018,1,52.0,52.0
3225,ORD_01297,PROD_034,2,113.5,227.0
3226,ORD_01297,PROD_019,4,66.5,266.0
3227,ORD_01298,PROD_025,1,53.0,53.0
3228,ORD_01298,PROD_046,1,84.0,84.0
3229,ORD_01299,PROD_009,2,66.0,132.0
3230,ORD_01299,PROD_002,3,131.99,395.97
3231,ORD_01299,PROD_030,1,35.99,35.99
3232,ORD_01300,PROD_017,7,53.0,371.0
3233,ORD_01300,PROD_021,1,87.0,87.0
3234,ORD_01300,PROD_011,2,79.0,158.0
3235,ORD_01300,PROD_007,2,101.99,203.98
3236,ORD_01301,PROD_050,1,90.99,90.99
3237,ORD_01302,PROD_043,1,179.5,179.5
3238,ORD_01303,PROD_032,1,44.99,44.99
3239,ORD_01304,PROD_044,1,176.99,176.99
3240,ORD_01305,PROD_003,1,131.5,131.5
3241,ORD_01305,PROD_019,1,66.5,66.5
3242,ORD_01305,PROD_039,1,64.5,64.5
3243,ORD_01306,PROD_016,1,114.99,114.99
3244,ORD_01306,PROD_001,2,54.0,108.0
3245,ORD_01307,PROD_046,1,84.0,84.0
3246,ORD_01308,PROD_013,1,154.5,154.5
3247,ORD_01308,PROD_048,2,208.99,417.98
3248,ORD_01308,PROD_038,1,170.0,170.0
3249,ORD_01308,PROD_035,2,25.5,51.0
3250,ORD_01308,PROD_008,1,68.5,68.5
3251,ORD_01309,PROD_011,1,79.0,79.0
3252,ORD_01309,PROD_018,1,52.0,52.0
3253,ORD_01310,PROD_030,1,35.99,35.99
3254,ORD_01311,PROD_006,1,102.0,102.0
3255,ORD_01311,PROD_014,4,183.0,732.0
3256,ORD_01312,PROD_003,1,131.5,131.5
3257,ORD_01312,PROD_046,2,84.0,168.0
3258,ORD_01313,PROD_019,1,66.5,66.5
3259,ORD_01313,PROD_026,1,41.99,41.99
3260,ORD_01313,PROD_029,1,62.5,62.5
3261,ORD_01314,PROD_044,1,176.99,176.99
3262,ORD_01315,PROD_013,2,154.5,309.0
3263,ORD_01315,PROD_035,1,25.5,25.5
3264,ORD_01315,PROD_023,2,73.99,147.98
3265,ORD_01315,PROD_006,1,102.0,102.0
3266,ORD_01315,PROD_019,1,66.5,66.5
3267,ORD_01316,PROD_028,1,73.5,73.5
3268,ORD_01316,PROD_038,2,170.0,340.0
3269,ORD_01317,PROD_033,1,48.0,48.0
3270,ORD_01317,PROD_010,1,191.0,191.0
3271,ORD_01317,PROD_045,1,58.99,58.99
3272,ORD_01317,PROD_014,2,183.0,366.0
3273,ORD_01318,PROD_050,1,90.99,90.99
3274,ORD_01319,PROD_003,1,131.5,131.5
3275,ORD_01319,PROD_045,1,58.99,58.99
3276,ORD_01319,PROD_034,1,113.5,113.5
3277,ORD_01320,PROD_005,2,116.0,232.0
3278,ORD_01320,PROD_015,4,41.0,164.0
3279,ORD_01321,PROD_023,1,73.99,73.99
3280,ORD_01321,PROD_031,1,100.5,100.5
3281,ORD_01321,PROD_014,1,183.0,183.0
3282,ORD_01321,PROD_050,1,90.99,90.99
3283,ORD_01321,PROD_008,1,68.5,68.5
3284,ORD_01321,PROD_030,1,35.99,35.99
3285,ORD_01322,PROD_045,1,58.99,58.99
3286,ORD_01322,PROD_036,2,98.5,197.0
3287,ORD_01322,PROD_001,1,54.0,54.0
3288,ORD_01322,PROD_033,1,48.0,48.0
3289,ORD_01322,PROD_012,1,153.0,153.0
3290,ORD_01322,PROD_047,1,114.0,114.0
3291,ORD_01323,PROD_008,1,68.5,68.5
3292,ORD_01323,PROD_030,1,35.99,35.99
3293,ORD_01323,PROD_001,2,54.0,108.0
3294,ORD_01323,PROD_049,1,97.0,97.0
3295,ORD_01324,PROD_048,1,208.99,208.99
3296,ORD_01324,PROD_012,1,153.0,153.0
3297,ORD_01324,PROD_005,3,116.0,348.0
3298,ORD_01325,PROD_031,2,100.5,201.0
3299,ORD_01325,PROD_012,3,153.0,459.0
3300,ORD_01326,PROD_042,1,65.0,65.0
3301,ORD_01326,PROD_019,1,66.5,66.5
3302,ORD_01326,PROD_003,1,131.5,131.5
3303,ORD_01326,PROD_050,1,90.99,90.99
3304,ORD_01327,PROD_012,1,153.0,153.0
3305,ORD_01327,PROD_043,1,179.5,179.5
3306,ORD_01327,PROD_005,1,116.0,116.0
3307,ORD_01327,PROD_022,1,38.99,38.99
3308,ORD_01328,PROD_031,7,100.5,703.5
3309,ORD_01329,PROD_024,1,38.0,38.0
3310,ORD_01329,PROD_002,1,131.99,131.99
3311,ORD_01329,PROD_032,1,44.99,44.99
3312,ORD_01330,PROD_042,1,65.0,65.0
3313,ORD_01330,PROD_003,2,131.5,263.0
3314,ORD_01330,PROD_017,1,53.0,53.0
3315,ORD_01330,PROD_040,2,104.99,209.98
3316,ORD_01331,PROD_042,1,65.0,65.0
3317,ORD_01331,PROD_003,2,131.5,263.0
3318,ORD_01331,PROD_022,1,38.99,38.99
3319,ORD_01331,PROD_048,2,208.99,417.98
3320,ORD_01331,PROD_004,1,103.0,103.0
3321,ORD_01332,PROD_008,1,68.5,68.5
3322,ORD_01332,PROD_012,1,153.0,153.0
3323,ORD_01332,PROD_028,1,73.5,73.5
3324,ORD_01333,PROD_042,1,65.0,65.0
3325,ORD_01333,PROD_019,1,66.5,66.5
3326,ORD_01334,PROD_033,1,48.0,48.0
3327,ORD_01335,PROD_043,1,179.5,179.5
3328,ORD_01335,PROD_007,2,101.99,203.98
3329,ORD_01335,PROD_014,9,183.0,1647.0
3330,ORD_01336,PROD_008,1,68.5,68.5
3331,ORD_01337,PROD_022,1,38.99,38.99
3332,ORD_01338,PROD_049,1,97.0,97.0
3333,ORD_01338,PROD_038,1,170.0,170.0
3334,ORD_01339,PROD_016,1,114.99,114.99
3335,ORD_01339,PROD_049,1,97.0,97.0
3336,ORD_01339,PROD_033,2,48.0,96.0
3337,ORD_01339,PROD_006,1,102.0,102.0
3338,ORD_01339,PROD_003,4,131.5,526.0
3339,ORD_01340,PROD_042,1,65.0,65.0
3340,ORD_01341,PROD_021,1,87.0,87.0
3341,ORD_01342,PROD_001,1,54.0,54.0
3342,ORD_01342,PROD_034,1,113.5,113.5
3343,ORD_01343,PROD_018,1,52.0,52.0
3344,ORD_01344,PROD_036,1,98.5,98.5
3345,ORD_01344,PROD_033,2,48.0,96.0
3346,ORD_01345,PROD_013,1,154.5,154.5
3347,ORD_01345,PROD_020,2,24.5,49.0
3348,ORD_01346,PROD_041,1,212.5,212.5
3349,ORD_01346,PROD_021,1,87.0,87.0
3350,ORD_01346,PROD_019,1,66.5,66.5
3351,ORD_01347,PROD_022,4,38.99,155.96
3352,ORD_01347,PROD_044,1,176.99,176.99
3353,ORD_01347,PROD_021,1,87.0,87.0
3354,ORD_01348,PROD_043,1,179.5,179.5
3355,ORD_01348,PROD_039,1,64.5,64.5
3356,ORD_01348,PROD_005,3,116.0,348.0
3357,ORD_01349,PROD_019,2,66.5,133.0
3358,ORD_01349,PROD_049,1,97.0,97.0
3359,ORD_01350,PROD_044,5,176.99,884.95
3360,ORD_01350,PROD_029,3,62.5,187.5
3361,ORD_01350,PROD_003,1,131.5,131.5
3362,ORD_01350,PROD_037,1,98.99,98.99
3363,ORD_01350,PROD_012,1,153.0,153.0
3364,ORD_01351,PROD_011,1,79.0,79.0
3365,ORD_01352,PROD_008,1,68.5,68.5
3366,ORD_01352,PROD_035,1,25.5,25.5
3367,ORD_01352,PROD_047,2,114.0,228.0
3368,ORD_01352,PROD_049,2,97.0,194.0
3369,ORD_01353,PROD_005,1,116.0,116.0
3370,ORD_01354,PROD_027,1,83.5,83.5
3371,ORD_01354,PROD_017,1,53.0,53.0
3372,ORD_01355,PROD_014,1,183.0,183.0
3373,ORD_01355,PROD_007,1,101.99,101.99
3374,ORD_01355,PROD_018,3,52.0,156.0
3375,ORD_01355,PROD_046,1,84.0,84.0
3376,ORD_01356,PROD_029,4,62.5,250.0
3377,ORD_01357,PROD_019,5,66.5,332.5
3378,ORD_01357,PROD_049,1,97.0,97.0
3379,ORD_01357,PROD_033,3,48.0,144.0
3380,ORD_01357,PROD_029,2,62.5,125.0
3381,ORD_01358,PROD_030,1,35.99,35.99
3382,ORD_01358,PROD_029,2,62.5,125.0
3383,ORD_01359,PROD_048,1,208.99,208.99
3384,ORD_01359,PROD_023,2,73.99,147.98
3385,ORD_01360,PROD_028,3,73.5,220.5
3386,ORD_01360,PROD_004,1,103.0,103.0
3387,ORD_01361,PROD_049,1,97.0,97.0
3388,ORD_01361,PROD_028,1,73.5,73.5
3389,ORD_01362,PROD_005,1,116.0,116.0
3390,ORD_01362,PROD_034,2,113.5,227.0
3391,ORD_01363,PROD_050,1,90.99,90.99
3392,ORD_01363,PROD_004,2,103.0,206.0
3393,ORD_01363,PROD_039,1,64.5,64.5
3394,ORD_01364,PROD_003,1,131.5,131.5
3395,ORD_01364,PROD_043,1,179.5,179.5
3396,ORD_01364,PROD_020,3,24.5,73.5
3397,ORD_01364,PROD_012,1,153.0,153.0
3398,ORD_01365,PROD_025,1,53.0,53.0
3399,ORD_01366,PROD_014,3,183.0,549.0
3400,ORD_01367,PROD_014,1,183.0,183.0
3401,ORD_01367,PROD_003,1,131.5,131.5
3402,ORD_01367,PROD_009,2,66.0,132.0
3403,ORD_01368,PROD_029,1,62.5,62.5
3404,ORD_01368,PROD_016,1,114.99,114.99
3405,ORD_01369,PROD_028,2,73.5,147.0
3406,ORD_01369,PROD_043,1,179.5,179.5
3407,ORD_01369,PROD_022,2,38.99,77.98
3408,ORD_01369,PROD_001,1,54.0,54.0
3409,ORD_01370,PROD_039,1,64.5,64.5
3410,ORD_01371,PROD_014,1,183.0,183.0
3411,ORD_01371,PROD_010,1,191.0,191.0
3412,ORD_01371,PROD_048,1,208.99,208.99
3413,ORD_01372,PROD_019,6,66.5,399.0
3414,ORD_01373,PROD_038,1,170.0,170.0
3415,ORD_01374,PROD_034,1,113.5,113.5
3416,ORD_01374,PROD_006,1,102.0,102.0
3417,ORD_01374,PROD_020,1,24.5,24.5
3418,ORD_01374,PROD_044,1,176.99,176.99
3419,ORD_01375,PROD_015,1,41.0,41.0
3420,ORD_01375,PROD_016,1,114.99,114.99
3421,ORD_01376,PROD_047,2,114.0,228.0
3422,ORD_01376,PROD_041,1,212.5,212.5
3423,ORD_01376,PROD_036,3,98.5,295.5
3424,ORD_01377,PROD_031,1,100.5,100.5
3425,ORD_01377,PROD_042,1,65.0,65.0
3426,ORD_01377,PROD_034,1,113.5,113.5
3427,ORD_01378,PROD_001,1,54.0,54.0
3428,ORD_01378,PROD_029,1,62.5,62.5
3429,ORD_01378,PROD_040,1,104.99,104.99
3430,ORD_01378,PROD_046,4,84.0,336.0
3431,ORD_01379,PROD_017,2,53.0,106.0
3432,ORD_01379,PROD_014,2,183.0,366.0
3433,ORD_01379,PROD_001,2,54.0,108.0
3434,ORD_01379,PROD_039,2,64.5,129.0
3435,ORD_01380,PROD_014,8,183.0,1464.0
3436,ORD_01380,PROD_026,1,41.99,41.99
3437,ORD_01381,PROD_004,1,103.0,103.0
3438,ORD_01382,PROD_026,1,41.99,41.99
3439,ORD_01382,PROD_008,1,68.5,68.5
3440,ORD_01382,PROD_016,2,114.99,229.98
3441,ORD_01383,PROD_022,1,38.99,38.99
3442,ORD_01383,PROD_017,2,53.0,106.0
3443,ORD_01383,PROD_015,7,41.0,287.0
3444,ORD_01383,PROD_044,1,176.99,176.99
3445,ORD_01383,PROD_041,1,212.5,212.5
3446,ORD_01383,PROD_009,1,66.0,66.0
3447,ORD_01384,PROD_012,1,153.0,153.0
3448,ORD_01384,PROD_002,2,131.99,263.98
3449,ORD_01384,PROD_042,1,65.0,65.0
3450,ORD_01384,PROD_048,1,208.99,208.99
3451,ORD_01385,PROD_050,2,90.99,181.98
3452,ORD_01386,PROD_038,1,170.0,170.0
3453,ORD_01386,PROD_031,1,100.5,100.5
3454,ORD_01387,PROD_005,1,116.0,116.0
3455,ORD_01388,PROD_029,1,62.5,62.5
3456,ORD_01388,PROD_041,2,212.5,425.0
3457,ORD_01388,PROD_047,1,114.0,114.0
3458,ORD_01389,PROD_030,1,35.99,35.99
3459,ORD_01389,PROD_005,1,116.0,116.0
3460,ORD_01389,PROD_038,1,170.0,170.0
3461,ORD_01390,PROD_021,2,87.0,174.0
3462,ORD_01390,PROD_032,2,44.99,89.98
3463,ORD_01390,PROD_012,1,153.0,153.0
3464,ORD_01391,PROD_041,1,212.5,212.5
3465,ORD_01391,PROD_028,1,73.5,73.5
3466,ORD_01391,PROD_036,2,98.5,197.0
3467,ORD_01391,PROD_006,1,102.0,102.0
3468,ORD_01391,PROD_013,1,154.5,154.5
3469,ORD_01391,PROD_042,1,65.0,65.0
3470,ORD_01392,PROD_047,5,114.0,570.0
3471,ORD_01393,PROD_018,1,52.0,52.0
3472,ORD_01393,PROD_037,1,98.99,98.99
3473,ORD_01393,PROD_020,2,24.5,49.0
3474,ORD_01393,PROD_014,3,183.0,549.0
3475,ORD_01394,PROD_026,1,41.99,41.99
3476,ORD_01394,PROD_032,1,44.99,44.99
3477,ORD_01394,PROD_039,1,64.5,64.5
3478,ORD_01395,PROD_036,2,98.5,197.0
3479,ORD_01395,PROD_020,1,24.5,24.5
3480,ORD_01395,PROD_003,3,131.5,394.5
3481,ORD_01395,PROD_001,2,54.0,108.0
3482,ORD_01396,PROD_028,1,73.5,73.5
3483,ORD_01396,PROD_036,2,98.5,197.0
3484,ORD_01397,PROD_037,1,98.99,98.99
3485,ORD_01397,PROD_045,1,58.99,58.99
3486,ORD_01397,PROD_028,1,73.5,73.5
3487,ORD_01398,PROD_027,4,83.5,334.0
3488,ORD_01398,PROD_005,1,116.0,116.0
3489,ORD_01399,PROD_043,1,179.5,179.5
3490,ORD_01399,PROD_045,1,58.99,58.99
3491,ORD_01399,PROD_003,1,131.5,131.5
3492,ORD_01399,PROD_009,1,66.0,66.0
3493,ORD_01400,PROD_038,3,170.0,510.0
3494,ORD_01400,PROD_005,1,116.0,116.0
3495,ORD_01401,PROD_020,3,24.5,73.5
3496,ORD_01402,PROD_033,2,48.0,96.0
3497,ORD_01403,PROD_042,1,65.0,65.0
3498,ORD_01403,PROD_012,1,153.0,153.0
3499,ORD_01404,PROD_021,1,87.0,87.0
3500,ORD_01405,PROD_009,1,66.0,66.0
3501,ORD_01405,PROD_019,2,66.5,133.0
3502,ORD_01406,PROD_016,4,114.99,459.96
3503,ORD_01407,PROD_041,1,212.5,212.5
3504,ORD_01407,PROD_015,2,41.0,82.0
3505,ORD_01407,PROD_028,3,73.5,220.5
3506,ORD_01407,PROD_016,1,114.99,114.99
3507,ORD_01408,PROD_037,1,98.99,98.99
3508,ORD_01408,PROD_049,1,97.0,97.0
3509,ORD_01408,PROD_040,2,104.99,209.98
3510,ORD_01409,PROD_002,1,131.99,131.99
3511,ORD_01409,PROD_040,1,104.99,104.99
3512,ORD_01409,PROD_038,1,170.0,170.0
3513,ORD_01409,PROD_017,1,53.0,53.0
3514,ORD_01410,PROD_040,1,104.99,104.99
3515,ORD_01410,PROD_038,1,170.0,170.0
3516,ORD_01410,PROD_050,1,90.99,90.99
3517,ORD_01410,PROD_008,1,68.5,68.5
3518,ORD_01411,PROD_006,3,102.0,306.0
3519,ORD_01411,PROD_012,1,153.0,153.0
3520,ORD_01411,PROD_043,1,179.5,179.5
3521,ORD_01412,PROD_034,1,113.5,113.5
3522,ORD_01412,PROD_014,1,183.0,183.0
3523,ORD_01412,PROD_007,2,101.99,203.98
3524,ORD_01412,PROD_042,1,65.0,65.0
3525,ORD_01413,PROD_010,1,191.0,191.0
3526,ORD_01414,PROD_015,1,41.0,41.0
3527,ORD_01414,PROD_035,2,25.5,51.0
3528,ORD_01415,PROD_010,1,191.0,191.0
3529,ORD_01415,PROD_007,1,101.99,101.99
3530,ORD_01415,PROD_020,1,24.5,24.5
3531,ORD_01415,PROD_015,1,41.0,41.0
3532,ORD_01416,PROD_007,1,101.99,101.99
3533,ORD_01416,PROD_029,1,62.5,62.5
3534,ORD_01416,PROD_024,3,38.0,114.0
3535,ORD_01416,PROD_028,1,73.5,73.5
3536,ORD_01416,PROD_020,1,24.5,24.5
3537,ORD_01417,PROD_009,1,66.0,66.0
3538,ORD_01418,PROD_013,1,154.5,154.5
3539,ORD_01419,PROD_004,3,103.0,309.0
3540,ORD_01420,PROD_030,1,35.99,35.99
3541,ORD_01420,PROD_024,1,38.0,38.0
3542,ORD_01420,PROD_002,2,131.99,263.98
3543,ORD_01421,PROD_005,1,116.0,116.0
3544,ORD_01421,PROD_018,2,52.0,104.0
3545,ORD_01421,PROD_045,1,58.99,58.99
3546,ORD_01422,PROD_022,1,38.99,38.99
3547,ORD_01423,PROD_008,2,68.5,137.0
3548,ORD_01423,PROD_044,2,176.99,353.98
3549,ORD_01423,PROD_031,1,100.5,100.5
3550,ORD_01423,PROD_001,1,54.0,54.0
3551,ORD_01424,PROD_024,1,38.0,38.0
3552,ORD_01424,PROD_040,8,104.99,839.92
3553,ORD_01424,PROD_039,1,64.5,64.5
3554,ORD_01424,PROD_019,1,66.5,66.5
3555,ORD_01424,PROD_034,1,113.5,113.5
3556,ORD_01425,PROD_046,4,84.0,336.0
3557,ORD_01425,PROD_012,3,153.0,459.0
3558,ORD_01426,PROD_039,1,64.5,64.5
3559,ORD_01426,PROD_017,2,53.0,106.0
3560,ORD_01427,PROD_018,4,52.0,208.0
3561,ORD_01427,PROD_021,1,87.0,87.0
3562,ORD_01427,PROD_019,1,66.5,66.5
3563,ORD_01427,PROD_010,1,191.0,191.0
3564,ORD_01428,PROD_010,1,191.0,191.0
3565,ORD_01428,PROD_007,2,101.99,203.98
3566,ORD_01429,PROD_014,1,183.0,183.0
3567,ORD_01429,PROD_029,1,62.5,62.5
3568,ORD_01430,PROD_002,1,131.99,131.99
3569,ORD_01430,PROD_020,1,24.5,24.5
3570,ORD_01431,PROD_050,1,90.99,90.99
3571,ORD_01432,PROD_034,4,113.5,454.0
3572,ORD_01433,PROD_031,1,100.5,100.5
3573,ORD_01433,PROD_026,2,41.99,83.98
3574,ORD_01433,PROD_005,1,116.0,116.0
3575,ORD_01433,PROD_046,1,84.0,84.0
3576,ORD_01434,PROD_015,2,41.0,82.0
3577,ORD_01434,PROD_006,1,102.0,102.0
3578,ORD_01434,PROD_021,1,87.0,87.0
3579,ORD_01434,PROD_050,1,90.99,90.99
3580,ORD_01435,PROD_047,1,114.0,114.0
3581,ORD_01436,PROD_018,5,52.0,260.0
3582,ORD_01436,PROD_041,1,212.5,212.5
3583,ORD_01436,PROD_035,1,25.5,25.5
3584,ORD_01437,PROD_015,1,41.0,41.0
3585,ORD_01437,PROD_003,1,131.5,131.5
3586,ORD_01437,PROD_036,4,98.5,394.0
3587,ORD_01438,PROD_036,1,98.5,98.5
3588,ORD_01438,PROD_003,1,131.5,131.5
3589,ORD_01438,PROD_035,1,25.5,25.5
3590,ORD_01439,PROD_045,4,58.99,235.96
3591,ORD_01440,PROD_014,1,183.0,183.0
3592,ORD_01441,PROD_044,2,176.99,353.98
3593,ORD_01442,PROD_045,1,58.99,58.99
3594,ORD_01442,PROD_001,1,54.0,54.0
3595,ORD_01442,PROD_036,1,98.5,98.5
3596,ORD_01442,PROD_047,1,114.0,114.0
3597,ORD_01443,PROD_011,2,79.0,158.0
3598,ORD_01443,PROD_038,1,170.0,170.0
3599,ORD_01443,PROD_014,1,183.0,183.0
3600,ORD_01444,PROD_024,1,38.0,38.0
3601,ORD_01445,PROD_034,2,113.5,227.0
3602,ORD_01446,PROD_020,1,24.5,24.5
3603,ORD_01446,PROD_015,1,41.0,41.0
3604,ORD_01446,PROD_018,1,52.0,52.0
3605,ORD_01446,PROD_025,1,53.0,53.0
3606,ORD_01446,PROD_002,1,131.99,131.99
3607,ORD_01446,PROD_017,3,53.0,159.0
3608,ORD_01447,PROD_013,1,154.5,154.5
3609,ORD_01448,PROD_041,1,212.5,212.5
3610,ORD_01448,PROD_017,1,53.0,53.0
3611,ORD_01448,PROD_049,1,97.0,97.0
3612,ORD_01449,PROD_028,1,73.5,73.5
3613,ORD_01449,PROD_022,1,38.99,38.99
3614,ORD_01449,PROD_010,2,191.0,382.0
3615,ORD_01450,PROD_008,1,68.5,68.5
3616,ORD_01450,PROD_007,1,101.99,101.99
3617,ORD_01451,PROD_032,1,44.99,44.99
3618,ORD_01451,PROD_031,1,100.5,100.5
3619,ORD_01451,PROD_048,1,208.99,208.99
3620,ORD_01452,PROD_027,2,83.5,167.0
3621,ORD_01453,PROD_044,2,176.99,353.98
3622,ORD_01453,PROD_012,1,153.0,153.0
3623,ORD_01454,PROD_038,10,170.0,1700.0
3624,ORD_01454,PROD_028,1,73.5,73.5
3625,ORD_01454,PROD_012,1,153.0,153.0
3626,ORD_01454,PROD_040,1,104.99,104.99
3627,ORD_01454,PROD_044,4,176.99,707.96
3628,ORD_01455,PROD_023,1,73.99,73.99
3629,ORD_01456,PROD_050,1,90.99,90.99
3630,ORD_01456,PROD_027,1,83.5,83.5
3631,ORD_01456,PROD_031,1,100.5,100.5
3632,ORD_01456,PROD_001,1,54.0,54.0
3633,ORD_01456,PROD_030,1,35.99,35.99
3634,ORD_01457,PROD_043,1,179.5,179.5
3635,ORD_01457,PROD_048,1,208.99,208.99
3636,ORD_01458,PROD_039,2,64.5,129.0
3637,ORD_01458,PROD_008,1,68.5,68.5
3638,ORD_01459,PROD_027,2,83.5,167.0
3639,ORD_01459,PROD_031,1,100.5,100.5
3640,ORD_01460,PROD_010,1,191.0,191.0
3641,ORD_01461,PROD_008,1,68.5,68.5
3642,ORD_01461,PROD_034,1,113.5,113.5
3643,ORD_01461,PROD_046,1,84.0,84.0
3644,ORD_01461,PROD_022,1,38.99,38.99
3645,ORD_01461,PROD_029,1,62.5,62.5
3646,ORD_01462,PROD_031,1,100.5,100.5
3647,ORD_01463,PROD_007,2,101.99,203.98
3648,ORD_01464,PROD_041,2,212.5,425.0
3649,ORD_01464,PROD_036,1,98.5,98.5
3650,ORD_01464,PROD_039,2,64.5,129.0
3651,ORD_01465,PROD_018,10,52.0,520.0
3652,ORD_01466,PROD_021,1,87.0,87.0
3653,ORD_01466,PROD_012,2,153.0,306.0
3654,ORD_01466,PROD_011,2,79.0,158.0
3655,ORD_01466,PROD_015,1,41.0,41.0
3656,ORD_01467,PROD_007,1,101.99,101.99
3657,ORD_01467,PROD_009,1,66.0,66.0
3658,ORD_01467,PROD_025,1,53.0,53.0
3659,ORD_01467,PROD_017,2,53.0,106.0
3660,ORD_01468,PROD_024,1,38.0,38.0
3661,ORD_01468,PROD_004,1,103.0,103.0
3662,ORD_01469,PROD_014,2,183.0,366.0
3663,ORD_01469,PROD_025,2,53.0,106.0
3664,ORD_01469,PROD_031,1,100.5,100.5
3665,ORD_01470,PROD_042,1,65.0,65.0
3666,ORD_01470,PROD_025,1,53.0,53.0
3667,ORD_01470,PROD_045,1,58.99,58.99
3668,ORD_01471,PROD_018,3,52.0,156.0
3669,ORD_01471,PROD_036,1,98.5,98.5
3670,ORD_01472,PROD_006,1,102.0,102.0
3671,ORD_01472,PROD_003,1,131.5,131.5
3672,ORD_01472,PROD_021,1,87.0,87.0
3673,ORD_01472,PROD_004,1,103.0,103.0
3674,ORD_01473,PROD_001,1,54.0,54.0
3675,ORD_01473,PROD_048,1,208.99,208.99
3676,ORD_01473,PROD_040,1,104.99,104.99
3677,ORD_01474,PROD_022,1,38.99,38.99
3678,ORD_01474,PROD_032,1,44.99,44.99
3679,ORD_01474,PROD_030,1,35.99,35.99
3680,ORD_01475,PROD_044,1,176.99,176.99
3681,ORD_01475,PROD_046,1,84.0,84.0
3682,ORD_01475,PROD_026,2,41.99,83.98
3683,ORD_01475,PROD_042,1,65.0,65.0
3684,ORD_01476,PROD_023,1,73.99,73.99
3685,ORD_01476,PROD_046,2,84.0,168.0
3686,ORD_01477,PROD_025,1,53.0,53.0
3687,ORD_01477,PROD_049,1,97.0,97.0
3688,ORD_01478,PROD_022,1,38.99,38.99
3689,ORD_01478,PROD_013,3,154.5,463.5
3690,ORD_01479,PROD_022,2,38.99,77.98
3691,ORD_01479,PROD_018,1,52.0,52.0
3692,ORD_01480,PROD_033,1,48.0,48.0
3693,ORD_01480,PROD_016,1,114.99,114.99
3694,ORD_01480,PROD_023,1,73.99,73.99
3695,ORD_01481,PROD_002,1,131.99,131.99
3696,ORD_01481,PROD_032,1,44.99,44.99
3697,ORD_01481,PROD_044,1,176.99,176.99
3698,ORD_01481,PROD_026,1,41.99,41.99
3699,ORD_01481,PROD_022,2,38.99,77.98
3700,ORD_01481,PROD_008,1,68.5,68.5
3701,ORD_01482,PROD_049,1,97.0,97.0
3702,ORD_01482,PROD_018,1,52.0,52.0
3703,ORD_01482,PROD_041,1,212.5,212.5
3704,ORD_01483,PROD_034,1,113.5,113.5
3705,ORD_01483,PROD_026,4,41.99,167.96
3706,ORD_01484,PROD_022,1,38.99,38.99
3707,ORD_01484,PROD_003,1,131.5,131.5
3708,ORD_01484,PROD_002,1,131.99,131.99
3709,ORD_01485,PROD_002,1,131.99,131.99
3710,ORD_01485,PROD_009,1,66.0,66.0
3711,ORD_01486,PROD_026,1,41.99,41.99
3712,ORD_01486,PROD_015,2,41.0,82.0
3713,ORD_01486,PROD_018,1,52.0,52.0
3714,ORD_01487,PROD_035,1,25.5,25.5
3715,ORD_01487,PROD_003,3,131.5,394.5
3716,ORD_01487,PROD_029,3,62.5,187.5
3717,ORD_01488,PROD_024,1,38.0,38.0
3718,ORD_01488,PROD_010,1,191.0,191.0
3719,ORD_01488,PROD_031,2,100.5,201.0
3720,ORD_01488,PROD_013,1,154.5,154.5
3721,ORD_01488,PROD_004,1,103.0,103.0
3722,ORD_01488,PROD_021,2,87.0,174.0
3723,ORD_01489,PROD_046,1,84.0,84.0
3724,ORD_01490,PROD_033,1,48.0,48.0
3725,ORD_01490,PROD_002,4,131.99,527.96
3726,ORD_01490,PROD_050,1,90.99,90.99
3727,ORD_01491,PROD_022,1,38.99,38.99
3728,ORD_01491,PROD_035,2,25.5,51.0
3729,ORD_01491,PROD_034,1,113.5,113.5
3730,ORD_01492,PROD_020,1,24.5,24.5
3731,ORD_01492,PROD_018,3,52.0,156.0
3732,ORD_01492,PROD_005,3,116.0,348.0
3733,ORD_01493,PROD_035,1,25.5,25.5
3734,ORD_01493,PROD_031,1,100.5,100.5
3735,ORD_01494,PROD_028,1,73.5,73.5
3736,ORD_01495,PROD_041,1,212.5,212.5
3737,ORD_01496,PROD_003,1,131.5,131.5
3738,ORD_01497,PROD_043,1,179.5,179.5
3739,ORD_01497,PROD_031,1,100.5,100.5
3740,ORD_01497,PROD_018,1,52.0,52.0
3741,ORD_01498,PROD_034,2,113.5,227.0
3742,ORD_01498,PROD_003,1,131.5,131.5
3743,ORD_01498,PROD_050,1,90.99,90.99
3744,ORD_01499,PROD_015,1,41.0,41.0
3745,ORD_01499,PROD_047,1,114.0,114.0
3746,ORD_01499,PROD_030,5,35.99,179.95
3747,ORD_01499,PROD_028,1,73.5,73.5
3748,ORD_01500,PROD_050,1,90.99,90.99
3749,ORD_01500,PROD_035,1,25.5,25.5
