session_id,customer_id,session_date,page_views,time_spent_seconds,cart_abandoned,support_tickets
SESS_000001,CUST_00001,2024-01-11,6,783,False,0
SESS_000002,CUST_00002,2024-01-20,12,849,False,0
SESS_000003,CUST_00002,2024-01-24,8,253,False,0
SESS_000004,CUST_00001,2024-01-29,18,773,False,0
SESS_000005,CUST_00003,2024-01-30,14,279,False,0
SESS_000006,CUST_00004,2024-01-30,14,469,False,0
SESS_000007,CUST_00007,2024-02-05,19,682,False,0
SESS_000008,CUST_00009,2024-02-05,3,43,False,0
SESS_000009,CUST_00006,2024-02-06,14,525,False,1
SESS_000010,CUST_00009,2024-02-06,6,612,False,0
SESS_000011,CUST_00004,2024-02-12,12,108,True,0
SESS_000012,CUST_00004,2024-02-13,3,144,False,0
SESS_000013,CUST_00010,2024-02-14,20,825,False,0
SESS_000014,CUST_00003,2024-02-26,7,440,True,0
SESS_000015,CUST_00005,2024-02-29,1,92,False,0
SESS_000016,CUST_00014,2024-03-02,2,142,False,0
SESS_000017,CUST_00016,2024-03-03,3,63,False,0
SESS_000018,CUST_00015,2024-03-04,7,771,False,0
SESS_000019,CUST_00014,2024-03-05,6,937,False,0
SESS_000020,CUST_00021,2024-03-07,17,787,False,1
SESS_000021,CUST_00018,2024-03-12,14,300,False,0
SESS_000022,CUST_00020,2024-03-12,11,544,False,0
SESS_000023,CUST_00022,2024-03-12,21,760,False,0
SESS_000024,CUST_00013,2024-03-13,12,434,False,0
SESS_000025,CUST_00008,2024-03-14,6,79,False,0
SESS_000026,CUST_00020,2024-03-16,6,546,False,0
SESS_000027,CUST_00026,2024-03-17,1,186,False,0
SESS_000028,CUST_00028,2024-03-17,13,281,False,0
SESS_000029,CUST_00017,2024-03-19,10,356,False,0
SESS_000030,CUST_00020,2024-03-20,21,520,False,0
SESS_000031,CUST_00024,2024-03-23,16,726,False,0
SESS_000032,CUST_00008,2024-03-24,2,217,False,0
SESS_000033,CUST_00017,2024-03-24,18,829,False,0
SESS_000034,CUST_00027,2024-03-24,20,482,False,0
SESS_000035,CUST_00026,2024-03-25,9,712,False,0
SESS_000036,CUST_00030,2024-03-25,19,335,False,1
SESS_000037,CUST_00020,2024-03-26,19,793,False,0
SESS_000038,CUST_00020,2024-03-27,13,730,False,0
SESS_000039,CUST_00020,2024-03-28,2,235,False,0
SESS_000040,CUST_00031,2024-03-28,3,111,True,0
SESS_000041,CUST_00005,2024-03-30,15,537,False,0
SESS_000042,CUST_00014,2024-03-30,2,67,False,0
SESS_000043,CUST_00020,2024-03-31,5,289,False,1
SESS_000044,CUST_00012,2024-04-02,12,701,False,0
SESS_000045,CUST_00017,2024-04-04,20,620,False,0
SESS_000046,CUST_00031,2024-04-06,15,675,False,0
SESS_000047,CUST_00028,2024-04-09,3,58,False,0
SESS_000048,CUST_00014,2024-04-10,1,101,False,0
SESS_000049,CUST_00017,2024-04-11,6,616,False,0
SESS_000050,CUST_00031,2024-04-11,6,147,True,0
SESS_000051,CUST_00017,2024-04-12,15,204,False,0
SESS_000052,CUST_00019,2024-04-12,22,347,False,0
SESS_000053,CUST_00017,2024-04-16,22,845,False,0
SESS_000054,CUST_00020,2024-04-16,19,225,False,0
SESS_000055,CUST_00010,2024-04-17,4,79,False,0
SESS_000056,CUST_00032,2024-04-17,21,409,False,0
SESS_000057,CUST_00020,2024-04-20,7,614,False,0
SESS_000058,CUST_00020,2024-04-22,22,698,False,0
SESS_000059,CUST_00036,2024-04-24,12,814,False,0
SESS_000060,CUST_00037,2024-04-24,11,197,False,1
SESS_000061,CUST_00033,2024-04-26,18,743,False,0
SESS_000062,CUST_00040,2024-04-26,17,305,False,0
SESS_000063,CUST_00017,2024-04-28,21,298,False,0
SESS_000064,CUST_00038,2024-04-28,13,528,False,0
SESS_000065,CUST_00015,2024-04-29,2,238,False,0
SESS_000066,CUST_00020,2024-04-30,9,415,False,0
SESS_000067,CUST_00019,2024-05-01,11,272,False,0
SESS_000068,CUST_00020,2024-05-01,15,462,False,0
SESS_000069,CUST_00039,2024-05-01,11,888,False,0
SESS_000070,CUST_00036,2024-05-03,13,387,False,0
SESS_000071,CUST_00039,2024-05-03,3,175,True,0
SESS_000072,CUST_00044,2024-05-04,19,530,False,0
SESS_000073,CUST_00045,2024-05-04,9,787,False,0
SESS_000074,CUST_00030,2024-05-05,12,257,True,0
SESS_000075,CUST_00027,2024-05-06,6,255,False,0
SESS_000076,CUST_00043,2024-05-06,3,64,False,0
SESS_000077,CUST_00041,2024-05-07,7,535,False,1
SESS_000078,CUST_00046,2024-05-07,17,418,False,0
SESS_000079,CUST_00019,2024-05-10,6,180,True,0
SESS_000080,CUST_00042,2024-05-10,14,317,False,0
SESS_000081,CUST_00047,2024-05-13,5,771,False,0
SESS_000082,CUST_00019,2024-05-14,1,122,False,0
SESS_000083,CUST_00040,2024-05-15,16,517,False,0
SESS_000084,CUST_00020,2024-05-16,7,635,False,0
SESS_000085,CUST_00051,2024-05-17,16,245,False,0
SESS_000086,CUST_00008,2024-05-18,6,149,True,0
SESS_000087,CUST_00052,2024-05-18,19,212,False,0
SESS_000088,CUST_00021,2024-05-20,1,235,False,0
SESS_000089,CUST_00027,2024-05-20,9,76,True,0
SESS_000090,CUST_00049,2024-05-20,8,437,False,0
SESS_000091,CUST_00034,2024-05-21,1,233,False,0
SESS_000092,CUST_00013,2024-05-22,12,187,True,0
SESS_000093,CUST_00038,2024-05-24,6,433,True,0
SESS_000094,CUST_00053,2024-05-24,17,260,False,0
SESS_000095,CUST_00008,2024-05-25,3,355,True,0
SESS_000096,CUST_00032,2024-05-25,2,111,False,0
SESS_000097,CUST_00031,2024-05-26,1,62,False,0
SESS_000098,CUST_00033,2024-05-27,2,25,False,0
SESS_000099,CUST_00057,2024-05-27,19,313,False,0
SESS_000100,CUST_00003,2024-05-28,4,99,False,0
SESS_000101,CUST_00052,2024-05-28,2,157,False,0
SESS_000102,CUST_00004,2024-05-30,4,221,False,0
SESS_000103,CUST_00036,2024-05-30,22,633,False,0
SESS_000104,CUST_00024,2024-05-31,1,92,False,0
SESS_000105,CUST_00063,2024-05-31,16,640,False,1
SESS_000106,CUST_00056,2024-06-01,13,790,False,0
SESS_000107,CUST_00058,2024-06-01,9,559,False,0
SESS_000108,CUST_00061,2024-06-01,7,927,False,0
SESS_000109,CUST_00066,2024-06-02,12,911,False,0
SESS_000110,CUST_00020,2024-06-04,14,549,False,0
SESS_000111,CUST_00065,2024-06-04,22,438,False,0
SESS_000112,CUST_00037,2024-06-05,3,79,False,0
SESS_000113,CUST_00013,2024-06-07,20,522,False,1
SESS_000114,CUST_00016,2024-06-11,13,177,True,0
SESS_000115,CUST_00040,2024-06-11,14,289,False,0
SESS_000116,CUST_00053,2024-06-11,2,180,False,0
SESS_000117,CUST_00064,2024-06-11,10,264,False,0
SESS_000118,CUST_00070,2024-06-11,11,824,False,0
SESS_000119,CUST_00020,2024-06-12,3,23,False,0
SESS_000120,CUST_00029,2024-06-12,7,399,False,0
SESS_000121,CUST_00071,2024-06-12,18,747,False,0
SESS_000122,CUST_00040,2024-06-14,10,827,False,0
SESS_000123,CUST_00044,2024-06-14,2,186,False,0
SESS_000124,CUST_00067,2024-06-14,22,359,False,0
SESS_000125,CUST_00072,2024-06-14,10,264,False,0
SESS_000126,CUST_00073,2024-06-14,7,612,False,0
SESS_000127,CUST_00053,2024-06-15,10,209,True,0
SESS_000128,CUST_00063,2024-06-16,3,32,False,0
SESS_000129,CUST_00051,2024-06-17,2,151,False,0
SESS_000130,CUST_00040,2024-06-18,22,427,False,0
SESS_000131,CUST_00076,2024-06-18,1,77,False,0
SESS_000132,CUST_00051,2024-06-20,2,129,False,0
SESS_000133,CUST_00022,2024-06-21,10,254,True,0
SESS_000134,CUST_00042,2024-06-22,3,150,False,0
SESS_000135,CUST_00074,2024-06-22,16,406,False,0
SESS_000136,CUST_00016,2024-06-24,1,228,False,0
SESS_000137,CUST_00026,2024-06-24,13,156,True,0
SESS_000138,CUST_00040,2024-06-24,3,51,False,0
SESS_000139,CUST_00040,2024-06-26,1,128,False,0
SESS_000140,CUST_00081,2024-06-26,21,379,False,0
SESS_000141,CUST_00079,2024-06-27,8,308,False,0
SESS_000142,CUST_00004,2024-06-28,3,120,False,0
SESS_000143,CUST_00015,2024-06-28,3,176,False,0
SESS_000144,CUST_00058,2024-06-28,4,82,False,0
SESS_000145,CUST_00076,2024-06-28,10,519,False,0
SESS_000146,CUST_00083,2024-06-28,7,875,False,0
SESS_000147,CUST_00040,2024-06-29,20,874,False,0
SESS_000148,CUST_00065,2024-06-29,2,148,False,0
SESS_000149,CUST_00040,2024-06-30,5,782,False,0
SESS_000150,CUST_00075,2024-06-30,7,584,False,0
SESS_000151,CUST_00035,2024-07-01,3,297,True,0
SESS_000152,CUST_00033,2024-07-02,5,96,True,0
SESS_000153,CUST_00081,2024-07-02,12,471,False,0
SESS_000154,CUST_00086,2024-07-02,18,762,False,0
SESS_000155,CUST_00020,2024-07-04,11,647,False,0
SESS_000156,CUST_00050,2024-07-04,5,275,False,0
SESS_000157,CUST_00080,2024-07-04,5,910,False,0
SESS_000158,CUST_00089,2024-07-04,21,299,False,0
SESS_000159,CUST_00070,2024-07-05,5,333,False,0
SESS_000160,CUST_00011,2024-07-07,12,421,True,0
SESS_000161,CUST_00053,2024-07-07,4,196,True,0
SESS_000162,CUST_00070,2024-07-07,22,786,False,0
SESS_000163,CUST_00087,2024-07-07,13,570,False,0
SESS_000164,CUST_00087,2024-07-07,2,99,False,0
SESS_000165,CUST_00006,2024-07-08,4,181,False,0
SESS_000166,CUST_00011,2024-07-08,2,170,False,0
SESS_000167,CUST_00042,2024-07-11,1,198,False,0
SESS_000168,CUST_00055,2024-07-11,21,190,False,0
SESS_000169,CUST_00069,2024-07-11,1,108,False,0
SESS_000170,CUST_00072,2024-07-11,1,175,False,0
SESS_000171,CUST_00090,2024-07-11,1,75,False,1
SESS_000172,CUST_00020,2024-07-12,3,316,True,0
SESS_000173,CUST_00020,2024-07-12,2,32,False,0
SESS_000174,CUST_00081,2024-07-12,22,275,False,0
SESS_000175,CUST_00083,2024-07-12,10,282,False,0
SESS_000176,CUST_00039,2024-07-13,2,163,False,0
SESS_000177,CUST_00067,2024-07-13,1,93,False,0
SESS_000178,CUST_00090,2024-07-13,3,33,False,0
SESS_000179,CUST_00084,2024-07-14,21,721,False,0
SESS_000180,CUST_00060,2024-07-15,5,738,False,0
SESS_000181,CUST_00090,2024-07-15,12,335,False,0
SESS_000182,CUST_00090,2024-07-15,10,94,True,0
SESS_000183,CUST_00001,2024-07-16,15,903,False,0
SESS_000184,CUST_00065,2024-07-16,2,125,False,0
SESS_000185,CUST_00082,2024-07-16,4,204,False,0
SESS_000186,CUST_00093,2024-07-16,14,697,False,0
SESS_000187,CUST_00096,2024-07-16,19,282,False,0
SESS_000188,CUST_00097,2024-07-16,22,414,False,0
SESS_000189,CUST_00025,2024-07-17,14,403,False,0
SESS_000190,CUST_00094,2024-07-17,13,386,True,0
SESS_000191,CUST_00082,2024-07-18,13,199,False,0
SESS_000192,CUST_00077,2024-07-19,11,254,True,0
SESS_000193,CUST_00048,2024-07-20,7,674,False,0
SESS_000194,CUST_00094,2024-07-20,18,289,False,0
SESS_000195,CUST_00089,2024-07-22,6,55,False,0
SESS_000196,CUST_00096,2024-07-22,10,129,True,0
SESS_000197,CUST_00048,2024-07-23,8,907,False,0
SESS_000198,CUST_00048,2024-07-23,12,544,False,0
SESS_000199,CUST_00095,2024-07-23,5,933,False,0
SESS_000200,CUST_00092,2024-07-24,20,193,False,0
SESS_000201,CUST_00076,2024-07-25,10,826,False,0
SESS_000202,CUST_00015,2024-07-26,1,234,False,1
SESS_000203,CUST_00100,2024-07-26,13,361,False,0
SESS_000204,CUST_00034,2024-07-27,11,374,True,0
SESS_000205,CUST_00036,2024-07-27,3,190,False,0
SESS_000206,CUST_00069,2024-07-27,7,471,False,0
SESS_000207,CUST_00078,2024-07-27,18,650,False,0
SESS_000208,CUST_00101,2024-07-27,18,652,False,0
SESS_000209,CUST_00077,2024-07-28,1,61,False,0
SESS_000210,CUST_00048,2024-07-29,1,37,False,0
SESS_000211,CUST_00092,2024-07-29,9,534,False,0
SESS_000212,CUST_00098,2024-07-29,9,364,False,0
SESS_000213,CUST_00099,2024-07-29,7,688,False,0
SESS_000214,CUST_00050,2024-07-30,20,816,False,0
SESS_000215,CUST_00059,2024-07-30,11,294,False,0
SESS_000216,CUST_00076,2024-07-30,2,96,False,0
SESS_000217,CUST_00092,2024-07-30,20,231,False,0
SESS_000218,CUST_00100,2024-07-30,1,228,False,0
SESS_000219,CUST_00023,2024-08-01,7,402,False,0
SESS_000220,CUST_00044,2024-08-01,11,429,True,0
SESS_000221,CUST_00048,2024-08-01,21,898,False,0
SESS_000222,CUST_00078,2024-08-01,10,422,False,0
SESS_000223,CUST_00048,2024-08-02,13,270,False,1
SESS_000224,CUST_00104,2024-08-02,17,223,False,1
SESS_000225,CUST_00024,2024-08-03,7,461,True,0
SESS_000226,CUST_00040,2024-08-03,19,221,False,0
SESS_000227,CUST_00048,2024-08-03,2,26,False,0
SESS_000228,CUST_00001,2024-08-04,3,50,False,0
SESS_000229,CUST_00010,2024-08-04,1,33,False,0
SESS_000230,CUST_00054,2024-08-04,1,85,False,0
SESS_000231,CUST_00078,2024-08-04,14,710,False,0
SESS_000232,CUST_00087,2024-08-04,2,81,False,0
SESS_000233,CUST_00028,2024-08-06,2,122,False,0
SESS_000234,CUST_00043,2024-08-08,3,150,False,0
SESS_000235,CUST_00062,2024-08-08,14,213,False,0
SESS_000236,CUST_00081,2024-08-08,19,428,False,0
SESS_000237,CUST_00082,2024-08-08,18,862,False,0
SESS_000238,CUST_00104,2024-08-09,1,200,False,0
SESS_000239,CUST_00048,2024-08-10,21,364,False,0
SESS_000240,CUST_00003,2024-08-11,1,66,False,0
SESS_000241,CUST_00021,2024-08-11,1,154,False,0
SESS_000242,CUST_00089,2024-08-11,4,464,True,0
SESS_000243,CUST_00107,2024-08-11,3,88,False,0
SESS_000244,CUST_00027,2024-08-12,1,94,False,0
SESS_000245,CUST_00040,2024-08-14,16,625,False,0
SESS_000246,CUST_00074,2024-08-14,10,148,True,0
SESS_000247,CUST_00017,2024-08-15,2,115,False,0
SESS_000248,CUST_00035,2024-08-15,10,218,False,0
SESS_000249,CUST_00013,2024-08-16,1,16,False,0
SESS_000250,CUST_00073,2024-08-16,21,588,False,0
SESS_000251,CUST_00088,2024-08-17,3,153,False,0
SESS_000252,CUST_00108,2024-08-17,6,830,False,0
SESS_000253,CUST_00111,2024-08-18,12,901,False,1
SESS_000254,CUST_00078,2024-08-19,20,837,False,0
SESS_000255,CUST_00068,2024-08-20,9,944,False,0
SESS_000256,CUST_00015,2024-08-21,1,141,False,0
SESS_000257,CUST_00114,2024-08-22,15,787,False,0
SESS_000258,CUST_00076,2024-08-23,16,787,False,0
SESS_000259,CUST_00112,2024-08-24,19,598,False,0
SESS_000260,CUST_00040,2024-08-25,22,848,False,0
SESS_000261,CUST_00040,2024-08-25,19,480,False,0
SESS_000262,CUST_00041,2024-08-25,7,438,True,0
SESS_000263,CUST_00110,2024-08-25,9,387,False,0
SESS_000264,CUST_00106,2024-08-26,12,552,False,0
SESS_000265,CUST_00017,2024-08-27,3,83,False,0
SESS_000266,CUST_00115,2024-08-27,15,361,False,0
SESS_000267,CUST_00076,2024-08-28,3,57,False,0
SESS_000268,CUST_00113,2024-08-28,14,465,False,0
SESS_000269,CUST_00054,2024-08-29,3,128,False,0
SESS_000270,CUST_00111,2024-08-29,1,85,False,0
SESS_000271,CUST_00068,2024-08-30,12,475,False,0
SESS_000272,CUST_00016,2024-08-31,8,367,True,0
SESS_000273,CUST_00050,2024-08-31,9,411,False,0
SESS_000274,CUST_00008,2024-09-01,1,218,False,0
SESS_000275,CUST_00037,2024-09-01,1,166,False,0
SESS_000276,CUST_00040,2024-09-02,17,894,False,0
SESS_000277,CUST_00068,2024-09-03,5,343,True,0
SESS_000278,CUST_00021,2024-09-04,1,146,False,0
SESS_000279,CUST_00083,2024-09-04,1,80,False,0
SESS_000280,CUST_00106,2024-09-04,1,135,False,0
SESS_000281,CUST_00021,2024-09-05,1,217,False,0
SESS_000282,CUST_00077,2024-09-05,8,92,True,0
SESS_000283,CUST_00090,2024-09-05,1,37,False,0
SESS_000284,CUST_00092,2024-09-06,18,436,False,0
SESS_000285,CUST_00106,2024-09-06,22,841,False,0
SESS_000286,CUST_00006,2024-09-08,2,124,False,0
SESS_000287,CUST_00080,2024-09-10,3,53,False,0
SESS_000288,CUST_00116,2024-09-10,8,807,False,0
SESS_000289,CUST_00057,2024-09-11,11,233,True,0
SESS_000290,CUST_00016,2024-09-12,2,86,False,0
SESS_000291,CUST_00074,2024-09-12,11,453,True,0
SESS_000292,CUST_00064,2024-09-13,1,26,False,0
SESS_000293,CUST_00040,2024-09-15,18,673,False,0
SESS_000294,CUST_00110,2024-09-15,8,753,False,0
SESS_000295,CUST_00034,2024-09-18,15,721,False,0
SESS_000296,CUST_00122,2024-09-18,7,227,True,0
SESS_000297,CUST_00072,2024-09-19,3,56,False,0
SESS_000298,CUST_00085,2024-09-19,11,143,True,0
SESS_000299,CUST_00124,2024-09-19,21,283,False,0
SESS_000300,CUST_00004,2024-09-20,2,18,False,0
SESS_000301,CUST_00015,2024-09-20,6,85,False,0
SESS_000302,CUST_00120,2024-09-20,15,245,False,0
SESS_000303,CUST_00122,2024-09-20,16,254,False,0
SESS_000304,CUST_00012,2024-09-21,18,287,False,0
SESS_000305,CUST_00083,2024-09-21,8,804,False,0
SESS_000306,CUST_00033,2024-09-22,4,27,False,0
SESS_000307,CUST_00048,2024-09-22,6,83,False,0
SESS_000308,CUST_00072,2024-09-23,6,66,False,0
SESS_000309,CUST_00127,2024-09-23,4,117,False,0
SESS_000310,CUST_00123,2024-09-24,13,790,False,0
SESS_000311,CUST_00130,2024-09-24,21,917,False,0
SESS_000312,CUST_00002,2024-09-25,1,85,False,0
SESS_000313,CUST_00087,2024-09-25,6,162,False,0
SESS_000314,CUST_00085,2024-09-27,1,159,False,0
SESS_000315,CUST_00102,2024-09-27,7,620,False,0
SESS_000316,CUST_00110,2024-09-27,14,660,False,0
SESS_000317,CUST_00128,2024-09-27,17,640,False,0
SESS_000318,CUST_00052,2024-09-28,9,245,True,0
SESS_000319,CUST_00106,2024-09-28,18,775,False,0
SESS_000320,CUST_00109,2024-09-28,13,543,False,0
SESS_000321,CUST_00110,2024-09-29,14,563,False,0
SESS_000322,CUST_00126,2024-10-01,19,271,False,0
SESS_000323,CUST_00129,2024-10-01,7,906,False,0
SESS_000324,CUST_00131,2024-10-01,1,152,False,0
SESS_000325,CUST_00031,2024-10-02,3,49,False,0
SESS_000326,CUST_00046,2024-10-02,1,210,False,0
SESS_000327,CUST_00080,2024-10-02,1,141,False,0
SESS_000328,CUST_00110,2024-10-02,13,693,False,0
SESS_000329,CUST_00119,2024-10-02,1,54,False,0
SESS_000330,CUST_00043,2024-10-03,6,27,False,0
SESS_000331,CUST_00110,2024-10-03,21,783,False,0
SESS_000332,CUST_00128,2024-10-03,12,406,True,0
SESS_000333,CUST_00040,2024-10-04,3,145,False,0
SESS_000334,CUST_00091,2024-10-04,4,198,False,0
SESS_000335,CUST_00070,2024-10-05,18,440,False,0
SESS_000336,CUST_00054,2024-10-07,2,111,False,0
SESS_000337,CUST_00070,2024-10-07,3,164,False,0
SESS_000338,CUST_00128,2024-10-07,1,160,False,0
SESS_000339,CUST_00023,2024-10-08,3,142,False,0
SESS_000340,CUST_00080,2024-10-08,11,93,True,0
SESS_000341,CUST_00098,2024-10-09,1,84,False,0
SESS_000342,CUST_00106,2024-10-09,19,464,False,0
SESS_000343,CUST_00110,2024-10-09,19,774,False,0
SESS_000344,CUST_00084,2024-10-11,10,302,False,0
SESS_000345,CUST_00131,2024-10-11,6,910,False,0
SESS_000346,CUST_00085,2024-10-12,18,478,False,0
SESS_000347,CUST_00126,2024-10-12,9,451,True,0
SESS_000348,CUST_00119,2024-10-13,1,22,False,0
SESS_000349,CUST_00132,2024-10-14,8,611,False,0
SESS_000350,CUST_00134,2024-10-14,11,788,False,0
SESS_000351,CUST_00046,2024-10-15,12,212,True,0
SESS_000352,CUST_00070,2024-10-15,7,473,False,0
SESS_000353,CUST_00073,2024-10-15,5,739,False,0
SESS_000354,CUST_00059,2024-10-16,12,272,False,0
SESS_000355,CUST_00072,2024-10-16,11,273,True,0
SESS_000356,CUST_00093,2024-10-16,3,142,False,0
SESS_000357,CUST_00078,2024-10-18,1,27,False,0
SESS_000358,CUST_00117,2024-10-18,20,676,False,1
SESS_000359,CUST_00014,2024-10-20,8,203,True,0
SESS_000360,CUST_00034,2024-10-20,13,638,False,0
SESS_000361,CUST_00036,2024-10-21,1,75,False,0
SESS_000362,CUST_00090,2024-10-21,4,50,False,0
SESS_000363,CUST_00020,2024-10-22,4,162,False,0
SESS_000364,CUST_00043,2024-10-22,18,823,False,0
SESS_000365,CUST_00049,2024-10-22,1,66,False,0
SESS_000366,CUST_00104,2024-10-22,1,236,False,0
SESS_000367,CUST_00138,2024-10-22,14,189,False,0
SESS_000368,CUST_00069,2024-10-23,1,74,False,0
SESS_000369,CUST_00136,2024-10-23,22,537,False,0
SESS_000370,CUST_00008,2024-10-25,10,145,True,0
SESS_000371,CUST_00133,2024-10-25,2,167,False,0
SESS_000372,CUST_00066,2024-10-26,4,73,False,0
SESS_000373,CUST_00137,2024-10-26,5,415,False,0
SESS_000374,CUST_00016,2024-10-27,18,789,False,1
SESS_000375,CUST_00124,2024-10-28,1,72,False,0
SESS_000376,CUST_00013,2024-10-29,2,34,False,0
SESS_000377,CUST_00026,2024-10-29,1,224,False,1
SESS_000378,CUST_00135,2024-10-29,12,957,False,0
SESS_000379,CUST_00037,2024-10-30,1,178,False,0
SESS_000380,CUST_00040,2024-10-30,7,426,True,0
SESS_000381,CUST_00141,2024-10-30,7,384,True,0
SESS_000382,CUST_00040,2024-10-31,5,699,False,0
SESS_000383,CUST_00040,2024-10-31,16,250,False,0
SESS_000384,CUST_00062,2024-10-31,5,263,False,0
SESS_000385,CUST_00101,2024-10-31,4,287,True,0
SESS_000386,CUST_00119,2024-10-31,17,401,False,0
SESS_000387,CUST_00002,2024-11-01,5,196,True,0
SESS_000388,CUST_00102,2024-11-01,20,202,False,0
SESS_000389,CUST_00119,2024-11-01,11,318,True,0
SESS_000390,CUST_00065,2024-11-02,3,156,False,0
SESS_000391,CUST_00070,2024-11-02,10,691,False,0
SESS_000392,CUST_00078,2024-11-02,19,652,False,0
SESS_000393,CUST_00119,2024-11-02,13,291,False,0
SESS_000394,CUST_00122,2024-11-02,19,334,False,0
SESS_000395,CUST_00136,2024-11-02,6,137,False,0
SESS_000396,CUST_00142,2024-11-02,5,184,False,0
SESS_000397,CUST_00007,2024-11-03,2,110,False,0
SESS_000398,CUST_00035,2024-11-03,2,194,False,0
SESS_000399,CUST_00089,2024-11-03,1,88,False,0
SESS_000400,CUST_00141,2024-11-03,22,366,False,0
SESS_000401,CUST_00141,2024-11-03,1,140,False,0
SESS_000402,CUST_00001,2024-11-04,2,218,False,0
SESS_000403,CUST_00010,2024-11-05,1,38,False,0
SESS_000404,CUST_00035,2024-11-05,9,224,False,0
SESS_000405,CUST_00140,2024-11-05,22,903,False,0
SESS_000406,CUST_00140,2024-11-05,20,724,False,0
SESS_000407,CUST_00141,2024-11-05,3,54,False,0
SESS_000408,CUST_00043,2024-11-06,2,57,False,0
SESS_000409,CUST_00010,2024-11-07,1,56,False,0
SESS_000410,CUST_00110,2024-11-07,13,211,False,0
SESS_000411,CUST_00119,2024-11-07,1,158,False,0
SESS_000412,CUST_00133,2024-11-07,7,277,False,0
SESS_000413,CUST_00098,2024-11-08,4,386,True,0
SESS_000414,CUST_00117,2024-11-08,14,761,False,0
SESS_000415,CUST_00054,2024-11-09,4,51,False,0
SESS_000416,CUST_00098,2024-11-09,12,306,True,0
SESS_000417,CUST_00116,2024-11-09,4,167,False,0
SESS_000418,CUST_00014,2024-11-10,6,25,False,0
SESS_000419,CUST_00078,2024-11-10,6,843,False,0
SESS_000420,CUST_00127,2024-11-10,2,58,False,0
SESS_000421,CUST_00128,2024-11-10,12,473,True,0
SESS_000422,CUST_00132,2024-11-10,9,474,True,0
SESS_000423,CUST_00140,2024-11-10,5,391,False,0
SESS_000424,CUST_00148,2024-11-10,19,753,False,0
SESS_000425,CUST_00109,2024-11-11,14,222,False,0
SESS_000426,CUST_00146,2024-11-11,14,944,False,0
SESS_000427,CUST_00147,2024-11-12,12,306,True,0
SESS_000428,CUST_00085,2024-11-13,4,26,False,0
SESS_000429,CUST_00115,2024-11-13,3,148,False,0
SESS_000430,CUST_00011,2024-11-14,13,733,False,0
SESS_000431,CUST_00012,2024-11-14,11,251,False,0
SESS_000432,CUST_00106,2024-11-14,5,213,False,0
SESS_000433,CUST_00140,2024-11-14,1,210,False,0
SESS_000434,CUST_00048,2024-11-15,11,381,True,0
SESS_000435,CUST_00027,2024-11-16,3,106,True,0
SESS_000436,CUST_00068,2024-11-16,6,394,True,0
SESS_000437,CUST_00111,2024-11-16,3,151,False,0
SESS_000438,CUST_00114,2024-11-16,10,336,True,0
SESS_000439,CUST_00114,2024-11-16,3,171,False,0
SESS_000440,CUST_00147,2024-11-16,11,944,False,0
SESS_000441,CUST_00065,2024-11-17,12,437,True,0
SESS_000442,CUST_00122,2024-11-17,6,168,False,0
SESS_000443,CUST_00126,2024-11-18,2,236,False,0
SESS_000444,CUST_00028,2024-11-19,4,392,True,0
SESS_000445,CUST_00094,2024-11-19,3,89,False,0
SESS_000446,CUST_00149,2024-11-19,14,791,False,0
SESS_000447,CUST_00052,2024-11-20,3,24,False,0
SESS_000448,CUST_00063,2024-11-20,6,19,False,0
SESS_000449,CUST_00095,2024-11-20,4,191,False,0
SESS_000450,CUST_00062,2024-11-21,20,626,False,0
SESS_000451,CUST_00140,2024-11-21,9,917,False,0
SESS_000452,CUST_00078,2024-11-22,12,630,False,0
SESS_000453,CUST_00101,2024-11-22,2,206,False,0
SESS_000454,CUST_00112,2024-11-22,3,122,False,0
SESS_000455,CUST_00014,2024-11-23,2,19,False,0
SESS_000456,CUST_00049,2024-11-23,3,132,False,0
SESS_000457,CUST_00078,2024-11-23,12,369,True,0
SESS_000458,CUST_00102,2024-11-23,3,235,False,0
SESS_000459,CUST_00109,2024-11-23,2,71,False,0
SESS_000460,CUST_00110,2024-11-23,7,295,False,0
SESS_000461,CUST_00119,2024-11-23,7,272,False,0
SESS_000462,CUST_00150,2024-11-23,11,475,True,0
SESS_000463,CUST_00151,2024-11-23,17,495,False,0
SESS_000464,CUST_00154,2024-11-23,22,396,False,0
SESS_000465,CUST_00156,2024-11-23,9,686,False,0
SESS_000466,CUST_00001,2024-11-24,12,675,False,0
SESS_000467,CUST_00140,2024-11-24,7,498,False,1
SESS_000468,CUST_00169,2024-11-24,16,513,False,0
SESS_000469,CUST_00124,2024-11-25,4,322,True,0
SESS_000470,CUST_00009,2024-11-26,2,40,False,0
SESS_000471,CUST_00074,2024-11-26,1,160,False,0
SESS_000472,CUST_00105,2024-11-26,21,208,False,0
SESS_000473,CUST_00150,2024-11-26,1,140,False,0
SESS_000474,CUST_00158,2024-11-26,22,638,False,0
SESS_000475,CUST_00164,2024-11-26,13,549,False,0
SESS_000476,CUST_00009,2024-11-27,2,216,False,0
SESS_000477,CUST_00084,2024-11-27,6,626,False,0
SESS_000478,CUST_00095,2024-11-27,8,244,True,1
SESS_000479,CUST_00129,2024-11-27,4,181,True,0
SESS_000480,CUST_00153,2024-11-27,13,270,True,0
SESS_000481,CUST_00155,2024-11-27,2,69,False,0
SESS_000482,CUST_00004,2024-11-28,3,288,True,0
SESS_000483,CUST_00016,2024-11-28,15,727,False,0
SESS_000484,CUST_00152,2024-11-28,15,688,False,0
SESS_000485,CUST_00033,2024-11-29,6,166,True,0
SESS_000486,CUST_00078,2024-11-29,9,794,False,0
SESS_000487,CUST_00147,2024-11-29,7,469,True,0
SESS_000488,CUST_00172,2024-11-29,8,516,False,0
SESS_000489,CUST_00055,2024-11-30,14,461,False,0
SESS_000490,CUST_00088,2024-11-30,1,127,False,0
SESS_000491,CUST_00096,2024-11-30,9,332,True,0
SESS_000492,CUST_00097,2024-11-30,6,172,False,0
SESS_000493,CUST_00106,2024-11-30,3,109,False,0
SESS_000494,CUST_00158,2024-11-30,1,162,False,0
SESS_000495,CUST_00173,2024-11-30,19,754,False,0
SESS_000496,CUST_00174,2024-11-30,8,368,True,0
SESS_000497,CUST_00075,2024-12-01,4,38,False,0
SESS_000498,CUST_00109,2024-12-01,9,425,False,0
SESS_000499,CUST_00124,2024-12-01,7,349,True,0
SESS_000500,CUST_00156,2024-12-01,2,122,False,0
SESS_000501,CUST_00166,2024-12-01,18,585,False,0
SESS_000502,CUST_00173,2024-12-01,1,16,False,0
SESS_000503,CUST_00175,2024-12-01,7,898,False,0
SESS_000504,CUST_00007,2024-12-02,7,452,True,0
SESS_000505,CUST_00044,2024-12-03,2,27,False,0
SESS_000506,CUST_00062,2024-12-03,6,236,False,0
SESS_000507,CUST_00140,2024-12-03,11,565,False,0
SESS_000508,CUST_00168,2024-12-03,2,193,False,0
SESS_000509,CUST_00081,2024-12-04,1,223,False,0
SESS_000510,CUST_00159,2024-12-04,8,132,True,0
SESS_000511,CUST_00162,2024-12-04,1,69,False,0
SESS_000512,CUST_00174,2024-12-04,19,223,False,0
SESS_000513,CUST_00125,2024-12-05,15,440,False,0
SESS_000514,CUST_00155,2024-12-05,6,237,False,0
SESS_000515,CUST_00170,2024-12-06,18,424,False,0
SESS_000516,CUST_00003,2024-12-07,8,380,True,0
SESS_000517,CUST_00054,2024-12-07,1,190,False,0
SESS_000518,CUST_00140,2024-12-07,17,848,False,0
SESS_000519,CUST_00162,2024-12-07,10,124,True,0
SESS_000520,CUST_00166,2024-12-07,1,106,False,0
SESS_000521,CUST_00168,2024-12-07,21,191,False,0
SESS_000522,CUST_00017,2024-12-08,1,200,False,0
SESS_000523,CUST_00023,2024-12-08,3,69,False,0
SESS_000524,CUST_00110,2024-12-09,1,222,False,0
SESS_000525,CUST_00110,2024-12-09,2,61,False,0
SESS_000526,CUST_00157,2024-12-09,17,299,False,0
SESS_000527,CUST_00083,2024-12-10,1,60,False,0
SESS_000528,CUST_00163,2024-12-10,14,927,False,0
SESS_000529,CUST_00176,2024-12-10,17,273,False,0
SESS_000530,CUST_00026,2024-12-11,10,411,True,0
SESS_000531,CUST_00084,2024-12-11,13,782,False,0
SESS_000532,CUST_00124,2024-12-11,2,146,False,0
SESS_000533,CUST_00140,2024-12-11,2,171,False,0
SESS_000534,CUST_00162,2024-12-11,18,716,False,0
SESS_000535,CUST_00049,2024-12-13,10,230,True,0
SESS_000536,CUST_00078,2024-12-13,18,482,False,0
SESS_000537,CUST_00139,2024-12-13,1,66,False,0
SESS_000538,CUST_00048,2024-12-14,11,188,False,0
SESS_000539,CUST_00066,2024-12-14,3,172,False,0
SESS_000540,CUST_00157,2024-12-14,17,309,False,0
SESS_000541,CUST_00171,2024-12-14,21,951,False,0
SESS_000542,CUST_00181,2024-12-14,18,589,False,0
SESS_000543,CUST_00048,2024-12-15,8,229,True,0
SESS_000544,CUST_00051,2024-12-15,3,28,False,0
SESS_000545,CUST_00146,2024-12-15,1,108,False,0
SESS_000546,CUST_00182,2024-12-15,8,834,False,0
SESS_000547,CUST_00105,2024-12-16,13,280,True,0
SESS_000548,CUST_00121,2024-12-16,1,22,False,0
SESS_000549,CUST_00147,2024-12-16,1,214,False,0
SESS_000550,CUST_00164,2024-12-16,1,55,False,0
SESS_000551,CUST_00171,2024-12-16,16,290,False,0
SESS_000552,CUST_00171,2024-12-16,6,109,False,0
SESS_000553,CUST_00022,2024-12-17,4,224,False,0
SESS_000554,CUST_00036,2024-12-17,4,425,True,0
SESS_000555,CUST_00133,2024-12-17,20,486,False,0
SESS_000556,CUST_00137,2024-12-17,2,185,False,0
SESS_000557,CUST_00117,2024-12-18,1,165,False,0
SESS_000558,CUST_00155,2024-12-18,13,546,False,0
SESS_000559,CUST_00163,2024-12-18,8,198,True,0
SESS_000560,CUST_00175,2024-12-18,20,769,False,0
SESS_000561,CUST_00025,2024-12-19,21,214,False,0
SESS_000562,CUST_00069,2024-12-19,1,118,False,0
SESS_000563,CUST_00072,2024-12-19,4,89,False,0
SESS_000564,CUST_00088,2024-12-19,3,109,False,0
SESS_000565,CUST_00097,2024-12-19,3,27,False,0
SESS_000566,CUST_00175,2024-12-19,8,407,False,0
SESS_000567,CUST_00185,2024-12-19,10,321,False,0
SESS_000568,CUST_00094,2024-12-20,2,198,False,0
SESS_000569,CUST_00107,2024-12-20,20,837,False,0
SESS_000570,CUST_00144,2024-12-20,22,637,False,0
SESS_000571,CUST_00165,2024-12-20,1,57,False,0
SESS_000572,CUST_00168,2024-12-20,6,153,False,0
SESS_000573,CUST_00180,2024-12-20,5,245,False,0
SESS_000574,CUST_00017,2024-12-21,2,223,False,0
SESS_000575,CUST_00078,2024-12-21,19,775,False,0
SESS_000576,CUST_00140,2024-12-21,15,686,False,0
SESS_000577,CUST_00129,2024-12-22,7,316,True,0
SESS_000578,CUST_00140,2024-12-22,13,462,True,0
SESS_000579,CUST_00140,2024-12-23,18,465,False,0
SESS_000580,CUST_00191,2024-12-23,20,443,False,0
SESS_000581,CUST_00005,2024-12-24,3,110,False,0
SESS_000582,CUST_00083,2024-12-24,2,232,False,0
SESS_000583,CUST_00101,2024-12-24,11,331,True,0
SESS_000584,CUST_00183,2024-12-24,10,556,False,0
SESS_000585,CUST_00090,2024-12-25,4,271,True,0
SESS_000586,CUST_00171,2024-12-25,17,844,False,0
SESS_000587,CUST_00194,2024-12-25,12,889,False,0
SESS_000588,CUST_00082,2024-12-26,15,569,False,0
SESS_000589,CUST_00106,2024-12-26,1,101,False,0
SESS_000590,CUST_00112,2024-12-26,5,290,True,0
SESS_000591,CUST_00120,2024-12-26,3,157,True,0
SESS_000592,CUST_00144,2024-12-26,14,261,False,0
SESS_000593,CUST_00192,2024-12-26,7,843,False,0
SESS_000594,CUST_00016,2024-12-27,3,223,False,0
SESS_000595,CUST_00138,2024-12-27,7,453,True,0
SESS_000596,CUST_00169,2024-12-27,22,895,False,0
SESS_000597,CUST_00186,2024-12-27,12,318,False,0
SESS_000598,CUST_00012,2024-12-28,12,419,False,0
SESS_000599,CUST_00048,2024-12-28,2,202,False,0
SESS_000600,CUST_00051,2024-12-28,4,204,False,0
SESS_000601,CUST_00144,2024-12-28,10,329,False,1
SESS_000602,CUST_00149,2024-12-28,1,106,False,0
SESS_000603,CUST_00184,2024-12-28,15,903,False,0
SESS_000604,CUST_00033,2024-12-29,2,202,False,0
SESS_000605,CUST_00080,2024-12-29,4,58,False,0
SESS_000606,CUST_00084,2024-12-29,1,218,False,0
SESS_000607,CUST_00150,2024-12-29,3,203,False,0
SESS_000608,CUST_00118,2024-12-30,8,728,False,0
SESS_000609,CUST_00128,2024-12-30,3,115,True,0
SESS_000610,CUST_00168,2024-12-30,12,309,True,0
SESS_000611,CUST_00187,2024-12-30,4,221,False,0
SESS_000612,CUST_00195,2024-12-30,15,185,False,0
SESS_000613,CUST_00195,2024-12-30,1,212,False,0
SESS_000614,CUST_00036,2024-12-31,2,107,False,0
SESS_000615,CUST_00110,2024-12-31,17,945,False,0
SESS_000616,CUST_00125,2024-12-31,10,931,False,0
SESS_000617,CUST_00153,2024-12-31,1,82,False,0
SESS_000618,CUST_00178,2024-12-31,16,884,False,0
SESS_000619,CUST_00189,2024-12-31,20,552,False,0
SESS_000620,CUST_00072,2025-01-01,3,45,False,0
SESS_000621,CUST_00199,2025-01-01,13,856,False,0
SESS_000622,CUST_00070,2025-01-03,3,114,False,0
SESS_000623,CUST_00185,2025-01-03,3,226,False,0
SESS_000624,CUST_00191,2025-01-03,14,751,False,0
SESS_000625,CUST_00191,2025-01-03,16,611,False,0
SESS_000626,CUST_00122,2025-01-04,12,936,False,0
SESS_000627,CUST_00193,2025-01-04,7,404,False,0
SESS_000628,CUST_00201,2025-01-04,22,764,False,0
SESS_000629,CUST_00199,2025-01-05,1,63,False,0
SESS_000630,CUST_00006,2025-01-06,3,204,False,0
SESS_000631,CUST_00025,2025-01-06,10,942,False,0
SESS_000632,CUST_00044,2025-01-06,9,89,True,0
SESS_000633,CUST_00050,2025-01-06,6,799,False,0
SESS_000634,CUST_00127,2025-01-06,5,276,False,0
SESS_000635,CUST_00133,2025-01-06,14,786,False,0
SESS_000636,CUST_00169,2025-01-06,20,948,False,0
SESS_000637,CUST_00044,2025-01-07,1,170,False,0
SESS_000638,CUST_00101,2025-01-07,1,73,False,0
SESS_000639,CUST_00035,2025-01-08,6,262,True,0
SESS_000640,CUST_00106,2025-01-09,11,112,True,0
SESS_000641,CUST_00155,2025-01-09,2,25,False,0
SESS_000642,CUST_00162,2025-01-09,2,161,False,0
SESS_000643,CUST_00171,2025-01-09,1,215,False,0
SESS_000644,CUST_00189,2025-01-09,1,151,False,0
SESS_000645,CUST_00037,2025-01-10,2,68,False,0
SESS_000646,CUST_00191,2025-01-10,1,112,False,0
SESS_000647,CUST_00196,2025-01-10,8,613,False,0
SESS_000648,CUST_00206,2025-01-10,9,901,False,0
SESS_000649,CUST_00042,2025-01-11,3,45,False,0
SESS_000650,CUST_00057,2025-01-11,2,78,False,0
SESS_000651,CUST_00058,2025-01-11,1,162,False,0
SESS_000652,CUST_00162,2025-01-11,2,84,False,0
SESS_000653,CUST_00178,2025-01-11,2,230,False,0
SESS_000654,CUST_00191,2025-01-11,9,208,False,0
SESS_000655,CUST_00051,2025-01-12,6,176,False,0
SESS_000656,CUST_00101,2025-01-12,3,237,False,0
SESS_000657,CUST_00103,2025-01-12,6,163,True,0
SESS_000658,CUST_00157,2025-01-12,21,706,False,0
SESS_000659,CUST_00178,2025-01-12,16,783,False,0
SESS_000660,CUST_00197,2025-01-12,7,334,True,0
SESS_000661,CUST_00198,2025-01-12,1,216,False,0
SESS_000662,CUST_00205,2025-01-12,22,217,False,0
SESS_000663,CUST_00138,2025-01-13,4,243,True,0
SESS_000664,CUST_00163,2025-01-13,18,756,False,0
SESS_000665,CUST_00202,2025-01-13,1,127,False,1
SESS_000666,CUST_00208,2025-01-13,2,67,False,0
SESS_000667,CUST_00001,2025-01-14,11,218,False,0
SESS_000668,CUST_00115,2025-01-14,4,67,False,0
SESS_000669,CUST_00166,2025-01-14,3,78,False,0
SESS_000670,CUST_00113,2025-01-15,1,92,False,0
SESS_000671,CUST_00140,2025-01-15,4,83,False,0
SESS_000672,CUST_00149,2025-01-15,4,148,False,0
SESS_000673,CUST_00208,2025-01-15,6,665,False,0
SESS_000674,CUST_00011,2025-01-17,1,132,False,0
SESS_000675,CUST_00054,2025-01-17,12,183,False,0
SESS_000676,CUST_00057,2025-01-17,4,394,True,0
SESS_000677,CUST_00179,2025-01-17,5,336,True,0
SESS_000678,CUST_00050,2025-01-18,2,189,False,0
SESS_000679,CUST_00124,2025-01-18,6,51,False,0
SESS_000680,CUST_00141,2025-01-18,12,130,True,0
SESS_000681,CUST_00164,2025-01-18,1,176,False,0
SESS_000682,CUST_00204,2025-01-18,9,708,False,1
SESS_000683,CUST_00208,2025-01-18,18,493,False,0
SESS_000684,CUST_00209,2025-01-18,15,703,False,0
SESS_000685,CUST_00032,2025-01-19,13,312,True,0
SESS_000686,CUST_00118,2025-01-19,12,845,False,0
SESS_000687,CUST_00125,2025-01-19,1,135,False,0
SESS_000688,CUST_00142,2025-01-19,1,165,False,0
SESS_000689,CUST_00186,2025-01-19,2,60,False,0
SESS_000690,CUST_00188,2025-01-19,1,110,False,0
SESS_000691,CUST_00011,2025-01-20,4,120,False,0
SESS_000692,CUST_00063,2025-01-20,1,92,False,0
SESS_000693,CUST_00112,2025-01-20,2,84,False,0
SESS_000694,CUST_00184,2025-01-20,10,322,True,0
SESS_000695,CUST_00209,2025-01-20,5,106,True,0
SESS_000696,CUST_00007,2025-01-21,3,47,False,0
SESS_000697,CUST_00076,2025-01-21,2,153,False,0
SESS_000698,CUST_00106,2025-01-21,17,446,False,0
SESS_000699,CUST_00121,2025-01-21,20,326,False,0
SESS_000700,CUST_00135,2025-01-21,4,101,True,0
SESS_000701,CUST_00158,2025-01-21,3,87,False,0
SESS_000702,CUST_00161,2025-01-21,12,809,False,0
SESS_000703,CUST_00195,2025-01-21,8,396,True,0
SESS_000704,CUST_00198,2025-01-21,7,394,False,0
SESS_000705,CUST_00207,2025-01-21,17,640,False,0
SESS_000706,CUST_00212,2025-01-21,19,845,False,0
SESS_000707,CUST_00102,2025-01-22,14,286,False,0
SESS_000708,CUST_00132,2025-01-22,2,195,False,0
SESS_000709,CUST_00149,2025-01-22,3,265,True,0
SESS_000710,CUST_00163,2025-01-22,16,411,False,0
SESS_000711,CUST_00019,2025-01-23,1,18,False,0
SESS_000712,CUST_00047,2025-01-23,1,148,False,0
SESS_000713,CUST_00198,2025-01-23,8,958,False,0
SESS_000714,CUST_00148,2025-01-24,2,61,False,0
SESS_000715,CUST_00195,2025-01-24,4,129,False,0
SESS_000716,CUST_00093,2025-01-25,2,117,False,0
SESS_000717,CUST_00117,2025-01-25,3,151,True,0
SESS_000718,CUST_00172,2025-01-25,1,18,False,0
SESS_000719,CUST_00187,2025-01-25,18,644,False,0
SESS_000720,CUST_00206,2025-01-25,3,62,False,0
SESS_000721,CUST_00001,2025-01-26,13,893,False,0
SESS_000722,CUST_00078,2025-01-26,11,284,False,0
SESS_000723,CUST_00116,2025-01-26,4,35,False,0
SESS_000724,CUST_00119,2025-01-26,6,232,False,0
SESS_000725,CUST_00185,2025-01-26,2,92,False,0
SESS_000726,CUST_00196,2025-01-26,10,379,True,0
SESS_000727,CUST_00204,2025-01-26,1,221,False,1
SESS_000728,CUST_00169,2025-01-27,14,193,False,0
SESS_000729,CUST_00172,2025-01-27,9,253,True,1
SESS_000730,CUST_00051,2025-01-28,6,17,False,0
SESS_000731,CUST_00154,2025-01-28,6,191,False,0
SESS_000732,CUST_00194,2025-01-28,10,149,True,0
SESS_000733,CUST_00043,2025-01-29,22,674,False,0
SESS_000734,CUST_00166,2025-01-29,2,22,False,0
SESS_000735,CUST_00188,2025-01-29,13,507,False,0
SESS_000736,CUST_00211,2025-01-29,1,138,False,0
SESS_000737,CUST_00123,2025-01-30,3,125,False,0
SESS_000738,CUST_00202,2025-01-30,22,401,False,0
SESS_000739,CUST_00218,2025-01-30,22,766,False,0
SESS_000740,CUST_00046,2025-01-31,1,196,False,0
SESS_000741,CUST_00077,2025-01-31,13,322,True,0
SESS_000742,CUST_00121,2025-01-31,11,363,False,0
SESS_000743,CUST_00140,2025-01-31,3,78,False,0
SESS_000744,CUST_00163,2025-01-31,1,118,False,0
SESS_000745,CUST_00030,2025-02-01,3,235,False,0
SESS_000746,CUST_00050,2025-02-01,16,689,False,0
SESS_000747,CUST_00088,2025-02-01,20,368,False,0
SESS_000748,CUST_00103,2025-02-01,12,209,True,0
SESS_000749,CUST_00134,2025-02-01,1,45,False,0
SESS_000750,CUST_00159,2025-02-01,22,759,False,0
SESS_000751,CUST_00191,2025-02-01,21,889,False,0
SESS_000752,CUST_00008,2025-02-02,1,47,False,0
SESS_000753,CUST_00071,2025-02-02,2,105,False,0
SESS_000754,CUST_00139,2025-02-02,9,797,False,0
SESS_000755,CUST_00203,2025-02-02,5,400,False,0
SESS_000756,CUST_00210,2025-02-02,8,301,False,0
SESS_000757,CUST_00074,2025-02-03,1,212,False,0
SESS_000758,CUST_00118,2025-02-03,3,116,False,0
SESS_000759,CUST_00159,2025-02-03,22,955,False,0
SESS_000760,CUST_00219,2025-02-03,16,521,False,0
SESS_000761,CUST_00220,2025-02-03,2,97,False,0
SESS_000762,CUST_00046,2025-02-04,6,149,True,0
SESS_000763,CUST_00127,2025-02-04,9,815,False,0
SESS_000764,CUST_00206,2025-02-04,6,320,True,0
SESS_000765,CUST_00125,2025-02-05,1,216,False,0
SESS_000766,CUST_00189,2025-02-05,3,166,True,0
SESS_000767,CUST_00198,2025-02-05,9,794,False,0
SESS_000768,CUST_00209,2025-02-05,2,115,False,0
SESS_000769,CUST_00214,2025-02-05,4,231,False,0
SESS_000770,CUST_00015,2025-02-06,1,218,False,0
SESS_000771,CUST_00080,2025-02-06,3,36,False,0
SESS_000772,CUST_00188,2025-02-06,6,168,False,0
SESS_000773,CUST_00213,2025-02-06,8,618,False,1
SESS_000774,CUST_00143,2025-02-07,2,114,False,0
SESS_000775,CUST_00155,2025-02-07,12,689,False,0
SESS_000776,CUST_00200,2025-02-07,3,217,False,0
SESS_000777,CUST_00221,2025-02-07,3,159,False,0
SESS_000778,CUST_00068,2025-02-08,2,96,False,0
SESS_000779,CUST_00175,2025-02-08,19,579,False,0
SESS_000780,CUST_00178,2025-02-08,5,371,False,0
SESS_000781,CUST_00215,2025-02-08,7,207,False,0
SESS_000782,CUST_00216,2025-02-08,18,260,False,0
SESS_000783,CUST_00221,2025-02-08,3,208,False,0
SESS_000784,CUST_00128,2025-02-09,2,224,False,0
SESS_000785,CUST_00209,2025-02-09,4,88,True,0
SESS_000786,CUST_00220,2025-02-09,9,315,True,0
SESS_000787,CUST_00223,2025-02-09,22,534,False,0
SESS_000788,CUST_00013,2025-02-10,1,54,False,0
SESS_000789,CUST_00015,2025-02-10,2,144,False,0
SESS_000790,CUST_00123,2025-02-10,6,115,False,0
SESS_000791,CUST_00165,2025-02-10,18,227,False,0
SESS_000792,CUST_00175,2025-02-10,20,267,False,0
SESS_000793,CUST_00220,2025-02-10,19,423,False,0
SESS_000794,CUST_00001,2025-02-11,6,381,True,0
SESS_000795,CUST_00132,2025-02-11,6,138,False,0
SESS_000796,CUST_00090,2025-02-12,2,43,False,0
SESS_000797,CUST_00164,2025-02-12,1,93,False,0
SESS_000798,CUST_00170,2025-02-12,1,178,False,0
SESS_000799,CUST_00187,2025-02-12,2,194,False,0
SESS_000800,CUST_00191,2025-02-12,13,341,False,0
SESS_000801,CUST_00020,2025-02-13,6,185,False,0
SESS_000802,CUST_00041,2025-02-13,4,53,False,0
SESS_000803,CUST_00080,2025-02-13,1,61,False,0
SESS_000804,CUST_00088,2025-02-13,13,487,False,0
SESS_000805,CUST_00117,2025-02-13,1,88,False,0
SESS_000806,CUST_00125,2025-02-13,12,852,False,1
SESS_000807,CUST_00130,2025-02-13,12,412,True,0
SESS_000808,CUST_00155,2025-02-13,3,399,True,0
SESS_000809,CUST_00191,2025-02-13,6,576,False,0
SESS_000810,CUST_00221,2025-02-13,7,181,False,1
SESS_000811,CUST_00007,2025-02-14,2,36,False,0
SESS_000812,CUST_00014,2025-02-14,9,315,True,0
SESS_000813,CUST_00019,2025-02-14,2,205,False,0
SESS_000814,CUST_00060,2025-02-14,1,204,False,0
SESS_000815,CUST_00133,2025-02-14,5,439,False,0
SESS_000816,CUST_00224,2025-02-14,14,788,False,0
SESS_000817,CUST_00169,2025-02-15,14,383,False,0
SESS_000818,CUST_00171,2025-02-15,20,712,False,0
SESS_000819,CUST_00210,2025-02-15,15,369,False,0
SESS_000820,CUST_00043,2025-02-16,3,344,True,0
SESS_000821,CUST_00152,2025-02-16,2,141,False,0
SESS_000822,CUST_00195,2025-02-16,6,117,True,0
SESS_000823,CUST_00200,2025-02-16,4,106,False,0
SESS_000824,CUST_00212,2025-02-16,1,26,False,0
SESS_000825,CUST_00214,2025-02-16,18,437,False,0
SESS_000826,CUST_00229,2025-02-16,13,217,False,0
SESS_000827,CUST_00017,2025-02-17,2,59,False,0
SESS_000828,CUST_00034,2025-02-17,1,224,False,0
SESS_000829,CUST_00069,2025-02-17,20,735,False,0
SESS_000830,CUST_00227,2025-02-17,15,216,False,0
SESS_000831,CUST_00011,2025-02-18,21,326,False,1
SESS_000832,CUST_00065,2025-02-18,1,154,False,0
SESS_000833,CUST_00095,2025-02-18,5,291,True,0
SESS_000834,CUST_00144,2025-02-18,5,896,False,1
SESS_000835,CUST_00191,2025-02-18,13,332,True,0
SESS_000836,CUST_00215,2025-02-18,7,266,False,0
SESS_000837,CUST_00072,2025-02-19,1,239,False,0
SESS_000838,CUST_00162,2025-02-19,13,368,False,0
SESS_000839,CUST_00167,2025-02-19,14,662,False,0
SESS_000840,CUST_00191,2025-02-19,9,640,False,0
SESS_000841,CUST_00214,2025-02-19,3,190,False,0
SESS_000842,CUST_00226,2025-02-19,13,183,False,0
SESS_000843,CUST_00096,2025-02-20,2,122,False,0
SESS_000844,CUST_00139,2025-02-20,21,782,False,0
SESS_000845,CUST_00198,2025-02-20,10,378,False,0
SESS_000846,CUST_00203,2025-02-20,1,222,False,0
SESS_000847,CUST_00220,2025-02-20,4,130,False,0
SESS_000848,CUST_00118,2025-02-21,21,948,False,0
SESS_000849,CUST_00142,2025-02-21,1,69,False,0
SESS_000850,CUST_00191,2025-02-21,15,534,False,0
SESS_000851,CUST_00200,2025-02-21,1,77,False,0
SESS_000852,CUST_00207,2025-02-21,4,129,False,0
SESS_000853,CUST_00137,2025-02-22,1,28,False,0
SESS_000854,CUST_00153,2025-02-22,4,71,False,0
SESS_000855,CUST_00233,2025-02-22,13,399,True,0
SESS_000856,CUST_00187,2025-02-23,18,814,False,0
SESS_000857,CUST_00209,2025-02-23,1,62,False,0
SESS_000858,CUST_00220,2025-02-23,1,41,False,0
SESS_000859,CUST_00225,2025-02-23,13,131,True,0
SESS_000860,CUST_00009,2025-02-24,7,136,True,0
SESS_000861,CUST_00146,2025-02-24,2,184,False,0
SESS_000862,CUST_00162,2025-02-24,14,803,False,0
SESS_000863,CUST_00193,2025-02-24,2,100,False,0
SESS_000864,CUST_00231,2025-02-24,4,78,False,0
SESS_000865,CUST_00012,2025-02-25,12,194,True,0
SESS_000866,CUST_00024,2025-02-25,4,217,False,0
SESS_000867,CUST_00117,2025-02-25,16,427,False,1
SESS_000868,CUST_00140,2025-02-25,3,234,False,0
SESS_000869,CUST_00159,2025-02-25,10,348,False,0
SESS_000870,CUST_00178,2025-02-25,3,143,False,0
SESS_000871,CUST_00205,2025-02-25,20,203,False,0
SESS_000872,CUST_00210,2025-02-25,2,39,False,0
SESS_000873,CUST_00229,2025-02-25,3,99,False,0
SESS_000874,CUST_00050,2025-02-26,11,194,False,1
SESS_000875,CUST_00079,2025-02-26,13,246,True,0
SESS_000876,CUST_00033,2025-02-27,2,91,False,0
SESS_000877,CUST_00091,2025-02-27,4,120,False,0
SESS_000878,CUST_00106,2025-02-27,1,96,False,0
SESS_000879,CUST_00001,2025-02-28,3,69,False,0
SESS_000880,CUST_00054,2025-02-28,10,756,False,0
SESS_000881,CUST_00143,2025-02-28,1,39,False,0
SESS_000882,CUST_00150,2025-02-28,7,874,False,0
SESS_000883,CUST_00228,2025-02-28,16,745,False,0
SESS_000884,CUST_00147,2025-03-01,2,39,False,0
SESS_000885,CUST_00164,2025-03-01,1,219,False,0
SESS_000886,CUST_00191,2025-03-01,19,575,False,0
SESS_000887,CUST_00231,2025-03-01,17,720,False,0
SESS_000888,CUST_00235,2025-03-01,9,278,False,0
SESS_000889,CUST_00077,2025-03-02,1,56,False,0
SESS_000890,CUST_00120,2025-03-02,7,466,True,0
SESS_000891,CUST_00125,2025-03-02,14,954,False,0
SESS_000892,CUST_00187,2025-03-02,1,159,False,0
SESS_000893,CUST_00190,2025-03-02,6,866,False,0
SESS_000894,CUST_00214,2025-03-02,9,183,False,1
SESS_000895,CUST_00222,2025-03-02,11,278,False,0
SESS_000896,CUST_00232,2025-03-02,2,164,False,0
SESS_000897,CUST_00235,2025-03-02,2,140,False,0
SESS_000898,CUST_00079,2025-03-03,3,429,True,0
SESS_000899,CUST_00095,2025-03-03,6,303,True,0
SESS_000900,CUST_00114,2025-03-03,10,465,True,0
SESS_000901,CUST_00138,2025-03-03,4,179,False,0
SESS_000902,CUST_00141,2025-03-03,3,43,False,0
SESS_000903,CUST_00151,2025-03-03,3,422,True,0
SESS_000904,CUST_00159,2025-03-03,4,234,False,0
SESS_000905,CUST_00191,2025-03-03,7,664,False,1
SESS_000906,CUST_00238,2025-03-03,3,38,False,0
SESS_000907,CUST_00030,2025-03-04,3,228,False,0
SESS_000908,CUST_00077,2025-03-04,4,209,False,0
SESS_000909,CUST_00081,2025-03-04,2,23,False,0
SESS_000910,CUST_00088,2025-03-04,1,184,False,0
SESS_000911,CUST_00191,2025-03-04,5,644,False,0
SESS_000912,CUST_00211,2025-03-04,22,832,False,1
SESS_000913,CUST_00214,2025-03-04,7,409,False,0
SESS_000914,CUST_00216,2025-03-04,7,354,True,0
SESS_000915,CUST_00232,2025-03-04,8,476,True,0
SESS_000916,CUST_00233,2025-03-04,8,111,True,0
SESS_000917,CUST_00239,2025-03-04,17,219,False,0
SESS_000918,CUST_00084,2025-03-05,3,143,True,0
SESS_000919,CUST_00102,2025-03-05,12,344,True,0
SESS_000920,CUST_00158,2025-03-05,9,338,True,0
SESS_000921,CUST_00176,2025-03-05,6,462,True,0
SESS_000922,CUST_00215,2025-03-05,20,861,False,0
SESS_000923,CUST_00225,2025-03-05,1,152,False,0
SESS_000924,CUST_00233,2025-03-05,16,656,False,0
SESS_000925,CUST_00035,2025-03-06,1,160,False,0
SESS_000926,CUST_00083,2025-03-06,1,163,False,0
SESS_000927,CUST_00167,2025-03-06,1,203,False,0
SESS_000928,CUST_00188,2025-03-06,14,489,False,0
SESS_000929,CUST_00240,2025-03-06,9,771,False,0
SESS_000930,CUST_00241,2025-03-06,14,746,False,0
SESS_000931,CUST_00078,2025-03-07,21,189,False,0
SESS_000932,CUST_00094,2025-03-07,13,238,True,0
SESS_000933,CUST_00150,2025-03-07,3,26,False,0
SESS_000934,CUST_00151,2025-03-07,1,239,False,0
SESS_000935,CUST_00168,2025-03-07,9,318,True,0
SESS_000936,CUST_00171,2025-03-07,11,585,False,0
SESS_000937,CUST_00205,2025-03-07,6,214,True,0
SESS_000938,CUST_00236,2025-03-07,7,507,False,0
SESS_000939,CUST_00242,2025-03-07,7,156,True,0
SESS_000940,CUST_00036,2025-03-08,1,164,False,0
SESS_000941,CUST_00143,2025-03-08,4,80,False,0
SESS_000942,CUST_00156,2025-03-08,2,233,False,0
SESS_000943,CUST_00238,2025-03-08,21,253,False,0
SESS_000944,CUST_00049,2025-03-09,2,157,False,0
SESS_000945,CUST_00155,2025-03-09,16,488,False,0
SESS_000946,CUST_00158,2025-03-09,1,149,False,0
SESS_000947,CUST_00242,2025-03-09,13,296,False,0
SESS_000948,CUST_00121,2025-03-10,9,319,False,0
SESS_000949,CUST_00159,2025-03-10,1,160,False,0
SESS_000950,CUST_00210,2025-03-10,10,80,True,0
SESS_000951,CUST_00243,2025-03-10,1,117,False,0
SESS_000952,CUST_00060,2025-03-11,21,850,False,0
SESS_000953,CUST_00104,2025-03-11,4,51,False,0
SESS_000954,CUST_00106,2025-03-11,1,45,False,0
SESS_000955,CUST_00169,2025-03-11,4,127,True,0
SESS_000956,CUST_00179,2025-03-11,4,94,False,0
SESS_000957,CUST_00233,2025-03-11,2,20,False,0
SESS_000958,CUST_00233,2025-03-11,4,129,False,0
SESS_000959,CUST_00240,2025-03-11,6,40,False,0
SESS_000960,CUST_00078,2025-03-12,2,89,False,0
SESS_000961,CUST_00138,2025-03-12,1,88,False,0
SESS_000962,CUST_00208,2025-03-12,9,345,False,0
SESS_000963,CUST_00225,2025-03-12,4,198,False,0
SESS_000964,CUST_00040,2025-03-13,7,301,True,0
SESS_000965,CUST_00048,2025-03-13,6,182,False,0
SESS_000966,CUST_00051,2025-03-13,1,146,False,0
SESS_000967,CUST_00130,2025-03-13,3,25,False,0
SESS_000968,CUST_00150,2025-03-13,1,28,False,0
SESS_000969,CUST_00156,2025-03-13,1,165,False,0
SESS_000970,CUST_00171,2025-03-13,20,752,False,0
SESS_000971,CUST_00188,2025-03-13,16,475,False,0
SESS_000972,CUST_00215,2025-03-13,13,188,True,0
SESS_000973,CUST_00038,2025-03-14,1,34,False,0
SESS_000974,CUST_00062,2025-03-15,3,239,False,0
SESS_000975,CUST_00082,2025-03-15,3,71,False,0
SESS_000976,CUST_00118,2025-03-15,1,16,False,0
SESS_000977,CUST_00124,2025-03-15,11,110,True,0
SESS_000978,CUST_00127,2025-03-15,1,176,False,0
SESS_000979,CUST_00164,2025-03-15,14,790,False,0
SESS_000980,CUST_00219,2025-03-15,6,758,False,0
SESS_000981,CUST_00236,2025-03-15,12,144,True,0
SESS_000982,CUST_00210,2025-03-16,12,261,False,0
SESS_000983,CUST_00212,2025-03-16,13,341,True,0
SESS_000984,CUST_00214,2025-03-16,14,257,False,0
SESS_000985,CUST_00232,2025-03-16,17,855,False,0
SESS_000986,CUST_00096,2025-03-17,10,272,True,0
SESS_000987,CUST_00133,2025-03-17,5,360,True,0
SESS_000988,CUST_00212,2025-03-17,2,233,False,0
SESS_000989,CUST_00221,2025-03-17,4,138,False,0
SESS_000990,CUST_00031,2025-03-18,3,92,False,0
SESS_000991,CUST_00184,2025-03-18,3,156,False,0
SESS_000992,CUST_00190,2025-03-18,4,60,False,0
SESS_000993,CUST_00211,2025-03-18,12,760,False,1
SESS_000994,CUST_00244,2025-03-18,3,163,False,0
SESS_000995,CUST_00053,2025-03-19,3,99,False,0
SESS_000996,CUST_00078,2025-03-19,11,654,False,0
SESS_000997,CUST_00119,2025-03-19,4,172,False,0
SESS_000998,CUST_00139,2025-03-19,19,741,False,0
SESS_000999,CUST_00245,2025-03-19,11,499,False,0
SESS_001000,CUST_00250,2025-03-19,16,487,False,0
SESS_001001,CUST_00251,2025-03-19,8,943,False,0
SESS_001002,CUST_00057,2025-03-20,4,26,False,0
SESS_001003,CUST_00170,2025-03-20,4,350,True,0
SESS_001004,CUST_00177,2025-03-20,1,234,False,0
SESS_001005,CUST_00214,2025-03-20,6,333,False,0
SESS_001006,CUST_00217,2025-03-20,15,909,False,0
SESS_001007,CUST_00248,2025-03-20,11,487,False,0
SESS_001008,CUST_00003,2025-03-21,8,325,True,0
SESS_001009,CUST_00076,2025-03-21,2,137,False,0
SESS_001010,CUST_00119,2025-03-21,1,205,False,0
SESS_001011,CUST_00137,2025-03-21,3,32,False,0
SESS_001012,CUST_00158,2025-03-21,6,260,True,0
SESS_001013,CUST_00187,2025-03-21,1,175,False,0
SESS_001014,CUST_00232,2025-03-21,10,307,False,0
SESS_001015,CUST_00235,2025-03-21,6,189,True,0
SESS_001016,CUST_00251,2025-03-21,2,167,False,0
SESS_001017,CUST_00016,2025-03-22,2,74,False,0
SESS_001018,CUST_00158,2025-03-22,11,99,True,0
SESS_001019,CUST_00167,2025-03-22,5,444,False,0
SESS_001020,CUST_00183,2025-03-22,2,228,False,0
SESS_001021,CUST_00197,2025-03-22,2,142,False,0
SESS_001022,CUST_00069,2025-03-23,22,324,False,0
SESS_001023,CUST_00117,2025-03-23,13,767,False,0
SESS_001024,CUST_00119,2025-03-23,11,396,False,0
SESS_001025,CUST_00177,2025-03-23,18,370,False,0
SESS_001026,CUST_00188,2025-03-23,6,545,False,0
SESS_001027,CUST_00191,2025-03-23,1,171,False,0
SESS_001028,CUST_00032,2025-03-24,6,212,True,0
SESS_001029,CUST_00180,2025-03-24,12,374,True,0
SESS_001030,CUST_00206,2025-03-24,6,167,False,0
SESS_001031,CUST_00214,2025-03-24,6,928,False,0
SESS_001032,CUST_00233,2025-03-24,6,102,True,0
SESS_001033,CUST_00249,2025-03-24,7,215,False,0
SESS_001034,CUST_00067,2025-03-25,1,55,False,0
SESS_001035,CUST_00217,2025-03-25,17,566,False,0
SESS_001036,CUST_00220,2025-03-25,1,77,False,0
SESS_001037,CUST_00238,2025-03-25,6,446,True,1
SESS_001038,CUST_00253,2025-03-25,3,229,True,0
SESS_001039,CUST_00091,2025-03-26,8,82,True,0
SESS_001040,CUST_00035,2025-03-27,3,207,False,0
SESS_001041,CUST_00075,2025-03-27,2,167,False,0
SESS_001042,CUST_00081,2025-03-27,4,137,True,0
SESS_001043,CUST_00098,2025-03-27,2,87,False,0
SESS_001044,CUST_00104,2025-03-27,8,282,True,0
SESS_001045,CUST_00121,2025-03-27,9,376,False,0
SESS_001046,CUST_00172,2025-03-27,1,129,False,0
SESS_001047,CUST_00021,2025-03-28,4,123,False,0
SESS_001048,CUST_00133,2025-03-28,10,776,False,0
SESS_001049,CUST_00194,2025-03-28,2,96,False,0
SESS_001050,CUST_00215,2025-03-28,18,883,False,0
SESS_001051,CUST_00218,2025-03-28,10,319,True,0
SESS_001052,CUST_00234,2025-03-28,1,153,False,0
SESS_001053,CUST_00142,2025-03-29,1,131,False,0
SESS_001054,CUST_00170,2025-03-29,10,278,True,0
SESS_001055,CUST_00213,2025-03-29,2,52,False,0
SESS_001056,CUST_00217,2025-03-29,6,205,False,0
SESS_001057,CUST_00253,2025-03-29,16,946,False,0
SESS_001058,CUST_00041,2025-03-30,4,461,True,0
SESS_001059,CUST_00169,2025-03-30,21,417,False,0
SESS_001060,CUST_00175,2025-03-30,18,661,False,0
SESS_001061,CUST_00191,2025-03-30,12,255,False,0
SESS_001062,CUST_00201,2025-03-30,2,183,False,0
SESS_001063,CUST_00205,2025-03-30,1,85,False,0
SESS_001064,CUST_00247,2025-03-30,15,236,False,1
SESS_001065,CUST_00172,2025-03-31,6,26,False,0
SESS_001066,CUST_00191,2025-03-31,14,308,False,0
SESS_001067,CUST_00227,2025-03-31,4,271,True,0
SESS_001068,CUST_00238,2025-03-31,1,38,False,0
SESS_001069,CUST_00243,2025-03-31,4,103,False,0
SESS_001070,CUST_00252,2025-03-31,13,305,False,0
SESS_001071,CUST_00025,2025-04-01,1,134,False,0
SESS_001072,CUST_00045,2025-04-01,4,194,True,0
SESS_001073,CUST_00088,2025-04-01,1,96,False,0
SESS_001074,CUST_00095,2025-04-01,1,126,False,0
SESS_001075,CUST_00099,2025-04-01,4,287,True,0
SESS_001076,CUST_00150,2025-04-01,3,230,False,0
SESS_001077,CUST_00212,2025-04-01,3,190,True,0
SESS_001078,CUST_00226,2025-04-01,11,635,False,0
SESS_001079,CUST_00001,2025-04-02,18,410,False,0
SESS_001080,CUST_00235,2025-04-02,6,433,True,0
SESS_001081,CUST_00256,2025-04-02,4,88,False,0
SESS_001082,CUST_00260,2025-04-02,20,495,False,0
SESS_001083,CUST_00071,2025-04-03,4,302,True,0
SESS_001084,CUST_00125,2025-04-03,3,225,False,0
SESS_001085,CUST_00188,2025-04-03,2,222,False,0
SESS_001086,CUST_00191,2025-04-03,5,782,False,0
SESS_001087,CUST_00197,2025-04-03,9,878,False,0
SESS_001088,CUST_00246,2025-04-03,1,215,False,0
SESS_001089,CUST_00259,2025-04-03,15,914,False,0
SESS_001090,CUST_00049,2025-04-04,3,206,False,0
SESS_001091,CUST_00128,2025-04-04,3,262,True,0
SESS_001092,CUST_00165,2025-04-04,8,234,True,0
SESS_001093,CUST_00188,2025-04-04,11,386,False,0
SESS_001094,CUST_00180,2025-04-05,5,380,True,0
SESS_001095,CUST_00249,2025-04-05,4,68,False,0
SESS_001096,CUST_00255,2025-04-05,16,320,False,0
SESS_001097,CUST_00036,2025-04-06,2,214,False,0
SESS_001098,CUST_00238,2025-04-06,1,224,False,0
SESS_001099,CUST_00253,2025-04-06,1,79,False,0
SESS_001100,CUST_00030,2025-04-07,6,462,True,0
SESS_001101,CUST_00142,2025-04-07,4,171,False,1
SESS_001102,CUST_00171,2025-04-07,20,733,False,0
SESS_001103,CUST_00191,2025-04-07,6,530,False,0
SESS_001104,CUST_00205,2025-04-07,14,594,False,0
SESS_001105,CUST_00234,2025-04-07,3,69,False,0
SESS_001106,CUST_00254,2025-04-07,15,862,False,0
SESS_001107,CUST_00044,2025-04-08,12,323,True,0
SESS_001108,CUST_00078,2025-04-08,6,148,False,0
SESS_001109,CUST_00110,2025-04-08,1,93,False,0
SESS_001110,CUST_00123,2025-04-08,6,395,True,0
SESS_001111,CUST_00199,2025-04-08,3,144,False,0
SESS_001112,CUST_00219,2025-04-08,5,913,False,0
SESS_001113,CUST_00247,2025-04-08,10,370,False,0
SESS_001114,CUST_00055,2025-04-09,2,180,False,0
SESS_001115,CUST_00072,2025-04-09,1,97,False,0
SESS_001116,CUST_00134,2025-04-09,8,385,True,0
SESS_001117,CUST_00160,2025-04-09,2,186,False,0
SESS_001118,CUST_00164,2025-04-09,10,562,False,0
SESS_001119,CUST_00186,2025-04-09,12,456,True,0
SESS_001120,CUST_00213,2025-04-09,2,40,False,0
SESS_001121,CUST_00225,2025-04-09,5,786,False,0
SESS_001122,CUST_00242,2025-04-09,9,279,True,0
SESS_001123,CUST_00102,2025-04-10,4,231,False,0
SESS_001124,CUST_00211,2025-04-10,4,165,True,0
SESS_001125,CUST_00245,2025-04-10,1,86,False,0
SESS_001126,CUST_00261,2025-04-10,4,192,False,0
SESS_001127,CUST_00011,2025-04-11,12,598,False,0
SESS_001128,CUST_00055,2025-04-11,4,177,False,0
SESS_001129,CUST_00109,2025-04-11,4,169,False,0
SESS_001130,CUST_00157,2025-04-11,8,922,False,0
SESS_001131,CUST_00164,2025-04-11,11,612,False,0
SESS_001132,CUST_00190,2025-04-11,20,923,False,0
SESS_001133,CUST_00247,2025-04-11,11,282,False,0
SESS_001134,CUST_00036,2025-04-12,4,191,False,0
SESS_001135,CUST_00039,2025-04-12,1,127,False,0
SESS_001136,CUST_00055,2025-04-12,7,377,False,1
SESS_001137,CUST_00076,2025-04-12,3,195,False,0
SESS_001138,CUST_00113,2025-04-12,1,163,False,0
SESS_001139,CUST_00187,2025-04-12,4,172,False,0
SESS_001140,CUST_00243,2025-04-12,11,272,False,0
SESS_001141,CUST_00243,2025-04-12,1,234,False,0
SESS_001142,CUST_00257,2025-04-12,6,542,False,0
SESS_001143,CUST_00261,2025-04-12,5,430,False,0
SESS_001144,CUST_00263,2025-04-12,14,594,False,0
SESS_001145,CUST_00119,2025-04-13,17,446,False,0
SESS_001146,CUST_00190,2025-04-13,1,139,False,0
SESS_001147,CUST_00219,2025-04-13,20,299,False,0
SESS_001148,CUST_00222,2025-04-13,3,431,True,0
SESS_001149,CUST_00234,2025-04-13,1,206,False,0
SESS_001150,CUST_00254,2025-04-13,20,951,False,0
SESS_001151,CUST_00259,2025-04-13,19,758,False,0
SESS_001152,CUST_00078,2025-04-14,16,665,False,0
SESS_001153,CUST_00121,2025-04-14,21,447,False,0
SESS_001154,CUST_00149,2025-04-14,11,310,True,0
SESS_001155,CUST_00188,2025-04-14,1,185,False,0
SESS_001156,CUST_00224,2025-04-14,2,190,False,0
SESS_001157,CUST_00190,2025-04-15,2,41,False,0
SESS_001158,CUST_00265,2025-04-15,16,799,False,0
SESS_001159,CUST_00265,2025-04-15,1,199,False,0
SESS_001160,CUST_00003,2025-04-16,8,137,True,0
SESS_001161,CUST_00083,2025-04-16,2,64,False,0
SESS_001162,CUST_00188,2025-04-16,1,234,False,0
SESS_001163,CUST_00215,2025-04-16,10,678,False,1
SESS_001164,CUST_00246,2025-04-16,13,396,True,0
SESS_001165,CUST_00259,2025-04-16,8,900,False,0
SESS_001166,CUST_00096,2025-04-17,3,30,False,1
SESS_001167,CUST_00162,2025-04-17,14,954,False,0
SESS_001168,CUST_00167,2025-04-17,20,228,False,0
SESS_001169,CUST_00217,2025-04-17,19,280,False,0
SESS_001170,CUST_00143,2025-04-18,2,48,False,0
SESS_001171,CUST_00216,2025-04-18,1,183,False,0
SESS_001172,CUST_00200,2025-04-19,7,899,False,0
SESS_001173,CUST_00201,2025-04-19,2,155,False,0
SESS_001174,CUST_00217,2025-04-19,19,673,False,0
SESS_001175,CUST_00236,2025-04-19,1,97,False,0
SESS_001176,CUST_00170,2025-04-20,3,183,False,0
SESS_001177,CUST_00264,2025-04-20,12,746,False,0
SESS_001178,CUST_00264,2025-04-20,2,41,False,0
SESS_001179,CUST_00031,2025-04-21,1,20,False,0
SESS_001180,CUST_00047,2025-04-21,1,202,False,0
SESS_001181,CUST_00133,2025-04-21,13,193,True,0
SESS_001182,CUST_00142,2025-04-21,4,106,False,0
SESS_001183,CUST_00155,2025-04-21,10,694,False,0
SESS_001184,CUST_00167,2025-04-21,11,280,True,0
SESS_001185,CUST_00178,2025-04-21,4,165,False,0
SESS_001186,CUST_00034,2025-04-22,3,192,False,0
SESS_001187,CUST_00055,2025-04-22,8,248,True,0
SESS_001188,CUST_00074,2025-04-22,3,232,False,0
SESS_001189,CUST_00105,2025-04-22,6,548,False,0
SESS_001190,CUST_00116,2025-04-22,6,201,False,0
SESS_001191,CUST_00144,2025-04-22,9,162,True,0
SESS_001192,CUST_00184,2025-04-22,4,207,False,0
SESS_001193,CUST_00217,2025-04-22,1,211,False,0
SESS_001194,CUST_00260,2025-04-22,1,22,False,0
SESS_001195,CUST_00116,2025-04-23,6,78,True,0
SESS_001196,CUST_00157,2025-04-23,14,447,False,0
SESS_001197,CUST_00174,2025-04-23,3,188,True,0
SESS_001198,CUST_00239,2025-04-23,2,55,False,0
SESS_001199,CUST_00255,2025-04-23,3,105,False,1
SESS_001200,CUST_00127,2025-04-24,11,221,True,0
SESS_001201,CUST_00156,2025-04-24,2,128,False,0
SESS_001202,CUST_00158,2025-04-24,11,85,True,0
SESS_001203,CUST_00259,2025-04-24,6,708,False,0
SESS_001204,CUST_00003,2025-04-25,2,42,False,0
SESS_001205,CUST_00098,2025-04-25,2,84,False,0
SESS_001206,CUST_00111,2025-04-25,2,73,False,0
SESS_001207,CUST_00121,2025-04-25,15,211,False,0
SESS_001208,CUST_00137,2025-04-25,2,228,False,0
SESS_001209,CUST_00173,2025-04-25,10,330,True,0
SESS_001210,CUST_00179,2025-04-25,2,105,False,0
SESS_001211,CUST_00102,2025-04-26,9,953,False,0
SESS_001212,CUST_00121,2025-04-26,1,32,False,1
SESS_001213,CUST_00125,2025-04-26,10,876,False,0
SESS_001214,CUST_00208,2025-04-26,2,139,False,0
SESS_001215,CUST_00215,2025-04-26,11,919,False,0
SESS_001216,CUST_00236,2025-04-26,4,237,False,0
SESS_001217,CUST_00238,2025-04-26,1,59,False,0
SESS_001218,CUST_00256,2025-04-26,18,694,False,0
SESS_001219,CUST_00256,2025-04-26,18,756,False,0
SESS_001220,CUST_00029,2025-04-27,2,153,False,0
SESS_001221,CUST_00070,2025-04-27,8,420,True,0
SESS_001222,CUST_00108,2025-04-27,11,283,True,0
SESS_001223,CUST_00212,2025-04-27,9,368,True,0
SESS_001224,CUST_00246,2025-04-27,1,172,False,0
SESS_001225,CUST_00266,2025-04-27,21,618,False,0
SESS_001226,CUST_00140,2025-04-28,2,83,False,0
SESS_001227,CUST_00173,2025-04-28,3,150,False,0
SESS_001228,CUST_00184,2025-04-28,1,77,False,0
SESS_001229,CUST_00198,2025-04-28,10,507,False,0
SESS_001230,CUST_00258,2025-04-28,15,576,False,0
SESS_001231,CUST_00265,2025-04-28,2,97,False,0
SESS_001232,CUST_00062,2025-04-29,4,132,False,0
SESS_001233,CUST_00065,2025-04-29,1,119,False,0
SESS_001234,CUST_00068,2025-04-29,2,140,False,0
SESS_001235,CUST_00170,2025-04-29,10,246,True,0
SESS_001236,CUST_00177,2025-04-29,1,17,False,0
SESS_001237,CUST_00220,2025-04-29,4,83,True,0
SESS_001238,CUST_00245,2025-04-29,12,447,False,0
SESS_001239,CUST_00272,2025-04-29,2,200,False,0
SESS_001240,CUST_00196,2025-04-30,6,275,True,0
SESS_001241,CUST_00218,2025-04-30,1,183,False,0
SESS_001242,CUST_00275,2025-04-30,13,523,False,0
SESS_001243,CUST_00058,2025-05-01,1,27,False,0
SESS_001244,CUST_00110,2025-05-01,7,691,False,0
SESS_001245,CUST_00133,2025-05-01,19,251,False,0
SESS_001246,CUST_00258,2025-05-01,2,217,False,0
SESS_001247,CUST_00272,2025-05-01,10,195,False,0
SESS_001248,CUST_00055,2025-05-02,4,205,False,0
SESS_001249,CUST_00102,2025-05-02,1,94,False,0
SESS_001250,CUST_00269,2025-05-02,11,349,True,0
SESS_001251,CUST_00083,2025-05-03,1,99,False,0
SESS_001252,CUST_00121,2025-05-03,5,228,True,0
SESS_001253,CUST_00149,2025-05-03,1,45,False,0
SESS_001254,CUST_00197,2025-05-03,9,307,True,0
SESS_001255,CUST_00267,2025-05-03,19,334,False,0
SESS_001256,CUST_00273,2025-05-03,21,851,False,0
SESS_001257,CUST_00125,2025-05-04,3,60,False,0
SESS_001258,CUST_00174,2025-05-04,3,51,False,0
SESS_001259,CUST_00032,2025-05-05,2,111,False,0
SESS_001260,CUST_00091,2025-05-05,1,160,False,0
SESS_001261,CUST_00105,2025-05-05,3,114,False,0
SESS_001262,CUST_00145,2025-05-05,10,401,False,0
SESS_001263,CUST_00145,2025-05-05,1,109,False,0
SESS_001264,CUST_00152,2025-05-05,1,23,False,0
SESS_001265,CUST_00202,2025-05-05,21,700,False,1
SESS_001266,CUST_00230,2025-05-05,22,602,False,0
SESS_001267,CUST_00230,2025-05-05,1,122,False,0
SESS_001268,CUST_00238,2025-05-05,8,371,True,0
SESS_001269,CUST_00239,2025-05-05,1,76,False,0
SESS_001270,CUST_00268,2025-05-05,21,890,False,0
SESS_001271,CUST_00271,2025-05-05,20,394,False,1
SESS_001272,CUST_00271,2025-05-05,2,61,False,0
SESS_001273,CUST_00036,2025-05-06,1,136,False,0
SESS_001274,CUST_00077,2025-05-06,18,378,False,0
SESS_001275,CUST_00091,2025-05-06,3,160,False,0
SESS_001276,CUST_00172,2025-05-06,3,234,False,0
SESS_001277,CUST_00262,2025-05-06,5,236,True,0
SESS_001278,CUST_00278,2025-05-06,18,923,False,0
SESS_001279,CUST_00025,2025-05-07,14,198,False,0
SESS_001280,CUST_00157,2025-05-07,4,293,True,0
SESS_001281,CUST_00165,2025-05-07,1,101,False,0
SESS_001282,CUST_00200,2025-05-07,11,526,False,0
SESS_001283,CUST_00210,2025-05-07,6,429,False,0
SESS_001284,CUST_00215,2025-05-07,17,862,False,0
SESS_001285,CUST_00222,2025-05-07,14,491,False,0
SESS_001286,CUST_00241,2025-05-07,5,346,True,0
SESS_001287,CUST_00277,2025-05-07,2,164,False,0
SESS_001288,CUST_00060,2025-05-08,2,219,False,0
SESS_001289,CUST_00167,2025-05-08,20,846,False,0
SESS_001290,CUST_00211,2025-05-08,13,312,True,0
SESS_001291,CUST_00267,2025-05-08,1,117,False,0
SESS_001292,CUST_00030,2025-05-09,13,153,True,0
SESS_001293,CUST_00155,2025-05-09,2,93,False,0
SESS_001294,CUST_00158,2025-05-09,2,207,False,0
SESS_001295,CUST_00161,2025-05-09,5,357,True,0
SESS_001296,CUST_00247,2025-05-09,19,370,False,0
SESS_001297,CUST_00256,2025-05-09,12,673,False,0
SESS_001298,CUST_00269,2025-05-09,20,604,False,0
SESS_001299,CUST_00270,2025-05-09,8,301,True,0
SESS_001300,CUST_00093,2025-05-10,9,337,True,0
SESS_001301,CUST_00180,2025-05-10,8,421,True,0
SESS_001302,CUST_00210,2025-05-10,22,900,False,0
SESS_001303,CUST_00228,2025-05-10,1,17,False,0
SESS_001304,CUST_00257,2025-05-10,1,44,False,0
SESS_001305,CUST_00029,2025-05-11,22,776,False,0
SESS_001306,CUST_00165,2025-05-11,6,554,False,0
SESS_001307,CUST_00215,2025-05-11,17,367,False,0
SESS_001308,CUST_00270,2025-05-11,2,84,False,0
SESS_001309,CUST_00281,2025-05-11,21,942,False,0
SESS_001310,CUST_00001,2025-05-12,16,405,False,0
SESS_001311,CUST_00007,2025-05-12,3,224,False,0
SESS_001312,CUST_00157,2025-05-12,4,214,False,0
SESS_001313,CUST_00260,2025-05-12,3,92,False,0
SESS_001314,CUST_00270,2025-05-12,13,637,False,0
SESS_001315,CUST_00277,2025-05-12,10,350,False,0
SESS_001316,CUST_00047,2025-05-13,2,56,False,0
SESS_001317,CUST_00049,2025-05-13,1,59,False,0
SESS_001318,CUST_00070,2025-05-13,6,205,False,0
SESS_001319,CUST_00107,2025-05-13,10,851,False,0
SESS_001320,CUST_00116,2025-05-13,10,361,True,0
SESS_001321,CUST_00129,2025-05-13,3,36,False,0
SESS_001322,CUST_00133,2025-05-13,13,802,False,0
SESS_001323,CUST_00177,2025-05-13,11,185,False,0
SESS_001324,CUST_00283,2025-05-13,10,184,True,0
SESS_001325,CUST_00032,2025-05-14,3,176,False,0
SESS_001326,CUST_00118,2025-05-14,2,128,False,0
SESS_001327,CUST_00145,2025-05-14,15,270,False,0
SESS_001328,CUST_00161,2025-05-14,11,360,True,0
SESS_001329,CUST_00190,2025-05-14,1,226,False,0
SESS_001330,CUST_00202,2025-05-14,9,287,False,0
SESS_001331,CUST_00031,2025-05-15,3,211,True,0
SESS_001332,CUST_00041,2025-05-15,4,144,False,0
SESS_001333,CUST_00078,2025-05-15,13,958,False,0
SESS_001334,CUST_00161,2025-05-15,21,287,False,0
SESS_001335,CUST_00188,2025-05-15,22,300,False,0
SESS_001336,CUST_00188,2025-05-15,10,945,False,0
SESS_001337,CUST_00214,2025-05-15,12,663,False,0
SESS_001338,CUST_00266,2025-05-15,12,318,True,0
SESS_001339,CUST_00273,2025-05-15,3,81,False,0
SESS_001340,CUST_00022,2025-05-16,2,85,False,0
SESS_001341,CUST_00040,2025-05-16,4,290,True,0
SESS_001342,CUST_00130,2025-05-16,1,86,False,0
SESS_001343,CUST_00138,2025-05-16,2,70,False,0
SESS_001344,CUST_00144,2025-05-16,1,74,False,0
SESS_001345,CUST_00198,2025-05-16,2,202,False,0
SESS_001346,CUST_00223,2025-05-16,1,167,False,0
SESS_001347,CUST_00271,2025-05-16,7,294,True,0
SESS_001348,CUST_00047,2025-05-17,1,172,False,0
SESS_001349,CUST_00065,2025-05-17,4,59,False,0
SESS_001350,CUST_00161,2025-05-17,7,277,True,0
SESS_001351,CUST_00188,2025-05-17,9,697,False,0
SESS_001352,CUST_00226,2025-05-17,10,187,True,0
SESS_001353,CUST_00245,2025-05-17,1,105,False,0
SESS_001354,CUST_00268,2025-05-17,9,139,True,0
SESS_001355,CUST_00285,2025-05-17,9,391,False,0
SESS_001356,CUST_00003,2025-05-18,1,146,False,0
SESS_001357,CUST_00026,2025-05-18,2,236,False,0
SESS_001358,CUST_00110,2025-05-18,17,829,False,0
SESS_001359,CUST_00139,2025-05-18,1,151,False,0
SESS_001360,CUST_00242,2025-05-18,9,172,True,0
SESS_001361,CUST_00256,2025-05-18,2,133,False,0
SESS_001362,CUST_00284,2025-05-18,7,510,False,0
SESS_001363,CUST_00005,2025-05-19,2,173,False,0
SESS_001364,CUST_00020,2025-05-19,9,431,True,0
SESS_001365,CUST_00046,2025-05-19,4,133,False,0
SESS_001366,CUST_00125,2025-05-19,1,185,False,0
SESS_001367,CUST_00198,2025-05-19,9,570,False,0
SESS_001368,CUST_00280,2025-05-19,8,287,True,1
SESS_001369,CUST_00094,2025-05-20,2,87,False,0
SESS_001370,CUST_00125,2025-05-20,2,197,False,0
SESS_001371,CUST_00180,2025-05-20,1,149,False,0
SESS_001372,CUST_00210,2025-05-20,5,240,True,0
SESS_001373,CUST_00281,2025-05-20,4,173,False,0
SESS_001374,CUST_00040,2025-05-21,6,477,True,0
SESS_001375,CUST_00113,2025-05-21,10,252,True,0
SESS_001376,CUST_00120,2025-05-21,2,116,False,0
SESS_001377,CUST_00221,2025-05-21,10,465,True,0
SESS_001378,CUST_00232,2025-05-21,19,689,False,0
SESS_001379,CUST_00266,2025-05-21,4,127,False,0
SESS_001380,CUST_00019,2025-05-22,3,196,False,0
SESS_001381,CUST_00056,2025-05-22,12,283,True,0
SESS_001382,CUST_00101,2025-05-22,2,152,False,0
SESS_001383,CUST_00200,2025-05-22,12,132,True,0
SESS_001384,CUST_00256,2025-05-22,3,166,False,0
SESS_001385,CUST_00023,2025-05-23,6,254,False,0
SESS_001386,CUST_00055,2025-05-23,8,220,False,0
SESS_001387,CUST_00061,2025-05-23,3,133,False,0
SESS_001388,CUST_00152,2025-05-23,6,209,False,0
SESS_001389,CUST_00159,2025-05-23,6,127,False,0
SESS_001390,CUST_00175,2025-05-23,1,63,False,0
SESS_001391,CUST_00236,2025-05-23,8,268,True,0
SESS_001392,CUST_00249,2025-05-23,5,959,False,0
SESS_001393,CUST_00270,2025-05-23,10,539,False,0
SESS_001394,CUST_00285,2025-05-23,13,253,True,0
SESS_001395,CUST_00292,2025-05-23,7,941,False,0
SESS_001396,CUST_00029,2025-05-24,1,92,False,0
SESS_001397,CUST_00129,2025-05-24,6,29,False,0
SESS_001398,CUST_00132,2025-05-24,11,452,True,0
SESS_001399,CUST_00258,2025-05-24,17,829,False,0
SESS_001400,CUST_00282,2025-05-24,2,192,False,0
SESS_001401,CUST_00283,2025-05-24,18,455,False,0
SESS_001402,CUST_00179,2025-05-25,3,102,False,0
SESS_001403,CUST_00198,2025-05-25,21,504,False,0
SESS_001404,CUST_00223,2025-05-25,1,141,False,0
SESS_001405,CUST_00244,2025-05-25,1,237,False,0
SESS_001406,CUST_00057,2025-05-26,3,234,False,0
SESS_001407,CUST_00102,2025-05-26,6,257,True,0
SESS_001408,CUST_00220,2025-05-26,3,150,True,0
SESS_001409,CUST_00270,2025-05-26,8,563,False,0
SESS_001410,CUST_00293,2025-05-26,9,764,False,0
SESS_001411,CUST_00106,2025-05-27,1,233,False,0
SESS_001412,CUST_00155,2025-05-27,1,102,False,0
SESS_001413,CUST_00164,2025-05-27,9,292,False,0
SESS_001414,CUST_00217,2025-05-27,21,254,False,0
SESS_001415,CUST_00269,2025-05-27,5,344,True,0
SESS_001416,CUST_00295,2025-05-27,10,596,False,1
SESS_001417,CUST_00225,2025-05-28,4,159,False,0
SESS_001418,CUST_00253,2025-05-28,3,221,True,0
SESS_001419,CUST_00279,2025-05-28,3,175,False,0
SESS_001420,CUST_00144,2025-05-29,1,57,False,0
SESS_001421,CUST_00171,2025-05-29,7,207,True,0
SESS_001422,CUST_00230,2025-05-29,14,221,False,1
SESS_001423,CUST_00067,2025-05-30,2,103,False,0
SESS_001424,CUST_00087,2025-05-30,1,134,False,0
SESS_001425,CUST_00217,2025-05-30,12,487,False,0
SESS_001426,CUST_00218,2025-05-30,4,33,False,0
SESS_001427,CUST_00221,2025-05-30,4,134,True,0
SESS_001428,CUST_00232,2025-05-30,6,520,False,0
SESS_001429,CUST_00234,2025-05-30,15,380,False,0
SESS_001430,CUST_00268,2025-05-30,9,822,False,0
SESS_001431,CUST_00285,2025-05-30,7,80,True,0
SESS_001432,CUST_00289,2025-05-30,5,294,False,0
SESS_001433,CUST_00290,2025-05-30,13,818,False,0
SESS_001434,CUST_00291,2025-05-30,18,822,False,0
SESS_001435,CUST_00298,2025-05-30,6,207,False,0
SESS_001436,CUST_00137,2025-05-31,3,389,True,0
SESS_001437,CUST_00138,2025-05-31,4,374,True,0
SESS_001438,CUST_00147,2025-05-31,3,227,False,0
SESS_001439,CUST_00156,2025-05-31,2,190,False,0
SESS_001440,CUST_00198,2025-05-31,16,766,False,0
SESS_001441,CUST_00212,2025-05-31,2,46,False,0
SESS_001442,CUST_00258,2025-05-31,12,350,False,0
SESS_001443,CUST_00268,2025-05-31,8,573,False,0
SESS_001444,CUST_00296,2025-05-31,17,542,False,0
SESS_001445,CUST_00097,2025-06-01,4,273,True,0
SESS_001446,CUST_00147,2025-06-01,1,151,False,0
SESS_001447,CUST_00246,2025-06-01,18,247,False,0
SESS_001448,CUST_00271,2025-06-01,3,23,False,0
SESS_001449,CUST_00066,2025-06-02,4,141,True,0
SESS_001450,CUST_00110,2025-06-02,2,123,False,0
SESS_001451,CUST_00203,2025-06-02,2,198,False,0
SESS_001452,CUST_00287,2025-06-02,7,316,False,0
SESS_001453,CUST_00299,2025-06-02,6,490,False,0
SESS_001454,CUST_00115,2025-06-03,4,97,False,0
SESS_001455,CUST_00151,2025-06-03,1,228,False,0
SESS_001456,CUST_00216,2025-06-03,11,354,True,0
SESS_001457,CUST_00226,2025-06-03,8,862,False,0
SESS_001458,CUST_00226,2025-06-03,3,208,False,0
SESS_001459,CUST_00254,2025-06-03,3,242,True,0
SESS_001460,CUST_00259,2025-06-03,2,60,False,0
SESS_001461,CUST_00276,2025-06-03,8,530,False,0
SESS_001462,CUST_00288,2025-06-03,20,287,False,0
SESS_001463,CUST_00288,2025-06-03,22,860,False,0
SESS_001464,CUST_00288,2025-06-03,7,361,True,0
SESS_001465,CUST_00290,2025-06-03,2,191,False,0
SESS_001466,CUST_00298,2025-06-03,6,273,True,0
SESS_001467,CUST_00072,2025-06-04,2,111,False,0
SESS_001468,CUST_00073,2025-06-04,4,226,False,0
SESS_001469,CUST_00106,2025-06-04,16,352,False,0
SESS_001470,CUST_00190,2025-06-04,22,405,False,0
SESS_001471,CUST_00237,2025-06-04,3,60,False,0
SESS_001472,CUST_00258,2025-06-04,1,30,False,0
SESS_001473,CUST_00299,2025-06-04,6,325,True,0
SESS_001474,CUST_00012,2025-06-05,1,211,False,0
SESS_001475,CUST_00136,2025-06-05,4,120,False,0
SESS_001476,CUST_00171,2025-06-05,1,173,False,0
SESS_001477,CUST_00198,2025-06-05,5,621,False,0
SESS_001478,CUST_00205,2025-06-05,11,826,False,0
SESS_001479,CUST_00222,2025-06-05,13,200,False,0
SESS_001480,CUST_00259,2025-06-05,2,182,False,0
SESS_001481,CUST_00029,2025-06-06,5,363,True,0
SESS_001482,CUST_00043,2025-06-06,3,353,True,0
SESS_001483,CUST_00154,2025-06-06,3,41,False,0
SESS_001484,CUST_00160,2025-06-06,1,94,False,0
SESS_001485,CUST_00188,2025-06-06,21,649,False,0
SESS_001486,CUST_00256,2025-06-06,2,54,False,0
SESS_001487,CUST_00260,2025-06-06,4,233,True,0
SESS_001488,CUST_00299,2025-06-06,4,228,False,0
SESS_001489,CUST_00030,2025-06-07,2,233,False,1
SESS_001490,CUST_00120,2025-06-07,1,71,False,0
SESS_001491,CUST_00258,2025-06-07,16,382,False,0
SESS_001492,CUST_00270,2025-06-07,1,62,False,0
SESS_001493,CUST_00277,2025-06-07,6,147,False,0
SESS_001494,CUST_00059,2025-06-08,1,63,False,0
SESS_001495,CUST_00175,2025-06-08,7,425,False,0
SESS_001496,CUST_00200,2025-06-08,16,707,False,0
SESS_001497,CUST_00214,2025-06-08,11,617,False,0
SESS_001498,CUST_00247,2025-06-08,3,464,True,0
SESS_001499,CUST_00258,2025-06-08,2,219,False,0
SESS_001500,CUST_00263,2025-06-08,6,447,True,0
SESS_001501,CUST_00268,2025-06-08,18,391,False,0
SESS_001502,CUST_00300,2025-06-08,9,771,False,0
SESS_001503,CUST_00036,2025-06-09,2,156,False,0
SESS_001504,CUST_00067,2025-06-09,4,61,False,0
SESS_001505,CUST_00149,2025-06-09,4,97,False,0
SESS_001506,CUST_00225,2025-06-09,12,302,True,0
SESS_001507,CUST_00231,2025-06-09,2,73,False,0
SESS_001508,CUST_00238,2025-06-09,3,154,True,0
SESS_001509,CUST_00085,2025-06-10,1,169,False,0
SESS_001510,CUST_00091,2025-06-10,11,180,False,1
SESS_001511,CUST_00127,2025-06-10,6,546,False,0
SESS_001512,CUST_00143,2025-06-10,15,877,False,0
SESS_001513,CUST_00174,2025-06-10,4,55,False,0
SESS_001514,CUST_00188,2025-06-10,20,909,False,0
SESS_001515,CUST_00208,2025-06-10,2,178,False,0
SESS_001516,CUST_00218,2025-06-10,2,232,False,0
SESS_001517,CUST_00256,2025-06-10,2,108,False,0
SESS_001518,CUST_00270,2025-06-10,19,314,False,0
SESS_001519,CUST_00084,2025-06-11,4,159,False,0
SESS_001520,CUST_00119,2025-06-11,11,347,False,0
SESS_001521,CUST_00150,2025-06-11,5,346,False,0
SESS_001522,CUST_00186,2025-06-11,2,201,False,0
SESS_001523,CUST_00286,2025-06-11,13,332,False,0
SESS_001524,CUST_00286,2025-06-11,12,341,False,0
SESS_001525,CUST_00297,2025-06-11,8,376,True,0
SESS_001526,CUST_00297,2025-06-12,10,163,True,0
SESS_001527,CUST_00303,2025-06-12,14,317,False,0
SESS_001528,CUST_00113,2025-06-13,2,70,False,0
SESS_001529,CUST_00128,2025-06-13,4,221,False,0
SESS_001530,CUST_00274,2025-06-13,16,851,False,0
SESS_001531,CUST_00290,2025-06-13,2,40,False,1
SESS_001532,CUST_00042,2025-06-14,1,230,False,0
SESS_001533,CUST_00102,2025-06-14,11,461,False,0
SESS_001534,CUST_00118,2025-06-14,1,26,False,0
SESS_001535,CUST_00155,2025-06-14,2,23,False,0
SESS_001536,CUST_00291,2025-06-14,1,29,False,0
SESS_001537,CUST_00294,2025-06-14,14,458,False,0
SESS_001538,CUST_00064,2025-06-15,7,452,True,0
SESS_001539,CUST_00067,2025-06-15,9,257,True,0
SESS_001540,CUST_00100,2025-06-15,6,37,False,0
SESS_001541,CUST_00128,2025-06-15,6,22,False,0
SESS_001542,CUST_00213,2025-06-15,9,268,True,0
SESS_001543,CUST_00231,2025-06-15,4,85,False,0
SESS_001544,CUST_00270,2025-06-15,19,872,False,0
SESS_001545,CUST_00301,2025-06-15,21,656,False,0
SESS_001546,CUST_00065,2025-06-16,13,110,True,0
SESS_001547,CUST_00095,2025-06-16,4,234,False,0
SESS_001548,CUST_00111,2025-06-16,13,307,True,0
SESS_001549,CUST_00230,2025-06-16,3,209,False,0
SESS_001550,CUST_00306,2025-06-16,2,80,False,0
SESS_001551,CUST_00145,2025-06-17,17,257,False,0
SESS_001552,CUST_00217,2025-06-17,2,87,False,0
SESS_001553,CUST_00075,2025-06-18,2,32,False,0
SESS_001554,CUST_00098,2025-06-18,2,231,False,0
SESS_001555,CUST_00258,2025-06-18,5,269,False,0
SESS_001556,CUST_00263,2025-06-18,2,226,False,0
SESS_001557,CUST_00306,2025-06-18,5,80,True,0
SESS_001558,CUST_00080,2025-06-19,12,433,True,0
SESS_001559,CUST_00091,2025-06-19,4,269,True,0
SESS_001560,CUST_00110,2025-06-19,12,275,False,0
SESS_001561,CUST_00210,2025-06-19,22,768,False,0
SESS_001562,CUST_00213,2025-06-19,1,214,False,0
SESS_001563,CUST_00244,2025-06-19,3,126,False,0
SESS_001564,CUST_00287,2025-06-19,6,450,True,0
SESS_001565,CUST_00305,2025-06-19,17,590,False,0
SESS_001566,CUST_00136,2025-06-20,2,81,False,0
SESS_001567,CUST_00138,2025-06-20,12,285,True,0
SESS_001568,CUST_00192,2025-06-20,2,157,False,0
SESS_001569,CUST_00195,2025-06-20,1,234,False,0
SESS_001570,CUST_00207,2025-06-20,4,474,True,0
SESS_001571,CUST_00234,2025-06-20,6,432,False,0
SESS_001572,CUST_00240,2025-06-20,6,184,False,0
SESS_001573,CUST_00306,2025-06-20,12,214,False,0
SESS_001574,CUST_00060,2025-06-21,1,111,False,0
SESS_001575,CUST_00114,2025-06-21,1,23,False,0
SESS_001576,CUST_00140,2025-06-21,10,452,True,0
SESS_001577,CUST_00198,2025-06-21,6,103,False,0
SESS_001578,CUST_00249,2025-06-21,21,312,False,0
SESS_001579,CUST_00258,2025-06-21,6,629,False,0
SESS_001580,CUST_00258,2025-06-21,2,73,False,0
SESS_001581,CUST_00273,2025-06-21,1,202,False,0
SESS_001582,CUST_00078,2025-06-22,10,937,False,0
SESS_001583,CUST_00145,2025-06-22,1,23,False,0
SESS_001584,CUST_00226,2025-06-22,1,64,False,0
SESS_001585,CUST_00304,2025-06-22,19,490,False,0
SESS_001586,CUST_00307,2025-06-22,1,126,False,0
SESS_001587,CUST_00308,2025-06-22,10,568,False,0
SESS_001588,CUST_00123,2025-06-23,2,175,False,0
SESS_001589,CUST_00169,2025-06-23,8,330,False,0
SESS_001590,CUST_00214,2025-06-23,19,855,False,0
SESS_001591,CUST_00237,2025-06-23,15,459,False,0
SESS_001592,CUST_00238,2025-06-23,3,71,False,0
SESS_001593,CUST_00270,2025-06-23,13,279,False,0
SESS_001594,CUST_00298,2025-06-23,3,40,False,0
SESS_001595,CUST_00027,2025-06-24,18,485,False,0
SESS_001596,CUST_00055,2025-06-24,9,531,False,0
SESS_001597,CUST_00090,2025-06-24,2,218,False,0
SESS_001598,CUST_00106,2025-06-24,11,902,False,0
SESS_001599,CUST_00145,2025-06-24,12,516,False,0
SESS_001600,CUST_00290,2025-06-24,1,105,False,0
SESS_001601,CUST_00071,2025-06-25,7,140,True,0
SESS_001602,CUST_00092,2025-06-25,3,166,False,0
SESS_001603,CUST_00093,2025-06-25,7,427,True,0
SESS_001604,CUST_00109,2025-06-25,12,176,True,0
SESS_001605,CUST_00125,2025-06-25,4,43,False,0
SESS_001606,CUST_00307,2025-06-25,11,540,False,0
SESS_001607,CUST_00313,2025-06-25,4,73,False,0
SESS_001608,CUST_00008,2025-06-26,2,166,False,0
SESS_001609,CUST_00072,2025-06-26,9,128,True,0
SESS_001610,CUST_00128,2025-06-26,4,108,False,0
SESS_001611,CUST_00151,2025-06-26,1,192,False,0
SESS_001612,CUST_00162,2025-06-26,3,121,False,0
SESS_001613,CUST_00166,2025-06-26,1,54,False,0
SESS_001614,CUST_00192,2025-06-26,10,316,True,0
SESS_001615,CUST_00220,2025-06-26,3,78,False,0
SESS_001616,CUST_00235,2025-06-26,3,45,False,0
SESS_001617,CUST_00259,2025-06-26,6,78,False,0
SESS_001618,CUST_00056,2025-06-27,1,154,False,0
SESS_001619,CUST_00077,2025-06-27,1,58,False,0
SESS_001620,CUST_00173,2025-06-27,3,38,False,0
SESS_001621,CUST_00246,2025-06-27,4,143,False,0
SESS_001622,CUST_00258,2025-06-27,11,612,False,0
SESS_001623,CUST_00092,2025-06-28,9,341,True,0
SESS_001624,CUST_00132,2025-06-28,2,212,False,0
SESS_001625,CUST_00171,2025-06-28,14,253,False,0
SESS_001626,CUST_00221,2025-06-28,4,19,False,0
SESS_001627,CUST_00222,2025-06-28,10,164,True,0
SESS_001628,CUST_00270,2025-06-28,14,744,False,0
SESS_001629,CUST_00281,2025-06-28,5,87,True,0
SESS_001630,CUST_00316,2025-06-28,22,449,False,0
SESS_001631,CUST_00086,2025-06-29,1,68,False,0
SESS_001632,CUST_00230,2025-06-29,20,347,False,0
SESS_001633,CUST_00310,2025-06-29,14,824,False,0
SESS_001634,CUST_00315,2025-06-29,18,769,False,0
SESS_001635,CUST_00119,2025-06-30,11,461,True,0
SESS_001636,CUST_00131,2025-06-30,1,30,False,0
SESS_001637,CUST_00292,2025-06-30,4,296,True,1
SESS_001638,CUST_00315,2025-06-30,7,188,True,0
SESS_001639,CUST_00144,2025-07-01,2,69,False,0
SESS_001640,CUST_00199,2025-07-01,6,349,True,0
SESS_001641,CUST_00117,2025-07-02,1,122,False,0
SESS_001642,CUST_00225,2025-07-02,1,168,False,1
SESS_001643,CUST_00276,2025-07-02,9,99,True,0
SESS_001644,CUST_00280,2025-07-02,22,221,False,0
SESS_001645,CUST_00293,2025-07-02,1,220,False,0
SESS_001646,CUST_00298,2025-07-02,1,49,False,0
SESS_001647,CUST_00308,2025-07-02,21,631,False,1
SESS_001648,CUST_00309,2025-07-02,8,645,False,0
SESS_001649,CUST_00312,2025-07-02,20,486,False,0
SESS_001650,CUST_00077,2025-07-03,4,216,False,0
SESS_001651,CUST_00093,2025-07-03,2,18,False,0
SESS_001652,CUST_00202,2025-07-03,1,223,False,0
SESS_001653,CUST_00235,2025-07-03,7,386,True,0
SESS_001654,CUST_00249,2025-07-03,16,210,False,0
SESS_001655,CUST_00311,2025-07-03,21,618,False,1
SESS_001656,CUST_00318,2025-07-03,3,145,False,0
SESS_001657,CUST_00024,2025-07-04,5,360,True,0
SESS_001658,CUST_00037,2025-07-04,1,101,False,0
SESS_001659,CUST_00046,2025-07-04,3,174,False,0
SESS_001660,CUST_00059,2025-07-04,1,136,False,0
SESS_001661,CUST_00243,2025-07-04,9,567,False,0
SESS_001662,CUST_00268,2025-07-04,13,184,False,0
SESS_001663,CUST_00277,2025-07-04,1,149,False,0
SESS_001664,CUST_00318,2025-07-04,21,437,False,0
SESS_001665,CUST_00321,2025-07-04,11,759,False,0
SESS_001666,CUST_00030,2025-07-05,11,375,True,0
SESS_001667,CUST_00116,2025-07-05,10,243,True,0
SESS_001668,CUST_00126,2025-07-05,1,227,False,0
SESS_001669,CUST_00178,2025-07-05,2,112,False,0
SESS_001670,CUST_00193,2025-07-05,3,36,False,0
SESS_001671,CUST_00214,2025-07-05,6,390,False,0
SESS_001672,CUST_00258,2025-07-05,12,784,False,0
SESS_001673,CUST_00279,2025-07-05,6,931,False,0
SESS_001674,CUST_00282,2025-07-05,22,470,False,0
SESS_001675,CUST_00303,2025-07-05,20,326,False,0
SESS_001676,CUST_00304,2025-07-05,6,306,True,0
SESS_001677,CUST_00320,2025-07-05,8,598,False,0
SESS_001678,CUST_00008,2025-07-06,3,177,False,0
SESS_001679,CUST_00194,2025-07-06,11,351,True,0
SESS_001680,CUST_00221,2025-07-06,2,68,False,0
SESS_001681,CUST_00246,2025-07-06,22,864,False,1
SESS_001682,CUST_00249,2025-07-06,7,258,False,0
SESS_001683,CUST_00279,2025-07-06,1,189,False,0
SESS_001684,CUST_00288,2025-07-06,14,555,False,0
SESS_001685,CUST_00296,2025-07-06,11,138,True,0
SESS_001686,CUST_00306,2025-07-06,16,946,False,0
SESS_001687,CUST_00313,2025-07-06,11,427,True,0
SESS_001688,CUST_00009,2025-07-07,6,55,False,0
SESS_001689,CUST_00011,2025-07-07,21,511,False,0
SESS_001690,CUST_00246,2025-07-07,3,161,False,0
SESS_001691,CUST_00268,2025-07-07,7,505,False,0
SESS_001692,CUST_00268,2025-07-07,6,401,False,0
SESS_001693,CUST_00279,2025-07-07,18,861,False,1
SESS_001694,CUST_00304,2025-07-07,3,79,False,0
SESS_001695,CUST_00325,2025-07-07,3,26,False,0
SESS_001696,CUST_00326,2025-07-07,20,799,False,0
SESS_001697,CUST_00122,2025-07-08,2,77,False,0
SESS_001698,CUST_00149,2025-07-08,1,37,False,0
SESS_001699,CUST_00156,2025-07-08,1,98,False,0
SESS_001700,CUST_00205,2025-07-08,12,718,False,0
SESS_001701,CUST_00205,2025-07-08,3,133,True,0
SESS_001702,CUST_00220,2025-07-08,1,52,False,0
SESS_001703,CUST_00247,2025-07-08,21,585,False,0
SESS_001704,CUST_00310,2025-07-08,12,390,True,0
SESS_001705,CUST_00317,2025-07-08,16,701,False,1
SESS_001706,CUST_00325,2025-07-08,19,662,False,0
SESS_001707,CUST_00106,2025-07-09,12,157,True,0
SESS_001708,CUST_00220,2025-07-09,3,255,True,0
SESS_001709,CUST_00265,2025-07-09,6,276,True,0
SESS_001710,CUST_00270,2025-07-09,15,540,False,0
SESS_001711,CUST_00282,2025-07-09,15,327,False,0
SESS_001712,CUST_00292,2025-07-09,6,270,True,0
SESS_001713,CUST_00303,2025-07-09,6,147,True,0
SESS_001714,CUST_00308,2025-07-09,21,347,False,0
SESS_001715,CUST_00001,2025-07-10,8,255,False,0
SESS_001716,CUST_00134,2025-07-10,1,20,False,0
SESS_001717,CUST_00200,2025-07-10,7,431,True,0
SESS_001718,CUST_00290,2025-07-10,1,223,False,0
SESS_001719,CUST_00319,2025-07-10,8,495,False,0
SESS_001720,CUST_00074,2025-07-11,6,91,False,0
SESS_001721,CUST_00105,2025-07-11,1,168,False,0
SESS_001722,CUST_00305,2025-07-11,6,282,True,0
SESS_001723,CUST_00317,2025-07-11,1,173,False,0
SESS_001724,CUST_00320,2025-07-11,2,20,False,0
SESS_001725,CUST_00242,2025-07-12,1,109,False,0
SESS_001726,CUST_00311,2025-07-12,13,316,True,0
SESS_001727,CUST_00100,2025-07-13,9,172,True,0
SESS_001728,CUST_00175,2025-07-13,2,162,False,0
SESS_001729,CUST_00234,2025-07-13,1,230,False,0
SESS_001730,CUST_00290,2025-07-13,1,80,False,0
SESS_001731,CUST_00290,2025-07-13,2,165,False,0
SESS_001732,CUST_00323,2025-07-13,12,940,False,0
SESS_001733,CUST_00325,2025-07-13,8,193,True,0
SESS_001734,CUST_00328,2025-07-13,5,76,True,0
SESS_001735,CUST_00331,2025-07-13,3,76,False,0
SESS_001736,CUST_00043,2025-07-14,4,236,False,0
SESS_001737,CUST_00122,2025-07-14,4,38,False,0
SESS_001738,CUST_00142,2025-07-14,2,48,False,0
SESS_001739,CUST_00202,2025-07-14,2,21,False,0
SESS_001740,CUST_00236,2025-07-14,6,341,True,0
SESS_001741,CUST_00238,2025-07-14,3,450,True,0
SESS_001742,CUST_00251,2025-07-14,2,111,False,0
SESS_001743,CUST_00274,2025-07-14,1,231,False,0
SESS_001744,CUST_00287,2025-07-14,15,688,False,0
SESS_001745,CUST_00316,2025-07-14,9,319,True,0
SESS_001746,CUST_00326,2025-07-14,7,516,False,0
SESS_001747,CUST_00329,2025-07-14,2,132,False,0
SESS_001748,CUST_00330,2025-07-14,20,674,False,0
SESS_001749,CUST_00330,2025-07-14,13,340,True,0
SESS_001750,CUST_00157,2025-07-15,2,200,False,0
SESS_001751,CUST_00160,2025-07-15,5,85,True,0
SESS_001752,CUST_00171,2025-07-15,14,884,False,0
SESS_001753,CUST_00187,2025-07-15,3,193,False,0
SESS_001754,CUST_00219,2025-07-15,5,330,True,0
SESS_001755,CUST_00222,2025-07-15,1,183,False,0
SESS_001756,CUST_00232,2025-07-15,8,730,False,0
SESS_001757,CUST_00282,2025-07-15,8,596,False,0
SESS_001758,CUST_00324,2025-07-15,10,909,False,0
SESS_001759,CUST_00325,2025-07-15,3,121,False,0
SESS_001760,CUST_00327,2025-07-15,3,197,True,0
SESS_001761,CUST_00332,2025-07-15,13,927,False,0
SESS_001762,CUST_00001,2025-07-16,1,76,False,0
SESS_001763,CUST_00065,2025-07-16,1,18,False,1
SESS_001764,CUST_00071,2025-07-16,1,93,False,0
SESS_001765,CUST_00087,2025-07-16,1,117,False,0
SESS_001766,CUST_00126,2025-07-16,1,74,False,0
SESS_001767,CUST_00162,2025-07-16,4,175,False,0
SESS_001768,CUST_00214,2025-07-16,21,271,False,0
SESS_001769,CUST_00236,2025-07-16,10,364,True,0
SESS_001770,CUST_00256,2025-07-16,13,241,True,0
SESS_001771,CUST_00258,2025-07-16,17,597,False,0
SESS_001772,CUST_00282,2025-07-16,1,66,False,0
SESS_001773,CUST_00285,2025-07-16,1,152,False,0
SESS_001774,CUST_00328,2025-07-16,5,831,False,0
SESS_001775,CUST_00088,2025-07-17,1,213,False,1
SESS_001776,CUST_00171,2025-07-17,8,935,False,0
SESS_001777,CUST_00205,2025-07-17,1,29,False,0
SESS_001778,CUST_00229,2025-07-17,4,218,False,0
SESS_001779,CUST_00242,2025-07-17,4,173,False,0
SESS_001780,CUST_00270,2025-07-17,19,527,False,0
SESS_001781,CUST_00273,2025-07-17,3,227,True,0
SESS_001782,CUST_00314,2025-07-17,20,622,False,0
SESS_001783,CUST_00110,2025-07-18,19,327,False,0
SESS_001784,CUST_00200,2025-07-18,2,231,False,0
SESS_001785,CUST_00331,2025-07-18,8,932,False,0
SESS_001786,CUST_00056,2025-07-19,12,265,True,0
SESS_001787,CUST_00063,2025-07-19,1,186,False,0
SESS_001788,CUST_00123,2025-07-19,6,174,True,0
SESS_001789,CUST_00151,2025-07-19,4,215,False,0
SESS_001790,CUST_00173,2025-07-19,12,127,True,0
SESS_001791,CUST_00195,2025-07-19,4,133,True,0
SESS_001792,CUST_00237,2025-07-19,4,23,False,0
SESS_001793,CUST_00242,2025-07-19,6,67,False,0
SESS_001794,CUST_00262,2025-07-19,2,144,False,0
SESS_001795,CUST_00277,2025-07-19,2,39,False,0
SESS_001796,CUST_00293,2025-07-19,8,285,True,0
SESS_001797,CUST_00294,2025-07-19,17,856,False,0
SESS_001798,CUST_00297,2025-07-19,14,827,False,0
SESS_001799,CUST_00304,2025-07-19,1,207,False,0
SESS_001800,CUST_00335,2025-07-19,3,189,False,0
SESS_001801,CUST_00012,2025-07-20,2,165,False,0
SESS_001802,CUST_00034,2025-07-20,2,39,False,0
SESS_001803,CUST_00051,2025-07-20,1,41,False,0
SESS_001804,CUST_00103,2025-07-20,7,357,True,0
SESS_001805,CUST_00171,2025-07-20,16,836,False,0
SESS_001806,CUST_00231,2025-07-20,9,391,True,0
SESS_001807,CUST_00256,2025-07-20,6,116,False,0
SESS_001808,CUST_00308,2025-07-20,10,605,False,0
SESS_001809,CUST_00324,2025-07-20,12,729,False,0
SESS_001810,CUST_00327,2025-07-20,16,279,False,0
SESS_001811,CUST_00336,2025-07-20,22,881,False,0
SESS_001812,CUST_00105,2025-07-21,1,164,False,0
SESS_001813,CUST_00234,2025-07-21,15,788,False,0
SESS_001814,CUST_00258,2025-07-21,13,535,False,0
SESS_001815,CUST_00268,2025-07-21,8,905,False,0
SESS_001816,CUST_00282,2025-07-21,7,250,False,0
SESS_001817,CUST_00333,2025-07-21,10,462,False,0
SESS_001818,CUST_00029,2025-07-22,1,188,False,0
SESS_001819,CUST_00145,2025-07-22,3,218,False,0
SESS_001820,CUST_00214,2025-07-22,19,350,False,0
SESS_001821,CUST_00270,2025-07-22,20,340,False,0
SESS_001822,CUST_00303,2025-07-22,6,207,False,0
SESS_001823,CUST_00307,2025-07-22,6,62,False,0
SESS_001824,CUST_00320,2025-07-22,6,105,False,0
SESS_001825,CUST_00110,2025-07-23,5,364,False,0
SESS_001826,CUST_00177,2025-07-23,2,210,False,0
SESS_001827,CUST_00225,2025-07-23,16,910,False,0
SESS_001828,CUST_00258,2025-07-23,4,230,False,0
SESS_001829,CUST_00297,2025-07-23,7,332,False,0
SESS_001830,CUST_00306,2025-07-23,11,299,False,0
SESS_001831,CUST_00307,2025-07-23,1,168,False,0
SESS_001832,CUST_00324,2025-07-23,4,99,False,0
SESS_001833,CUST_00125,2025-07-24,4,64,False,0
SESS_001834,CUST_00164,2025-07-24,16,854,False,0
SESS_001835,CUST_00171,2025-07-24,12,395,True,0
SESS_001836,CUST_00225,2025-07-24,12,317,True,0
SESS_001837,CUST_00305,2025-07-24,7,408,True,0
SESS_001838,CUST_00329,2025-07-24,14,804,False,0
SESS_001839,CUST_00335,2025-07-24,16,668,False,0
SESS_001840,CUST_00335,2025-07-24,3,273,True,0
SESS_001841,CUST_00337,2025-07-24,1,235,False,0
SESS_001842,CUST_00339,2025-07-24,11,891,False,0
SESS_001843,CUST_00340,2025-07-24,7,451,False,0
SESS_001844,CUST_00102,2025-07-25,2,170,False,0
SESS_001845,CUST_00111,2025-07-25,3,40,False,0
SESS_001846,CUST_00121,2025-07-25,16,917,False,0
SESS_001847,CUST_00168,2025-07-25,4,410,True,0
SESS_001848,CUST_00211,2025-07-25,9,186,True,0
SESS_001849,CUST_00254,2025-07-25,10,781,False,0
SESS_001850,CUST_00283,2025-07-25,12,466,True,0
SESS_001851,CUST_00294,2025-07-25,1,146,False,0
SESS_001852,CUST_00334,2025-07-25,8,689,False,0
SESS_001853,CUST_00343,2025-07-25,12,322,False,0
SESS_001854,CUST_00344,2025-07-25,13,356,False,0
SESS_001855,CUST_00278,2025-07-26,1,218,False,0
SESS_001856,CUST_00281,2025-07-26,4,85,False,0
SESS_001857,CUST_00308,2025-07-26,7,519,False,0
SESS_001858,CUST_00313,2025-07-26,18,743,False,0
SESS_001859,CUST_00001,2025-07-27,1,59,False,0
SESS_001860,CUST_00027,2025-07-27,19,263,False,0
SESS_001861,CUST_00071,2025-07-27,3,139,False,0
SESS_001862,CUST_00208,2025-07-27,7,244,True,0
SESS_001863,CUST_00324,2025-07-27,6,58,False,0
SESS_001864,CUST_00337,2025-07-27,14,585,False,0
SESS_001865,CUST_00346,2025-07-27,17,910,False,1
SESS_001866,CUST_00082,2025-07-28,21,520,False,0
SESS_001867,CUST_00275,2025-07-28,2,94,False,0
SESS_001868,CUST_00306,2025-07-28,2,232,False,0
SESS_001869,CUST_00307,2025-07-28,1,27,False,0
SESS_001870,CUST_00340,2025-07-28,3,127,False,0
SESS_001871,CUST_00347,2025-07-28,6,559,False,0
SESS_001872,CUST_00087,2025-07-29,13,299,True,0
SESS_001873,CUST_00099,2025-07-29,1,201,False,0
SESS_001874,CUST_00245,2025-07-29,15,945,False,0
SESS_001875,CUST_00247,2025-07-29,21,508,False,0
SESS_001876,CUST_00247,2025-07-29,18,642,False,1
SESS_001877,CUST_00264,2025-07-29,2,87,False,0
SESS_001878,CUST_00272,2025-07-29,10,175,True,0
SESS_001879,CUST_00286,2025-07-29,17,677,False,0
SESS_001880,CUST_00303,2025-07-29,3,49,False,0
SESS_001881,CUST_00322,2025-07-29,6,122,True,0
SESS_001882,CUST_00024,2025-07-30,2,230,False,0
SESS_001883,CUST_00079,2025-07-30,6,55,False,0
SESS_001884,CUST_00088,2025-07-30,1,17,False,0
SESS_001885,CUST_00105,2025-07-30,17,227,False,0
SESS_001886,CUST_00107,2025-07-30,3,330,True,0
SESS_001887,CUST_00113,2025-07-30,3,84,False,0
SESS_001888,CUST_00117,2025-07-30,3,95,True,0
SESS_001889,CUST_00145,2025-07-30,13,879,False,0
SESS_001890,CUST_00163,2025-07-30,2,65,False,0
SESS_001891,CUST_00246,2025-07-30,7,221,True,0
SESS_001892,CUST_00287,2025-07-30,21,513,False,0
SESS_001893,CUST_00305,2025-07-30,1,227,False,0
SESS_001894,CUST_00322,2025-07-30,17,685,False,0
SESS_001895,CUST_00338,2025-07-30,8,847,False,0
SESS_001896,CUST_00339,2025-07-30,10,451,False,0
SESS_001897,CUST_00342,2025-07-30,3,118,True,0
SESS_001898,CUST_00342,2025-07-30,2,158,False,0
SESS_001899,CUST_00038,2025-07-31,4,181,False,0
SESS_001900,CUST_00139,2025-07-31,2,117,False,0
SESS_001901,CUST_00211,2025-07-31,3,21,False,0
SESS_001902,CUST_00226,2025-07-31,6,47,False,0
SESS_001903,CUST_00228,2025-07-31,3,62,False,0
SESS_001904,CUST_00294,2025-07-31,16,813,False,0
SESS_001905,CUST_00329,2025-07-31,19,704,False,0
SESS_001906,CUST_00341,2025-07-31,17,469,False,0
SESS_001907,CUST_00109,2025-08-01,2,26,False,0
SESS_001908,CUST_00121,2025-08-01,4,31,False,0
SESS_001909,CUST_00127,2025-08-01,5,754,False,0
SESS_001910,CUST_00137,2025-08-01,4,348,True,0
SESS_001911,CUST_00197,2025-08-01,4,98,False,0
SESS_001912,CUST_00252,2025-08-01,10,438,True,0
SESS_001913,CUST_00274,2025-08-01,1,42,False,0
SESS_001914,CUST_00324,2025-08-01,4,188,False,0
SESS_001915,CUST_00050,2025-08-02,14,348,False,0
SESS_001916,CUST_00055,2025-08-02,3,72,False,0
SESS_001917,CUST_00074,2025-08-02,3,88,False,0
SESS_001918,CUST_00123,2025-08-02,1,64,False,0
SESS_001919,CUST_00159,2025-08-02,2,202,False,0
SESS_001920,CUST_00279,2025-08-02,3,233,False,0
SESS_001921,CUST_00284,2025-08-02,3,141,False,0
SESS_001922,CUST_00308,2025-08-02,11,282,False,0
SESS_001923,CUST_00317,2025-08-02,2,113,False,0
SESS_001924,CUST_00318,2025-08-02,2,27,False,0
SESS_001925,CUST_00327,2025-08-02,11,668,False,0
SESS_001926,CUST_00339,2025-08-02,1,123,False,0
SESS_001927,CUST_00056,2025-08-03,1,97,False,0
SESS_001928,CUST_00111,2025-08-03,1,66,False,0
SESS_001929,CUST_00119,2025-08-03,15,266,False,0
SESS_001930,CUST_00134,2025-08-03,2,54,False,0
SESS_001931,CUST_00234,2025-08-03,4,206,False,0
SESS_001932,CUST_00242,2025-08-03,8,415,True,0
SESS_001933,CUST_00258,2025-08-03,9,877,False,1
SESS_001934,CUST_00262,2025-08-03,19,300,False,0
SESS_001935,CUST_00279,2025-08-03,1,158,False,0
SESS_001936,CUST_00284,2025-08-03,4,230,False,0
SESS_001937,CUST_00295,2025-08-03,1,118,False,0
SESS_001938,CUST_00314,2025-08-03,3,229,False,0
SESS_001939,CUST_00223,2025-08-04,2,160,False,0
SESS_001940,CUST_00287,2025-08-04,12,407,False,0
SESS_001941,CUST_00339,2025-08-04,2,100,False,0
SESS_001942,CUST_00007,2025-08-05,3,197,False,0
SESS_001943,CUST_00011,2025-08-05,3,124,False,0
SESS_001944,CUST_00059,2025-08-05,8,732,False,0
SESS_001945,CUST_00060,2025-08-05,1,234,False,0
SESS_001946,CUST_00127,2025-08-05,4,257,True,0
SESS_001947,CUST_00228,2025-08-05,3,307,True,0
SESS_001948,CUST_00303,2025-08-05,8,868,False,0
SESS_001949,CUST_00318,2025-08-05,2,67,False,0
SESS_001950,CUST_00327,2025-08-05,4,152,False,0
SESS_001951,CUST_00337,2025-08-05,2,139,False,0
SESS_001952,CUST_00068,2025-08-06,2,22,False,0
SESS_001953,CUST_00106,2025-08-06,18,458,False,0
SESS_001954,CUST_00236,2025-08-06,2,188,False,0
SESS_001955,CUST_00262,2025-08-06,1,89,False,0
SESS_001956,CUST_00283,2025-08-06,2,133,False,0
SESS_001957,CUST_00348,2025-08-06,9,420,False,1
SESS_001958,CUST_00354,2025-08-06,19,294,False,0
SESS_001959,CUST_00009,2025-08-07,2,102,False,0
SESS_001960,CUST_00012,2025-08-07,4,210,False,0
SESS_001961,CUST_00130,2025-08-07,3,21,False,0
SESS_001962,CUST_00211,2025-08-07,17,609,False,0
SESS_001963,CUST_00247,2025-08-07,9,790,False,0
SESS_001964,CUST_00255,2025-08-07,7,234,False,0
SESS_001965,CUST_00266,2025-08-07,3,122,False,0
SESS_001966,CUST_00274,2025-08-07,3,96,False,0
SESS_001967,CUST_00117,2025-08-08,8,424,False,1
SESS_001968,CUST_00121,2025-08-08,3,30,False,0
SESS_001969,CUST_00135,2025-08-08,2,182,False,0
SESS_001970,CUST_00139,2025-08-08,9,544,False,0
SESS_001971,CUST_00164,2025-08-08,12,820,False,0
SESS_001972,CUST_00173,2025-08-08,4,210,False,0
SESS_001973,CUST_00245,2025-08-08,11,461,False,0
SESS_001974,CUST_00247,2025-08-08,17,367,False,0
SESS_001975,CUST_00303,2025-08-08,1,214,False,0
SESS_001976,CUST_00323,2025-08-08,4,87,False,0
SESS_001977,CUST_00353,2025-08-08,10,315,True,0
SESS_001978,CUST_00357,2025-08-08,6,815,False,0
SESS_001979,CUST_00046,2025-08-09,12,391,True,0
SESS_001980,CUST_00186,2025-08-09,5,192,True,0
SESS_001981,CUST_00205,2025-08-09,11,282,False,0
SESS_001982,CUST_00288,2025-08-09,4,39,False,0
SESS_001983,CUST_00311,2025-08-09,1,192,False,0
SESS_001984,CUST_00333,2025-08-09,3,97,False,0
SESS_001985,CUST_00335,2025-08-09,13,77,True,0
SESS_001986,CUST_00002,2025-08-10,12,216,True,0
SESS_001987,CUST_00034,2025-08-10,21,364,False,0
SESS_001988,CUST_00098,2025-08-10,6,55,False,0
SESS_001989,CUST_00121,2025-08-10,4,120,False,0
SESS_001990,CUST_00211,2025-08-10,9,136,True,0
SESS_001991,CUST_00214,2025-08-10,17,416,False,0
SESS_001992,CUST_00219,2025-08-10,3,164,False,0
SESS_001993,CUST_00248,2025-08-10,10,372,True,0
SESS_001994,CUST_00304,2025-08-10,3,197,False,0
SESS_001995,CUST_00308,2025-08-10,6,905,False,0
SESS_001996,CUST_00309,2025-08-10,2,148,False,1
SESS_001997,CUST_00318,2025-08-10,2,187,False,0
SESS_001998,CUST_00327,2025-08-10,3,117,True,0
SESS_001999,CUST_00060,2025-08-11,3,101,False,0
SESS_002000,CUST_00078,2025-08-11,16,681,False,0
SESS_002001,CUST_00142,2025-08-11,1,115,False,0
SESS_002002,CUST_00171,2025-08-11,1,220,False,0
SESS_002003,CUST_00194,2025-08-11,6,120,False,0
SESS_002004,CUST_00270,2025-08-11,16,959,False,0
SESS_002005,CUST_00339,2025-08-11,12,874,False,0
SESS_002006,CUST_00350,2025-08-11,14,797,False,0
SESS_002007,CUST_00353,2025-08-11,18,243,False,1
SESS_002008,CUST_00008,2025-08-12,13,497,False,0
SESS_002009,CUST_00036,2025-08-12,1,81,False,0
SESS_002010,CUST_00063,2025-08-12,1,62,False,0
SESS_002011,CUST_00071,2025-08-12,2,217,False,0
SESS_002012,CUST_00165,2025-08-12,12,478,True,0
SESS_002013,CUST_00255,2025-08-12,22,264,False,0
SESS_002014,CUST_00258,2025-08-12,15,552,False,0
SESS_002015,CUST_00278,2025-08-12,1,72,False,0
SESS_002016,CUST_00287,2025-08-12,1,200,False,0
SESS_002017,CUST_00320,2025-08-12,1,104,False,0
SESS_002018,CUST_00326,2025-08-12,3,36,False,0
SESS_002019,CUST_00327,2025-08-12,18,610,False,0
SESS_002020,CUST_00330,2025-08-12,9,377,True,0
SESS_002021,CUST_00354,2025-08-12,1,116,False,0
SESS_002022,CUST_00060,2025-08-13,1,15,False,0
SESS_002023,CUST_00078,2025-08-13,19,652,False,0
SESS_002024,CUST_00121,2025-08-13,7,874,False,0
SESS_002025,CUST_00164,2025-08-13,7,493,False,0
SESS_002026,CUST_00179,2025-08-13,1,73,False,0
SESS_002027,CUST_00216,2025-08-13,4,37,False,0
SESS_002028,CUST_00283,2025-08-13,18,955,False,0
SESS_002029,CUST_00283,2025-08-13,2,52,False,1
SESS_002030,CUST_00355,2025-08-13,8,798,False,0
SESS_002031,CUST_00129,2025-08-14,11,132,True,0
SESS_002032,CUST_00146,2025-08-14,3,138,True,0
SESS_002033,CUST_00196,2025-08-14,13,475,True,0
SESS_002034,CUST_00291,2025-08-14,11,409,True,0
SESS_002035,CUST_00306,2025-08-14,2,41,False,0
SESS_002036,CUST_00346,2025-08-14,4,225,False,0
SESS_002037,CUST_00031,2025-08-15,3,22,False,0
SESS_002038,CUST_00201,2025-08-15,10,418,True,0
SESS_002039,CUST_00214,2025-08-15,16,920,False,0
SESS_002040,CUST_00225,2025-08-15,2,30,False,0
SESS_002041,CUST_00248,2025-08-15,3,185,False,0
SESS_002042,CUST_00320,2025-08-15,4,190,False,0
SESS_002043,CUST_00327,2025-08-15,16,411,False,0
SESS_002044,CUST_00330,2025-08-15,1,193,False,0
SESS_002045,CUST_00339,2025-08-15,12,448,False,0
SESS_002046,CUST_00353,2025-08-15,9,332,False,0
SESS_002047,CUST_00027,2025-08-16,21,892,False,0
SESS_002048,CUST_00034,2025-08-16,9,813,False,1
SESS_002049,CUST_00035,2025-08-16,6,314,True,0
SESS_002050,CUST_00136,2025-08-16,6,358,True,0
SESS_002051,CUST_00151,2025-08-16,3,134,False,0
SESS_002052,CUST_00195,2025-08-16,4,32,False,0
SESS_002053,CUST_00241,2025-08-16,2,46,False,0
SESS_002054,CUST_00286,2025-08-16,10,708,False,0
SESS_002055,CUST_00303,2025-08-16,6,830,False,0
SESS_002056,CUST_00331,2025-08-16,13,110,True,0
SESS_002057,CUST_00357,2025-08-16,1,213,False,0
SESS_002058,CUST_00358,2025-08-16,17,329,False,0
SESS_002059,CUST_00002,2025-08-17,4,25,False,0
SESS_002060,CUST_00013,2025-08-17,2,42,False,0
SESS_002061,CUST_00021,2025-08-17,6,227,False,0
SESS_002062,CUST_00056,2025-08-17,8,211,True,0
SESS_002063,CUST_00060,2025-08-17,17,183,False,0
SESS_002064,CUST_00091,2025-08-17,1,228,False,0
SESS_002065,CUST_00164,2025-08-17,15,782,False,1
SESS_002066,CUST_00244,2025-08-17,12,363,False,0
SESS_002067,CUST_00255,2025-08-17,11,932,False,0
SESS_002068,CUST_00274,2025-08-17,5,515,False,0
SESS_002069,CUST_00339,2025-08-17,17,377,False,0
SESS_002070,CUST_00345,2025-08-17,18,831,False,0
SESS_002071,CUST_00020,2025-08-18,1,229,False,0
SESS_002072,CUST_00078,2025-08-18,18,811,False,0
SESS_002073,CUST_00091,2025-08-18,2,52,False,0
SESS_002074,CUST_00188,2025-08-18,11,439,True,0
SESS_002075,CUST_00196,2025-08-18,4,252,True,1
SESS_002076,CUST_00213,2025-08-18,2,208,False,0
SESS_002077,CUST_00254,2025-08-18,8,342,False,0
SESS_002078,CUST_00283,2025-08-18,1,70,False,0
SESS_002079,CUST_00286,2025-08-18,12,400,True,0
SESS_002080,CUST_00303,2025-08-18,3,85,False,0
SESS_002081,CUST_00325,2025-08-18,1,157,False,0
SESS_002082,CUST_00336,2025-08-18,9,308,True,0
SESS_002083,CUST_00345,2025-08-18,11,955,False,1
SESS_002084,CUST_00348,2025-08-18,3,164,False,0
SESS_002085,CUST_00119,2025-08-19,4,263,True,0
SESS_002086,CUST_00194,2025-08-19,1,196,False,0
SESS_002087,CUST_00204,2025-08-19,2,167,False,0
SESS_002088,CUST_00249,2025-08-19,6,214,False,0
SESS_002089,CUST_00286,2025-08-19,12,553,False,0
SESS_002090,CUST_00286,2025-08-19,6,165,False,0
SESS_002091,CUST_00303,2025-08-19,7,488,False,0
SESS_002092,CUST_00342,2025-08-19,8,332,False,0
SESS_002093,CUST_00352,2025-08-19,14,680,False,0
SESS_002094,CUST_00361,2025-08-19,7,469,False,0
SESS_002095,CUST_00066,2025-08-20,1,239,False,0
SESS_002096,CUST_00078,2025-08-20,16,494,False,0
SESS_002097,CUST_00118,2025-08-20,2,127,False,0
SESS_002098,CUST_00137,2025-08-20,3,146,False,0
SESS_002099,CUST_00149,2025-08-20,8,440,True,0
SESS_002100,CUST_00239,2025-08-20,1,134,False,0
SESS_002101,CUST_00324,2025-08-20,7,946,False,0
SESS_002102,CUST_00330,2025-08-20,6,118,True,0
SESS_002103,CUST_00338,2025-08-20,2,81,False,0
SESS_002104,CUST_00349,2025-08-20,4,320,True,0
SESS_002105,CUST_00070,2025-08-21,4,197,False,0
SESS_002106,CUST_00097,2025-08-21,5,255,True,0
SESS_002107,CUST_00236,2025-08-21,6,58,False,0
SESS_002108,CUST_00259,2025-08-21,4,131,True,0
SESS_002109,CUST_00268,2025-08-21,10,137,True,0
SESS_002110,CUST_00271,2025-08-21,2,97,False,0
SESS_002111,CUST_00284,2025-08-21,4,221,False,0
SESS_002112,CUST_00314,2025-08-21,5,447,True,0
SESS_002113,CUST_00348,2025-08-21,1,136,False,0
SESS_002114,CUST_00350,2025-08-21,1,36,False,0
SESS_002115,CUST_00353,2025-08-21,6,371,False,0
SESS_002116,CUST_00162,2025-08-22,4,75,False,0
SESS_002117,CUST_00227,2025-08-22,4,160,False,0
SESS_002118,CUST_00314,2025-08-22,6,768,False,1
SESS_002119,CUST_00314,2025-08-22,1,74,False,0
SESS_002120,CUST_00324,2025-08-22,12,545,False,0
SESS_002121,CUST_00358,2025-08-22,11,274,True,0
SESS_002122,CUST_00044,2025-08-23,2,89,False,0
SESS_002123,CUST_00067,2025-08-23,1,124,False,0
SESS_002124,CUST_00077,2025-08-23,5,431,True,0
SESS_002125,CUST_00131,2025-08-23,5,263,True,0
SESS_002126,CUST_00176,2025-08-23,1,44,False,0
SESS_002127,CUST_00182,2025-08-23,4,463,True,0
SESS_002128,CUST_00287,2025-08-23,1,55,False,0
SESS_002129,CUST_00297,2025-08-23,9,405,False,0
SESS_002130,CUST_00308,2025-08-23,2,198,False,0
SESS_002131,CUST_00327,2025-08-23,8,887,False,0
SESS_002132,CUST_00339,2025-08-23,8,324,False,0
SESS_002133,CUST_00057,2025-08-24,1,221,False,0
SESS_002134,CUST_00102,2025-08-24,1,127,False,0
SESS_002135,CUST_00164,2025-08-24,12,395,True,0
SESS_002136,CUST_00167,2025-08-24,1,51,False,0
SESS_002137,CUST_00178,2025-08-24,1,43,False,0
SESS_002138,CUST_00198,2025-08-24,6,179,True,0
SESS_002139,CUST_00246,2025-08-24,16,387,False,0
SESS_002140,CUST_00258,2025-08-24,7,378,False,0
SESS_002141,CUST_00324,2025-08-24,3,191,False,1
SESS_002142,CUST_00327,2025-08-24,10,179,True,0
SESS_002143,CUST_00334,2025-08-24,1,147,False,0
SESS_002144,CUST_00338,2025-08-24,2,158,False,0
SESS_002145,CUST_00344,2025-08-24,2,196,False,0
SESS_002146,CUST_00348,2025-08-24,2,165,False,0
SESS_002147,CUST_00357,2025-08-24,5,370,True,0
SESS_002148,CUST_00086,2025-08-25,10,163,True,0
SESS_002149,CUST_00106,2025-08-25,6,306,False,0
SESS_002150,CUST_00110,2025-08-25,16,491,False,1
SESS_002151,CUST_00161,2025-08-25,3,197,False,0
SESS_002152,CUST_00270,2025-08-25,14,219,False,0
SESS_002153,CUST_00303,2025-08-25,5,916,False,0
SESS_002154,CUST_00303,2025-08-25,9,841,False,0
SESS_002155,CUST_00313,2025-08-25,12,895,False,0
SESS_002156,CUST_00324,2025-08-25,3,246,True,0
SESS_002157,CUST_00329,2025-08-25,21,355,False,0
SESS_002158,CUST_00339,2025-08-25,14,418,False,0
SESS_002159,CUST_00354,2025-08-25,8,460,True,0
SESS_002160,CUST_00356,2025-08-25,12,790,False,0
SESS_002161,CUST_00171,2025-08-26,14,772,False,0
SESS_002162,CUST_00179,2025-08-26,3,231,False,0
SESS_002163,CUST_00185,2025-08-26,4,227,False,0
SESS_002164,CUST_00196,2025-08-26,3,22,False,0
SESS_002165,CUST_00217,2025-08-26,1,185,False,0
SESS_002166,CUST_00230,2025-08-26,3,182,False,0
SESS_002167,CUST_00239,2025-08-26,1,18,False,0
SESS_002168,CUST_00289,2025-08-26,6,262,True,0
SESS_002169,CUST_00299,2025-08-26,2,180,False,0
SESS_002170,CUST_00314,2025-08-26,7,789,False,0
SESS_002171,CUST_00322,2025-08-26,3,93,False,0
SESS_002172,CUST_00332,2025-08-26,3,205,False,0
SESS_002173,CUST_00338,2025-08-26,3,331,True,0
SESS_002174,CUST_00341,2025-08-26,3,290,True,0
SESS_002175,CUST_00343,2025-08-26,2,53,False,0
SESS_002176,CUST_00359,2025-08-26,6,748,False,0
SESS_002177,CUST_00041,2025-08-27,11,350,True,0
SESS_002178,CUST_00078,2025-08-27,7,764,False,0
SESS_002179,CUST_00105,2025-08-27,10,572,False,0
SESS_002180,CUST_00136,2025-08-27,3,15,False,0
SESS_002181,CUST_00140,2025-08-27,2,90,False,0
SESS_002182,CUST_00207,2025-08-27,4,152,False,0
SESS_002183,CUST_00270,2025-08-27,14,634,False,0
SESS_002184,CUST_00298,2025-08-27,1,15,False,1
SESS_002185,CUST_00300,2025-08-27,3,214,True,0
SESS_002186,CUST_00326,2025-08-27,2,230,False,0
SESS_002187,CUST_00327,2025-08-27,1,94,False,0
SESS_002188,CUST_00329,2025-08-27,2,70,False,0
SESS_002189,CUST_00339,2025-08-27,12,271,False,0
SESS_002190,CUST_00357,2025-08-27,8,435,True,1
SESS_002191,CUST_00362,2025-08-27,22,760,False,0
SESS_002192,CUST_00364,2025-08-27,6,863,False,0
SESS_002193,CUST_00155,2025-08-28,1,218,False,0
SESS_002194,CUST_00203,2025-08-28,4,253,True,0
SESS_002195,CUST_00220,2025-08-28,4,153,False,0
SESS_002196,CUST_00254,2025-08-28,2,109,False,0
SESS_002197,CUST_00339,2025-08-28,19,372,False,0
SESS_002198,CUST_00341,2025-08-28,2,55,False,0
SESS_002199,CUST_00353,2025-08-28,1,154,False,0
SESS_002200,CUST_00366,2025-08-28,19,793,False,0
SESS_002201,CUST_00010,2025-08-29,3,349,True,0
SESS_002202,CUST_00018,2025-08-29,3,227,False,0
SESS_002203,CUST_00047,2025-08-29,3,20,False,1
SESS_002204,CUST_00214,2025-08-29,10,708,False,0
SESS_002205,CUST_00214,2025-08-29,8,263,True,0
SESS_002206,CUST_00258,2025-08-29,13,929,False,0
SESS_002207,CUST_00260,2025-08-29,7,137,True,0
SESS_002208,CUST_00282,2025-08-29,2,230,False,0
SESS_002209,CUST_00363,2025-08-29,19,327,False,0
SESS_002210,CUST_00368,2025-08-29,3,33,False,0
SESS_002211,CUST_00024,2025-08-30,3,24,False,0
SESS_002212,CUST_00088,2025-08-30,1,239,False,0
SESS_002213,CUST_00138,2025-08-30,11,128,True,0
SESS_002214,CUST_00151,2025-08-30,3,70,False,0
SESS_002215,CUST_00214,2025-08-30,4,372,True,0
SESS_002216,CUST_00256,2025-08-30,6,18,False,1
SESS_002217,CUST_00297,2025-08-30,19,895,False,0
SESS_002218,CUST_00306,2025-08-30,12,454,False,0
SESS_002219,CUST_00309,2025-08-30,1,104,False,0
SESS_002220,CUST_00362,2025-08-30,5,213,True,0
SESS_002221,CUST_00176,2025-08-31,1,113,False,0
SESS_002222,CUST_00207,2025-08-31,6,199,False,0
SESS_002223,CUST_00262,2025-08-31,3,104,False,1
SESS_002224,CUST_00296,2025-08-31,1,204,False,0
SESS_002225,CUST_00302,2025-08-31,1,115,False,0
SESS_002226,CUST_00303,2025-08-31,2,153,False,0
SESS_002227,CUST_00309,2025-08-31,2,229,False,0
SESS_002228,CUST_00339,2025-08-31,16,549,False,0
SESS_002229,CUST_00356,2025-08-31,8,253,False,0
SESS_002230,CUST_00360,2025-08-31,9,415,True,0
SESS_002231,CUST_00364,2025-08-31,16,862,False,0
SESS_002232,CUST_00364,2025-08-31,1,19,False,0
SESS_002233,CUST_00110,2025-09-01,5,159,True,0
SESS_002234,CUST_00126,2025-09-01,3,179,False,0
SESS_002235,CUST_00164,2025-09-01,10,693,False,0
SESS_002236,CUST_00198,2025-09-01,15,944,False,0
SESS_002237,CUST_00227,2025-09-01,1,153,False,0
SESS_002238,CUST_00234,2025-09-01,1,193,False,0
SESS_002239,CUST_00237,2025-09-01,2,70,False,0
SESS_002240,CUST_00258,2025-09-01,14,794,False,0
SESS_002241,CUST_00261,2025-09-01,4,28,False,0
SESS_002242,CUST_00272,2025-09-01,1,232,False,0
SESS_002243,CUST_00283,2025-09-01,8,442,False,0
SESS_002244,CUST_00327,2025-09-01,19,415,False,0
SESS_002245,CUST_00050,2025-09-02,22,199,False,0
SESS_002246,CUST_00196,2025-09-02,2,75,False,0
SESS_002247,CUST_00247,2025-09-02,18,204,False,0
SESS_002248,CUST_00327,2025-09-02,15,566,False,0
SESS_002249,CUST_00329,2025-09-02,21,735,False,0
SESS_002250,CUST_00331,2025-09-02,8,183,True,0
SESS_002251,CUST_00368,2025-09-02,13,451,False,0
SESS_002252,CUST_00079,2025-09-03,2,85,False,0
SESS_002253,CUST_00122,2025-09-03,1,145,False,0
SESS_002254,CUST_00141,2025-09-03,3,190,False,0
SESS_002255,CUST_00159,2025-09-03,6,77,False,0
SESS_002256,CUST_00166,2025-09-03,3,186,True,0
SESS_002257,CUST_00243,2025-09-03,2,184,False,0
SESS_002258,CUST_00308,2025-09-03,3,27,False,0
SESS_002259,CUST_00311,2025-09-03,2,235,False,0
SESS_002260,CUST_00311,2025-09-03,4,106,False,0
SESS_002261,CUST_00337,2025-09-03,7,469,True,0
SESS_002262,CUST_00338,2025-09-03,1,74,False,0
SESS_002263,CUST_00339,2025-09-03,13,215,True,0
SESS_002264,CUST_00359,2025-09-03,3,348,True,0
SESS_002265,CUST_00365,2025-09-03,12,917,False,0
SESS_002266,CUST_00067,2025-09-04,1,239,False,0
SESS_002267,CUST_00078,2025-09-04,4,305,True,0
SESS_002268,CUST_00081,2025-09-04,10,85,True,0
SESS_002269,CUST_00199,2025-09-04,2,205,False,0
SESS_002270,CUST_00240,2025-09-04,1,32,False,0
SESS_002271,CUST_00251,2025-09-04,2,197,False,0
SESS_002272,CUST_00295,2025-09-04,2,19,False,0
SESS_002273,CUST_00336,2025-09-04,2,128,False,0
SESS_002274,CUST_00347,2025-09-04,11,764,False,0
SESS_002275,CUST_00352,2025-09-04,9,181,True,0
SESS_002276,CUST_00358,2025-09-04,6,176,True,0
SESS_002277,CUST_00369,2025-09-04,13,125,True,0
SESS_002278,CUST_00053,2025-09-05,2,163,False,0
SESS_002279,CUST_00244,2025-09-05,2,90,False,0
SESS_002280,CUST_00247,2025-09-05,14,855,False,0
SESS_002281,CUST_00270,2025-09-05,18,870,False,0
SESS_002282,CUST_00294,2025-09-05,19,371,False,0
SESS_002283,CUST_00329,2025-09-05,3,116,False,0
SESS_002284,CUST_00345,2025-09-05,14,594,False,0
SESS_002285,CUST_00366,2025-09-05,12,201,False,0
SESS_002286,CUST_00065,2025-09-06,7,96,True,0
SESS_002287,CUST_00088,2025-09-06,2,37,False,0
SESS_002288,CUST_00273,2025-09-06,1,102,False,0
SESS_002289,CUST_00282,2025-09-06,4,205,False,0
SESS_002290,CUST_00295,2025-09-06,8,450,True,0
SESS_002291,CUST_00306,2025-09-06,6,551,False,0
SESS_002292,CUST_00314,2025-09-06,11,760,False,0
SESS_002293,CUST_00362,2025-09-06,4,151,False,0
SESS_002294,CUST_00370,2025-09-06,12,733,False,0
SESS_002295,CUST_00007,2025-09-07,4,191,False,0
SESS_002296,CUST_00079,2025-09-07,3,195,False,0
SESS_002297,CUST_00133,2025-09-07,3,180,False,0
SESS_002298,CUST_00149,2025-09-07,2,45,False,0
SESS_002299,CUST_00161,2025-09-07,5,872,False,0
SESS_002300,CUST_00161,2025-09-07,1,27,False,0
SESS_002301,CUST_00247,2025-09-07,2,236,False,0
SESS_002302,CUST_00247,2025-09-07,12,108,True,0
SESS_002303,CUST_00254,2025-09-07,2,37,False,0
SESS_002304,CUST_00269,2025-09-07,1,209,False,0
SESS_002305,CUST_00270,2025-09-07,1,60,False,0
SESS_002306,CUST_00284,2025-09-07,2,199,False,0
SESS_002307,CUST_00295,2025-09-07,4,69,False,1
SESS_002308,CUST_00297,2025-09-07,6,679,False,0
SESS_002309,CUST_00297,2025-09-07,6,452,False,0
SESS_002310,CUST_00302,2025-09-07,3,213,False,0
SESS_002311,CUST_00313,2025-09-07,4,131,False,0
SESS_002312,CUST_00331,2025-09-07,2,74,False,0
SESS_002313,CUST_00343,2025-09-07,4,230,False,0
SESS_002314,CUST_00364,2025-09-07,6,202,False,0
SESS_002315,CUST_00035,2025-09-08,7,351,True,0
SESS_002316,CUST_00101,2025-09-08,13,90,True,0
SESS_002317,CUST_00152,2025-09-08,2,184,False,0
SESS_002318,CUST_00168,2025-09-08,2,151,False,0
SESS_002319,CUST_00174,2025-09-08,1,70,False,0
SESS_002320,CUST_00308,2025-09-08,4,397,True,0
SESS_002321,CUST_00372,2025-09-08,5,309,True,0
SESS_002322,CUST_00373,2025-09-08,3,139,False,1
SESS_002323,CUST_00091,2025-09-09,7,290,False,0
SESS_002324,CUST_00198,2025-09-09,8,884,False,0
SESS_002325,CUST_00213,2025-09-09,4,328,True,0
SESS_002326,CUST_00290,2025-09-09,1,93,False,0
SESS_002327,CUST_00295,2025-09-09,3,216,False,0
SESS_002328,CUST_00323,2025-09-09,1,202,False,0
SESS_002329,CUST_00331,2025-09-09,9,219,True,0
SESS_002330,CUST_00350,2025-09-09,11,395,True,0
SESS_002331,CUST_00358,2025-09-09,2,205,False,0
SESS_002332,CUST_00123,2025-09-10,8,242,True,0
SESS_002333,CUST_00157,2025-09-10,1,227,False,1
SESS_002334,CUST_00224,2025-09-10,3,113,False,0
SESS_002335,CUST_00258,2025-09-10,19,439,False,0
SESS_002336,CUST_00270,2025-09-10,9,115,True,0
SESS_002337,CUST_00280,2025-09-10,1,200,False,0
SESS_002338,CUST_00288,2025-09-10,8,288,True,0
SESS_002339,CUST_00319,2025-09-10,4,28,False,0
SESS_002340,CUST_00351,2025-09-10,10,345,False,0
SESS_002341,CUST_00351,2025-09-10,6,467,True,0
SESS_002342,CUST_00366,2025-09-10,5,472,True,0
SESS_002343,CUST_00073,2025-09-11,1,71,False,0
SESS_002344,CUST_00117,2025-09-11,6,952,False,0
SESS_002345,CUST_00193,2025-09-11,3,354,True,0
SESS_002346,CUST_00270,2025-09-11,4,65,False,0
SESS_002347,CUST_00283,2025-09-11,8,273,False,0
SESS_002348,CUST_00321,2025-09-11,2,185,False,0
SESS_002349,CUST_00346,2025-09-11,4,416,True,0
SESS_002350,CUST_00350,2025-09-11,2,106,False,0
SESS_002351,CUST_00012,2025-09-12,11,293,True,0
SESS_002352,CUST_00064,2025-09-12,2,203,False,0
SESS_002353,CUST_00136,2025-09-12,4,126,False,0
SESS_002354,CUST_00261,2025-09-12,4,181,False,0
SESS_002355,CUST_00269,2025-09-12,5,89,True,0
SESS_002356,CUST_00270,2025-09-12,5,283,False,0
SESS_002357,CUST_00294,2025-09-12,18,632,False,0
SESS_002358,CUST_00326,2025-09-12,8,160,True,0
SESS_002359,CUST_00343,2025-09-12,2,152,False,1
SESS_002360,CUST_00358,2025-09-12,3,293,True,0
SESS_002361,CUST_00358,2025-09-12,1,217,False,0
SESS_002362,CUST_00373,2025-09-12,5,672,False,0
SESS_002363,CUST_00036,2025-09-13,13,382,True,0
SESS_002364,CUST_00151,2025-09-13,2,37,False,0
SESS_002365,CUST_00153,2025-09-13,1,122,False,0
SESS_002366,CUST_00160,2025-09-13,10,678,False,0
SESS_002367,CUST_00166,2025-09-13,10,327,True,0
SESS_002368,CUST_00261,2025-09-13,6,305,True,0
SESS_002369,CUST_00295,2025-09-13,1,182,False,0
SESS_002370,CUST_00310,2025-09-13,3,213,False,0
SESS_002371,CUST_00328,2025-09-13,4,203,False,0
SESS_002372,CUST_00340,2025-09-13,2,221,False,0
SESS_002373,CUST_00348,2025-09-13,3,163,False,0
SESS_002374,CUST_00364,2025-09-13,21,735,False,0
SESS_002375,CUST_00014,2025-09-14,2,140,False,0
SESS_002376,CUST_00156,2025-09-14,3,55,False,0
SESS_002377,CUST_00186,2025-09-14,3,145,False,0
SESS_002378,CUST_00199,2025-09-14,1,46,False,0
SESS_002379,CUST_00233,2025-09-14,1,227,False,0
SESS_002380,CUST_00294,2025-09-14,2,18,False,0
SESS_002381,CUST_00345,2025-09-14,17,449,False,0
SESS_002382,CUST_00104,2025-09-15,6,57,False,0
SESS_002383,CUST_00203,2025-09-15,2,78,False,0
SESS_002384,CUST_00268,2025-09-15,19,383,False,0
SESS_002385,CUST_00270,2025-09-15,18,372,False,0
SESS_002386,CUST_00310,2025-09-15,2,184,False,0
SESS_002387,CUST_00322,2025-09-15,17,437,False,0
SESS_002388,CUST_00329,2025-09-15,20,776,False,0
SESS_002389,CUST_00357,2025-09-15,2,224,False,0
SESS_002390,CUST_00360,2025-09-15,16,847,False,0
SESS_002391,CUST_00369,2025-09-15,6,312,False,0
SESS_002392,CUST_00003,2025-09-16,2,92,False,0
SESS_002393,CUST_00111,2025-09-16,4,154,False,0
SESS_002394,CUST_00164,2025-09-16,18,348,False,0
SESS_002395,CUST_00210,2025-09-16,1,129,False,0
SESS_002396,CUST_00215,2025-09-16,4,234,True,0
SESS_002397,CUST_00308,2025-09-16,16,889,False,0
SESS_002398,CUST_00310,2025-09-16,2,19,False,0
SESS_002399,CUST_00325,2025-09-16,2,193,False,0
SESS_002400,CUST_00354,2025-09-16,6,109,False,0
SESS_002401,CUST_00017,2025-09-17,1,167,False,0
SESS_002402,CUST_00058,2025-09-17,4,119,False,0
SESS_002403,CUST_00070,2025-09-17,2,210,False,0
SESS_002404,CUST_00090,2025-09-17,2,139,False,0
SESS_002405,CUST_00145,2025-09-17,1,77,False,0
SESS_002406,CUST_00145,2025-09-17,3,452,True,0
SESS_002407,CUST_00147,2025-09-17,2,127,False,0
SESS_002408,CUST_00168,2025-09-17,8,191,True,0
SESS_002409,CUST_00173,2025-09-17,13,349,True,0
SESS_002410,CUST_00176,2025-09-17,3,60,False,0
SESS_002411,CUST_00243,2025-09-17,11,612,False,0
SESS_002412,CUST_00264,2025-09-17,1,148,False,0
SESS_002413,CUST_00274,2025-09-17,22,623,False,0
SESS_002414,CUST_00294,2025-09-17,1,47,False,0
SESS_002415,CUST_00341,2025-09-17,1,158,False,0
SESS_002416,CUST_00373,2025-09-17,3,122,False,0
SESS_002417,CUST_00073,2025-09-18,4,98,True,0
SESS_002418,CUST_00118,2025-09-18,4,99,False,0
SESS_002419,CUST_00208,2025-09-18,3,218,False,0
SESS_002420,CUST_00255,2025-09-18,4,166,False,0
SESS_002421,CUST_00298,2025-09-18,4,284,True,0
SESS_002422,CUST_00322,2025-09-18,1,55,False,1
SESS_002423,CUST_00327,2025-09-18,1,54,False,0
SESS_002424,CUST_00331,2025-09-18,1,219,False,0
SESS_002425,CUST_00340,2025-09-18,3,173,False,0
SESS_002426,CUST_00343,2025-09-18,1,39,False,0
SESS_002427,CUST_00347,2025-09-18,2,64,False,0
SESS_002428,CUST_00377,2025-09-18,13,656,False,0
SESS_002429,CUST_00043,2025-09-19,4,236,False,0
SESS_002430,CUST_00106,2025-09-19,4,41,False,0
SESS_002431,CUST_00107,2025-09-19,16,706,False,0
SESS_002432,CUST_00276,2025-09-19,3,104,True,0
SESS_002433,CUST_00327,2025-09-19,1,155,False,0
SESS_002434,CUST_00337,2025-09-19,11,247,True,0
SESS_002435,CUST_00340,2025-09-19,10,304,True,0
SESS_002436,CUST_00346,2025-09-19,7,112,True,0
SESS_002437,CUST_00357,2025-09-19,6,159,False,0
SESS_002438,CUST_00376,2025-09-19,21,285,False,0
SESS_002439,CUST_00378,2025-09-19,13,409,True,0
SESS_002440,CUST_00103,2025-09-20,15,237,False,0
SESS_002441,CUST_00132,2025-09-20,1,223,False,0
SESS_002442,CUST_00148,2025-09-20,8,236,True,0
SESS_002443,CUST_00237,2025-09-20,1,171,False,0
SESS_002444,CUST_00261,2025-09-20,1,141,False,0
SESS_002445,CUST_00284,2025-09-20,3,57,False,0
SESS_002446,CUST_00378,2025-09-20,2,102,False,0
SESS_002447,CUST_00018,2025-09-21,3,229,False,0
SESS_002448,CUST_00075,2025-09-21,1,135,False,0
SESS_002449,CUST_00158,2025-09-21,2,163,False,0
SESS_002450,CUST_00219,2025-09-21,6,44,False,0
SESS_002451,CUST_00255,2025-09-21,3,251,True,0
SESS_002452,CUST_00281,2025-09-21,4,196,False,0
SESS_002453,CUST_00234,2025-09-22,5,499,False,1
SESS_002454,CUST_00249,2025-09-22,3,175,False,0
SESS_002455,CUST_00271,2025-09-22,3,216,True,0
SESS_002456,CUST_00299,2025-09-22,13,259,True,0
SESS_002457,CUST_00300,2025-09-22,13,356,True,0
SESS_002458,CUST_00306,2025-09-22,22,353,False,0
SESS_002459,CUST_00335,2025-09-22,1,113,False,0
SESS_002460,CUST_00343,2025-09-22,6,466,True,0
SESS_002461,CUST_00353,2025-09-22,1,34,False,0
SESS_002462,CUST_00375,2025-09-22,19,759,False,0
SESS_002463,CUST_00082,2025-09-23,3,187,False,0
SESS_002464,CUST_00103,2025-09-23,5,773,False,0
SESS_002465,CUST_00258,2025-09-23,17,903,False,0
SESS_002466,CUST_00268,2025-09-23,5,253,True,0
SESS_002467,CUST_00279,2025-09-23,20,827,False,0
SESS_002468,CUST_00374,2025-09-23,14,569,False,0
SESS_002469,CUST_00110,2025-09-24,22,592,False,0
SESS_002470,CUST_00165,2025-09-24,9,231,True,0
SESS_002471,CUST_00179,2025-09-24,22,755,False,0
SESS_002472,CUST_00189,2025-09-24,3,377,True,0
SESS_002473,CUST_00238,2025-09-24,6,52,False,0
SESS_002474,CUST_00270,2025-09-24,6,48,False,0
SESS_002475,CUST_00280,2025-09-24,8,371,True,0
SESS_002476,CUST_00284,2025-09-24,3,40,False,0
SESS_002477,CUST_00301,2025-09-24,1,205,False,0
SESS_002478,CUST_00324,2025-09-24,12,582,False,0
SESS_002479,CUST_00338,2025-09-24,10,367,True,0
SESS_002480,CUST_00341,2025-09-24,12,132,True,0
SESS_002481,CUST_00357,2025-09-24,10,263,True,0
SESS_002482,CUST_00008,2025-09-25,14,898,False,0
SESS_002483,CUST_00130,2025-09-25,8,143,True,0
SESS_002484,CUST_00261,2025-09-25,1,224,False,0
SESS_002485,CUST_00308,2025-09-25,4,219,True,0
SESS_002486,CUST_00355,2025-09-25,1,98,False,0
SESS_002487,CUST_00371,2025-09-25,1,132,False,0
SESS_002488,CUST_00373,2025-09-25,1,144,False,0
SESS_002489,CUST_00036,2025-09-26,2,138,False,0
SESS_002490,CUST_00119,2025-09-26,1,232,False,0
SESS_002491,CUST_00260,2025-09-26,2,53,False,0
SESS_002492,CUST_00279,2025-09-26,15,545,False,0
SESS_002493,CUST_00296,2025-09-26,3,144,False,0
SESS_002494,CUST_00360,2025-09-26,6,126,False,0
SESS_002495,CUST_00374,2025-09-26,1,131,False,0
SESS_002496,CUST_00379,2025-09-26,14,531,False,0
SESS_002497,CUST_00036,2025-09-27,3,15,False,0
SESS_002498,CUST_00343,2025-09-27,8,418,True,0
SESS_002499,CUST_00356,2025-09-27,12,349,False,0
SESS_002500,CUST_00372,2025-09-27,2,201,False,0
SESS_002501,CUST_00382,2025-09-27,9,230,True,0
SESS_002502,CUST_00382,2025-09-27,1,187,False,0
SESS_002503,CUST_00383,2025-09-27,1,218,False,0
SESS_002504,CUST_00096,2025-09-28,6,195,False,0
SESS_002505,CUST_00179,2025-09-28,2,35,False,0
SESS_002506,CUST_00198,2025-09-28,15,180,False,0
SESS_002507,CUST_00205,2025-09-28,17,205,False,0
SESS_002508,CUST_00215,2025-09-28,2,122,False,0
SESS_002509,CUST_00252,2025-09-28,6,193,False,0
SESS_002510,CUST_00269,2025-09-28,7,257,True,0
SESS_002511,CUST_00377,2025-09-28,22,300,False,0
SESS_002512,CUST_00382,2025-09-28,11,780,False,0
SESS_002513,CUST_00141,2025-09-29,7,360,True,0
SESS_002514,CUST_00148,2025-09-29,4,105,False,0
SESS_002515,CUST_00192,2025-09-29,6,64,False,0
SESS_002516,CUST_00276,2025-09-29,22,310,False,0
SESS_002517,CUST_00305,2025-09-29,1,177,False,0
SESS_002518,CUST_00313,2025-09-29,2,121,False,0
SESS_002519,CUST_00330,2025-09-29,1,165,False,0
SESS_002520,CUST_00341,2025-09-29,2,174,False,0
SESS_002521,CUST_00356,2025-09-29,1,92,False,0
SESS_002522,CUST_00367,2025-09-29,4,207,False,0
SESS_002523,CUST_00381,2025-09-29,1,135,False,0
SESS_002524,CUST_00383,2025-09-29,8,434,False,0
SESS_002525,CUST_00049,2025-09-30,1,224,False,0
SESS_002526,CUST_00184,2025-09-30,13,123,True,0
SESS_002527,CUST_00245,2025-09-30,3,40,False,0
SESS_002528,CUST_00286,2025-09-30,1,27,False,0
SESS_002529,CUST_00297,2025-09-30,1,15,False,0
SESS_002530,CUST_00332,2025-09-30,1,157,False,0
SESS_002531,CUST_00334,2025-09-30,8,213,True,0
SESS_002532,CUST_00339,2025-09-30,1,60,False,0
SESS_002533,CUST_00367,2025-09-30,1,171,False,0
SESS_002534,CUST_00369,2025-09-30,3,169,False,0
SESS_002535,CUST_00379,2025-09-30,1,56,False,0
SESS_002536,CUST_00381,2025-09-30,10,501,False,0
SESS_002537,CUST_00083,2025-10-01,1,48,False,0
SESS_002538,CUST_00093,2025-10-01,1,151,False,0
SESS_002539,CUST_00118,2025-10-01,2,77,False,0
SESS_002540,CUST_00188,2025-10-01,22,570,False,0
SESS_002541,CUST_00243,2025-10-01,1,130,False,0
SESS_002542,CUST_00262,2025-10-01,19,354,False,0
SESS_002543,CUST_00268,2025-10-01,11,375,False,0
SESS_002544,CUST_00271,2025-10-01,1,220,False,0
SESS_002545,CUST_00337,2025-10-01,3,441,True,0
SESS_002546,CUST_00370,2025-10-01,6,336,True,0
SESS_002547,CUST_00371,2025-10-01,1,80,False,0
SESS_002548,CUST_00378,2025-10-01,13,842,False,0
SESS_002549,CUST_00381,2025-10-01,7,359,False,0
SESS_002550,CUST_00039,2025-10-02,1,42,False,0
SESS_002551,CUST_00137,2025-10-02,4,180,False,0
SESS_002552,CUST_00164,2025-10-02,2,204,False,0
SESS_002553,CUST_00171,2025-10-02,11,678,False,0
SESS_002554,CUST_00225,2025-10-02,11,592,False,0
SESS_002555,CUST_00279,2025-10-02,5,952,False,0
SESS_002556,CUST_00283,2025-10-02,4,135,False,0
SESS_002557,CUST_00311,2025-10-02,2,188,False,0
SESS_002558,CUST_00326,2025-10-02,13,452,True,0
SESS_002559,CUST_00331,2025-10-02,1,38,False,0
SESS_002560,CUST_00335,2025-10-02,1,222,False,0
SESS_002561,CUST_00337,2025-10-02,3,159,False,0
SESS_002562,CUST_00349,2025-10-02,16,634,False,0
SESS_002563,CUST_00350,2025-10-02,2,100,False,0
SESS_002564,CUST_00356,2025-10-02,6,238,False,0
SESS_002565,CUST_00371,2025-10-02,12,907,False,0
SESS_002566,CUST_00374,2025-10-02,1,36,False,1
SESS_002567,CUST_00377,2025-10-02,3,18,False,0
SESS_002568,CUST_00379,2025-10-02,4,209,False,0
SESS_002569,CUST_00385,2025-10-02,9,416,False,0
SESS_002570,CUST_00050,2025-10-03,16,606,False,0
SESS_002571,CUST_00051,2025-10-03,11,239,True,0
SESS_002572,CUST_00218,2025-10-03,1,189,False,0
SESS_002573,CUST_00225,2025-10-03,9,948,False,0
SESS_002574,CUST_00239,2025-10-03,1,190,False,0
SESS_002575,CUST_00328,2025-10-03,13,353,True,0
SESS_002576,CUST_00342,2025-10-03,21,886,False,0
SESS_002577,CUST_00356,2025-10-03,22,389,False,0
SESS_002578,CUST_00359,2025-10-03,1,70,False,0
SESS_002579,CUST_00361,2025-10-03,1,108,False,0
SESS_002580,CUST_00376,2025-10-03,8,224,True,0
SESS_002581,CUST_00394,2025-10-03,8,574,False,0
SESS_002582,CUST_00111,2025-10-04,7,279,True,0
SESS_002583,CUST_00209,2025-10-04,3,78,False,0
SESS_002584,CUST_00216,2025-10-04,4,210,False,0
SESS_002585,CUST_00224,2025-10-04,3,165,False,0
SESS_002586,CUST_00226,2025-10-04,3,21,False,0
SESS_002587,CUST_00230,2025-10-04,12,498,False,0
SESS_002588,CUST_00246,2025-10-04,2,46,False,0
SESS_002589,CUST_00281,2025-10-04,2,38,False,0
SESS_002590,CUST_00393,2025-10-04,19,440,False,0
SESS_002591,CUST_00396,2025-10-04,6,72,False,0
SESS_002592,CUST_00153,2025-10-05,2,127,False,0
SESS_002593,CUST_00218,2025-10-05,2,47,False,0
SESS_002594,CUST_00240,2025-10-05,2,129,False,0
SESS_002595,CUST_00244,2025-10-05,2,77,False,0
SESS_002596,CUST_00245,2025-10-05,3,73,False,0
SESS_002597,CUST_00275,2025-10-05,1,200,False,0
SESS_002598,CUST_00277,2025-10-05,1,179,False,0
SESS_002599,CUST_00286,2025-10-05,14,279,False,0
SESS_002600,CUST_00294,2025-10-05,14,843,False,0
SESS_002601,CUST_00336,2025-10-05,12,82,True,0
SESS_002602,CUST_00348,2025-10-05,1,17,False,0
SESS_002603,CUST_00349,2025-10-05,6,357,False,0
SESS_002604,CUST_00359,2025-10-05,5,290,True,0
SESS_002605,CUST_00366,2025-10-05,4,78,True,0
SESS_002606,CUST_00380,2025-10-05,12,273,True,0
SESS_002607,CUST_00385,2025-10-05,2,51,False,0
SESS_002608,CUST_00038,2025-10-06,3,164,False,0
SESS_002609,CUST_00053,2025-10-06,6,374,True,0
SESS_002610,CUST_00166,2025-10-06,2,140,False,0
SESS_002611,CUST_00172,2025-10-06,4,118,False,0
SESS_002612,CUST_00220,2025-10-06,1,93,False,0
SESS_002613,CUST_00242,2025-10-06,4,60,False,0
SESS_002614,CUST_00249,2025-10-06,6,37,False,0
SESS_002615,CUST_00388,2025-10-06,22,612,False,1
SESS_002616,CUST_00397,2025-10-06,22,426,False,0
SESS_002617,CUST_00397,2025-10-06,8,424,True,0
SESS_002618,CUST_00023,2025-10-07,17,230,False,0
SESS_002619,CUST_00044,2025-10-07,4,180,False,0
SESS_002620,CUST_00101,2025-10-07,4,131,False,0
SESS_002621,CUST_00119,2025-10-07,21,633,False,1
SESS_002622,CUST_00162,2025-10-07,2,30,False,0
SESS_002623,CUST_00304,2025-10-07,2,222,False,0
SESS_002624,CUST_00324,2025-10-07,4,100,False,0
SESS_002625,CUST_00333,2025-10-07,1,167,False,0
SESS_002626,CUST_00353,2025-10-07,2,74,False,0
SESS_002627,CUST_00356,2025-10-07,7,345,True,0
SESS_002628,CUST_00360,2025-10-07,3,216,False,0
SESS_002629,CUST_00368,2025-10-07,11,95,True,0
SESS_002630,CUST_00387,2025-10-07,5,842,False,1
SESS_002631,CUST_00395,2025-10-07,9,691,False,0
SESS_002632,CUST_00005,2025-10-08,17,525,False,0
SESS_002633,CUST_00127,2025-10-08,7,188,False,0
SESS_002634,CUST_00165,2025-10-08,11,415,True,0
SESS_002635,CUST_00198,2025-10-08,14,653,False,0
SESS_002636,CUST_00247,2025-10-08,13,806,False,0
SESS_002637,CUST_00266,2025-10-08,1,110,False,0
SESS_002638,CUST_00308,2025-10-08,15,885,False,0
SESS_002639,CUST_00312,2025-10-08,2,89,False,0
SESS_002640,CUST_00356,2025-10-08,3,229,False,0
SESS_002641,CUST_00373,2025-10-08,2,238,False,0
SESS_002642,CUST_00374,2025-10-08,1,222,False,0
SESS_002643,CUST_00387,2025-10-08,1,86,False,0
SESS_002644,CUST_00393,2025-10-08,4,82,False,0
SESS_002645,CUST_00403,2025-10-08,17,297,False,0
SESS_002646,CUST_00040,2025-10-09,2,148,False,0
SESS_002647,CUST_00257,2025-10-09,7,205,True,0
SESS_002648,CUST_00267,2025-10-09,10,329,True,0
SESS_002649,CUST_00268,2025-10-09,19,694,False,0
SESS_002650,CUST_00286,2025-10-09,1,34,False,0
SESS_002651,CUST_00290,2025-10-09,13,138,True,0
SESS_002652,CUST_00295,2025-10-09,6,128,False,0
SESS_002653,CUST_00295,2025-10-09,1,82,False,1
SESS_002654,CUST_00313,2025-10-09,8,647,False,0
SESS_002655,CUST_00363,2025-10-09,8,123,True,0
SESS_002656,CUST_00366,2025-10-09,2,46,False,0
SESS_002657,CUST_00383,2025-10-09,1,220,False,1
SESS_002658,CUST_00393,2025-10-09,3,122,False,0
SESS_002659,CUST_00393,2025-10-09,4,216,True,0
SESS_002660,CUST_00402,2025-10-09,1,39,False,0
SESS_002661,CUST_00011,2025-10-10,1,127,False,0
SESS_002662,CUST_00076,2025-10-10,6,450,True,0
SESS_002663,CUST_00095,2025-10-10,3,227,False,0
SESS_002664,CUST_00143,2025-10-10,3,54,False,0
SESS_002665,CUST_00191,2025-10-10,2,127,False,0
SESS_002666,CUST_00276,2025-10-10,3,219,False,0
SESS_002667,CUST_00330,2025-10-10,3,421,True,0
SESS_002668,CUST_00353,2025-10-10,21,552,False,0
SESS_002669,CUST_00359,2025-10-10,2,28,False,0
SESS_002670,CUST_00361,2025-10-10,2,89,False,0
SESS_002671,CUST_00366,2025-10-10,20,565,False,0
SESS_002672,CUST_00375,2025-10-10,1,103,False,0
SESS_002673,CUST_00389,2025-10-10,1,153,False,0
SESS_002674,CUST_00400,2025-10-10,18,355,False,0
SESS_002675,CUST_00401,2025-10-10,8,342,True,0
SESS_002676,CUST_00082,2025-10-11,1,61,False,0
SESS_002677,CUST_00129,2025-10-11,7,475,True,0
SESS_002678,CUST_00148,2025-10-11,5,378,True,0
SESS_002679,CUST_00198,2025-10-11,6,454,False,0
SESS_002680,CUST_00222,2025-10-11,9,358,True,0
SESS_002681,CUST_00250,2025-10-11,8,103,True,0
SESS_002682,CUST_00256,2025-10-11,3,151,False,0
SESS_002683,CUST_00282,2025-10-11,1,148,False,0
SESS_002684,CUST_00336,2025-10-11,6,163,False,0
SESS_002685,CUST_00354,2025-10-11,8,249,True,0
SESS_002686,CUST_00364,2025-10-11,11,194,False,0
SESS_002687,CUST_00366,2025-10-11,14,682,False,0
SESS_002688,CUST_00390,2025-10-11,4,471,True,0
SESS_002689,CUST_00022,2025-10-12,1,111,False,0
SESS_002690,CUST_00075,2025-10-12,4,203,False,0
SESS_002691,CUST_00104,2025-10-12,2,159,False,0
SESS_002692,CUST_00196,2025-10-12,3,63,False,0
SESS_002693,CUST_00210,2025-10-12,12,337,False,0
SESS_002694,CUST_00222,2025-10-12,8,735,False,0
SESS_002695,CUST_00276,2025-10-12,4,224,False,0
SESS_002696,CUST_00322,2025-10-12,1,163,False,0
SESS_002697,CUST_00326,2025-10-12,17,371,False,0
SESS_002698,CUST_00366,2025-10-12,7,823,False,0
SESS_002699,CUST_00367,2025-10-12,20,354,False,0
SESS_002700,CUST_00372,2025-10-12,2,53,False,0
SESS_002701,CUST_00380,2025-10-12,3,188,False,0
SESS_002702,CUST_00384,2025-10-12,16,785,False,0
SESS_002703,CUST_00386,2025-10-12,20,550,False,0
SESS_002704,CUST_00388,2025-10-12,3,214,False,0
SESS_002705,CUST_00396,2025-10-12,7,502,False,0
SESS_002706,CUST_00398,2025-10-12,1,135,False,0
SESS_002707,CUST_00160,2025-10-13,4,118,False,0
SESS_002708,CUST_00198,2025-10-13,14,193,False,0
SESS_002709,CUST_00204,2025-10-13,1,58,False,1
SESS_002710,CUST_00218,2025-10-13,3,18,False,0
SESS_002711,CUST_00244,2025-10-13,2,234,False,0
SESS_002712,CUST_00257,2025-10-13,11,223,True,0
SESS_002713,CUST_00279,2025-10-13,1,75,False,0
SESS_002714,CUST_00366,2025-10-13,14,922,False,1
SESS_002715,CUST_00391,2025-10-13,20,775,False,0
SESS_002716,CUST_00128,2025-10-14,12,172,True,0
SESS_002717,CUST_00143,2025-10-14,8,886,False,0
SESS_002718,CUST_00166,2025-10-14,2,66,False,0
SESS_002719,CUST_00252,2025-10-14,3,214,False,0
SESS_002720,CUST_00253,2025-10-14,3,220,False,0
SESS_002721,CUST_00258,2025-10-14,6,842,False,0
SESS_002722,CUST_00337,2025-10-14,2,229,False,0
SESS_002723,CUST_00349,2025-10-14,21,659,False,0
SESS_002724,CUST_00382,2025-10-14,1,221,False,0
SESS_002725,CUST_00390,2025-10-14,3,137,False,0
SESS_002726,CUST_00399,2025-10-14,8,609,False,0
SESS_002727,CUST_00400,2025-10-14,3,33,False,0
SESS_002728,CUST_00405,2025-10-14,2,25,False,0
SESS_002729,CUST_00405,2025-10-14,2,214,False,0
SESS_002730,CUST_00069,2025-10-15,7,391,True,0
SESS_002731,CUST_00110,2025-10-15,22,316,False,0
SESS_002732,CUST_00141,2025-10-15,6,355,True,0
SESS_002733,CUST_00153,2025-10-15,14,752,False,0
SESS_002734,CUST_00157,2025-10-15,1,164,False,0
SESS_002735,CUST_00171,2025-10-15,3,214,False,0
SESS_002736,CUST_00188,2025-10-15,18,541,False,0
SESS_002737,CUST_00214,2025-10-15,16,626,False,0
SESS_002738,CUST_00222,2025-10-15,16,757,False,0
SESS_002739,CUST_00339,2025-10-15,14,548,False,0
SESS_002740,CUST_00345,2025-10-15,4,65,False,0
SESS_002741,CUST_00363,2025-10-15,1,77,False,0
SESS_002742,CUST_00390,2025-10-15,14,423,False,0
SESS_002743,CUST_00393,2025-10-15,1,81,False,0
SESS_002744,CUST_00399,2025-10-15,17,749,False,0
SESS_002745,CUST_00401,2025-10-15,7,751,False,0
SESS_002746,CUST_00404,2025-10-15,6,103,False,0
SESS_002747,CUST_00029,2025-10-16,1,189,False,0
SESS_002748,CUST_00038,2025-10-16,8,317,True,0
SESS_002749,CUST_00142,2025-10-16,13,232,True,0
SESS_002750,CUST_00223,2025-10-16,4,210,False,0
SESS_002751,CUST_00252,2025-10-16,2,216,False,0
SESS_002752,CUST_00273,2025-10-16,3,389,True,0
SESS_002753,CUST_00273,2025-10-16,5,105,True,0
SESS_002754,CUST_00325,2025-10-16,5,351,True,0
SESS_002755,CUST_00340,2025-10-16,6,50,False,0
SESS_002756,CUST_00343,2025-10-16,1,146,False,0
SESS_002757,CUST_00382,2025-10-16,1,239,False,0
SESS_002758,CUST_00388,2025-10-16,3,458,True,0
SESS_002759,CUST_00392,2025-10-16,22,850,False,0
SESS_002760,CUST_00395,2025-10-16,1,236,False,0
SESS_002761,CUST_00401,2025-10-16,1,15,False,0
SESS_002762,CUST_00401,2025-10-16,3,313,True,0
SESS_002763,CUST_00099,2025-10-17,6,225,False,0
SESS_002764,CUST_00177,2025-10-17,3,119,False,0
SESS_002765,CUST_00245,2025-10-17,15,662,False,0
SESS_002766,CUST_00250,2025-10-17,3,253,True,0
SESS_002767,CUST_00265,2025-10-17,2,15,False,0
SESS_002768,CUST_00267,2025-10-17,9,431,True,0
SESS_002769,CUST_00290,2025-10-17,1,152,False,0
SESS_002770,CUST_00300,2025-10-17,2,86,False,0
SESS_002771,CUST_00302,2025-10-17,2,91,False,0
SESS_002772,CUST_00308,2025-10-17,7,381,False,0
SESS_002773,CUST_00364,2025-10-17,1,19,False,0
SESS_002774,CUST_00377,2025-10-17,8,844,False,0
SESS_002775,CUST_00390,2025-10-17,13,389,True,0
SESS_002776,CUST_00050,2025-10-18,16,950,False,0
SESS_002777,CUST_00213,2025-10-18,1,85,False,0
SESS_002778,CUST_00247,2025-10-18,13,248,False,0
SESS_002779,CUST_00325,2025-10-18,1,221,False,0
SESS_002780,CUST_00330,2025-10-18,1,197,False,0
SESS_002781,CUST_00391,2025-10-18,1,16,False,0
SESS_002782,CUST_00398,2025-10-18,20,444,False,0
SESS_002783,CUST_00402,2025-10-18,11,171,True,0
SESS_002784,CUST_00116,2025-10-19,6,188,False,0
SESS_002785,CUST_00179,2025-10-19,5,839,False,0
SESS_002786,CUST_00187,2025-10-19,12,550,False,0
SESS_002787,CUST_00218,2025-10-19,3,213,False,0
SESS_002788,CUST_00269,2025-10-19,2,222,False,0
SESS_002789,CUST_00288,2025-10-19,1,60,False,0
SESS_002790,CUST_00307,2025-10-19,13,259,True,0
SESS_002791,CUST_00314,2025-10-19,3,101,False,0
SESS_002792,CUST_00316,2025-10-19,5,359,True,0
SESS_002793,CUST_00379,2025-10-19,1,116,False,0
SESS_002794,CUST_00383,2025-10-19,7,402,False,0
SESS_002795,CUST_00059,2025-10-20,3,161,False,0
SESS_002796,CUST_00072,2025-10-20,4,200,False,0
SESS_002797,CUST_00078,2025-10-20,1,94,False,0
SESS_002798,CUST_00188,2025-10-20,8,270,False,0
SESS_002799,CUST_00247,2025-10-20,19,923,False,0
SESS_002800,CUST_00248,2025-10-20,4,154,False,0
SESS_002801,CUST_00294,2025-10-20,2,161,False,0
SESS_002802,CUST_00339,2025-10-20,10,837,False,0
SESS_002803,CUST_00362,2025-10-20,11,223,True,0
SESS_002804,CUST_00381,2025-10-20,13,203,True,0
SESS_002805,CUST_00387,2025-10-20,4,23,False,0
SESS_002806,CUST_00390,2025-10-20,4,132,False,0
SESS_002807,CUST_00398,2025-10-20,2,44,False,0
SESS_002808,CUST_00414,2025-10-20,1,190,False,0
SESS_002809,CUST_00021,2025-10-21,9,341,True,0
SESS_002810,CUST_00141,2025-10-21,2,139,False,0
SESS_002811,CUST_00214,2025-10-21,17,561,False,0
SESS_002812,CUST_00249,2025-10-21,1,207,False,0
SESS_002813,CUST_00263,2025-10-21,1,185,False,0
SESS_002814,CUST_00298,2025-10-21,13,289,False,0
SESS_002815,CUST_00316,2025-10-21,9,392,True,0
SESS_002816,CUST_00327,2025-10-21,9,242,True,0
SESS_002817,CUST_00357,2025-10-21,13,333,True,0
SESS_002818,CUST_00361,2025-10-21,13,447,True,0
SESS_002819,CUST_00379,2025-10-21,4,191,False,0
SESS_002820,CUST_00401,2025-10-21,13,414,True,0
SESS_002821,CUST_00409,2025-10-21,5,439,True,0
SESS_002822,CUST_00410,2025-10-21,9,299,False,0
SESS_002823,CUST_00414,2025-10-21,7,216,False,0
SESS_002824,CUST_00415,2025-10-21,2,44,False,0
SESS_002825,CUST_00008,2025-10-22,2,37,False,0
SESS_002826,CUST_00188,2025-10-22,17,503,False,0
SESS_002827,CUST_00189,2025-10-22,4,19,False,0
SESS_002828,CUST_00221,2025-10-22,1,15,False,0
SESS_002829,CUST_00237,2025-10-22,2,28,False,0
SESS_002830,CUST_00250,2025-10-22,6,189,False,0
SESS_002831,CUST_00262,2025-10-22,10,688,False,0
SESS_002832,CUST_00356,2025-10-22,17,659,False,0
SESS_002833,CUST_00399,2025-10-22,3,152,True,0
SESS_002834,CUST_00402,2025-10-22,9,398,False,0
SESS_002835,CUST_00407,2025-10-22,2,133,False,0
SESS_002836,CUST_00090,2025-10-23,4,146,False,0
SESS_002837,CUST_00190,2025-10-23,1,221,False,0
SESS_002838,CUST_00215,2025-10-23,10,313,True,0
SESS_002839,CUST_00230,2025-10-23,2,189,False,0
SESS_002840,CUST_00237,2025-10-23,18,812,False,0
SESS_002841,CUST_00262,2025-10-23,20,593,False,0
SESS_002842,CUST_00276,2025-10-23,3,205,False,0
SESS_002843,CUST_00334,2025-10-23,2,185,False,0
SESS_002844,CUST_00353,2025-10-23,1,159,False,0
SESS_002845,CUST_00384,2025-10-23,1,222,False,0
SESS_002846,CUST_00395,2025-10-23,8,161,True,0
SESS_002847,CUST_00403,2025-10-23,10,149,True,0
SESS_002848,CUST_00404,2025-10-23,7,197,False,0
SESS_002849,CUST_00405,2025-10-23,11,536,False,0
SESS_002850,CUST_00412,2025-10-23,12,190,False,0
SESS_002851,CUST_00039,2025-10-24,3,55,False,0
SESS_002852,CUST_00150,2025-10-24,2,106,False,0
SESS_002853,CUST_00248,2025-10-24,10,394,True,0
SESS_002854,CUST_00290,2025-10-24,1,92,False,0
SESS_002855,CUST_00362,2025-10-24,1,39,False,0
SESS_002856,CUST_00364,2025-10-24,6,206,False,0
SESS_002857,CUST_00378,2025-10-24,4,18,False,0
SESS_002858,CUST_00387,2025-10-24,1,151,False,0
SESS_002859,CUST_00394,2025-10-24,3,61,False,0
SESS_002860,CUST_00398,2025-10-24,18,448,False,0
SESS_002861,CUST_00398,2025-10-24,9,198,True,0
SESS_002862,CUST_00408,2025-10-24,18,258,False,0
SESS_002863,CUST_00416,2025-10-24,2,20,False,0
SESS_002864,CUST_00219,2025-10-25,2,36,False,0
SESS_002865,CUST_00247,2025-10-25,22,649,False,0
SESS_002866,CUST_00247,2025-10-25,14,673,False,0
SESS_002867,CUST_00276,2025-10-25,1,209,False,0
SESS_002868,CUST_00307,2025-10-25,1,208,False,0
SESS_002869,CUST_00309,2025-10-25,8,353,True,0
SESS_002870,CUST_00354,2025-10-25,3,209,False,0
SESS_002871,CUST_00357,2025-10-25,1,184,False,0
SESS_002872,CUST_00366,2025-10-25,1,239,False,0
SESS_002873,CUST_00374,2025-10-25,1,97,False,0
SESS_002874,CUST_00384,2025-10-25,3,201,False,0
SESS_002875,CUST_00409,2025-10-25,20,915,False,1
SESS_002876,CUST_00411,2025-10-25,21,402,False,0
SESS_002877,CUST_00032,2025-10-26,2,54,False,0
SESS_002878,CUST_00050,2025-10-26,22,945,False,0
SESS_002879,CUST_00068,2025-10-26,6,168,False,0
SESS_002880,CUST_00138,2025-10-26,2,118,False,0
SESS_002881,CUST_00245,2025-10-26,6,92,False,0
SESS_002882,CUST_00259,2025-10-26,1,87,False,0
SESS_002883,CUST_00308,2025-10-26,6,950,False,1
SESS_002884,CUST_00355,2025-10-26,1,160,False,0
SESS_002885,CUST_00355,2025-10-26,3,479,True,0
SESS_002886,CUST_00366,2025-10-26,1,74,False,0
SESS_002887,CUST_00367,2025-10-26,11,527,False,0
SESS_002888,CUST_00372,2025-10-26,6,532,False,0
SESS_002889,CUST_00387,2025-10-26,1,110,False,0
SESS_002890,CUST_00397,2025-10-26,1,170,False,0
SESS_002891,CUST_00398,2025-10-26,14,294,False,0
SESS_002892,CUST_00402,2025-10-26,2,46,False,0
SESS_002893,CUST_00033,2025-10-27,2,192,False,0
SESS_002894,CUST_00117,2025-10-27,18,917,False,1
SESS_002895,CUST_00196,2025-10-27,7,179,True,0
SESS_002896,CUST_00259,2025-10-27,4,225,False,0
SESS_002897,CUST_00270,2025-10-27,2,20,False,0
SESS_002898,CUST_00285,2025-10-27,1,212,False,0
SESS_002899,CUST_00314,2025-10-27,5,176,True,0
SESS_002900,CUST_00323,2025-10-27,1,101,False,0
SESS_002901,CUST_00326,2025-10-27,7,942,False,0
SESS_002902,CUST_00351,2025-10-27,19,573,False,1
SESS_002903,CUST_00380,2025-10-27,1,199,False,0
SESS_002904,CUST_00409,2025-10-27,14,432,False,0
SESS_002905,CUST_00416,2025-10-27,5,282,False,0
SESS_002906,CUST_00019,2025-10-28,6,441,True,0
SESS_002907,CUST_00165,2025-10-28,2,113,False,0
SESS_002908,CUST_00206,2025-10-28,1,85,False,0
SESS_002909,CUST_00236,2025-10-28,8,220,True,0
SESS_002910,CUST_00259,2025-10-28,14,510,False,0
SESS_002911,CUST_00326,2025-10-28,18,571,False,0
SESS_002912,CUST_00349,2025-10-28,22,381,False,0
SESS_002913,CUST_00372,2025-10-28,1,15,False,0
SESS_002914,CUST_00373,2025-10-28,4,114,False,0
SESS_002915,CUST_00395,2025-10-28,18,850,False,0
SESS_002916,CUST_00400,2025-10-28,6,134,False,1
SESS_002917,CUST_00404,2025-10-28,2,59,False,0
SESS_002918,CUST_00414,2025-10-28,6,234,False,0
SESS_002919,CUST_00025,2025-10-29,21,941,False,0
SESS_002920,CUST_00036,2025-10-29,1,88,False,0
SESS_002921,CUST_00118,2025-10-29,4,231,False,0
SESS_002922,CUST_00149,2025-10-29,2,237,False,0
SESS_002923,CUST_00161,2025-10-29,1,105,False,0
SESS_002924,CUST_00207,2025-10-29,12,273,True,0
SESS_002925,CUST_00225,2025-10-29,3,96,False,0
SESS_002926,CUST_00281,2025-10-29,2,56,False,0
SESS_002927,CUST_00283,2025-10-29,4,44,False,0
SESS_002928,CUST_00306,2025-10-29,4,67,False,0
SESS_002929,CUST_00313,2025-10-29,17,710,False,0
SESS_002930,CUST_00341,2025-10-29,1,166,False,0
SESS_002931,CUST_00352,2025-10-29,1,231,False,0
SESS_002932,CUST_00364,2025-10-29,6,190,False,0
SESS_002933,CUST_00365,2025-10-29,13,281,True,0
SESS_002934,CUST_00366,2025-10-29,7,398,False,0
SESS_002935,CUST_00367,2025-10-29,1,85,False,0
SESS_002936,CUST_00381,2025-10-29,2,18,False,0
SESS_002937,CUST_00386,2025-10-29,17,415,False,0
SESS_002938,CUST_00407,2025-10-29,12,485,False,0
SESS_002939,CUST_00417,2025-10-29,2,67,False,0
SESS_002940,CUST_00418,2025-10-29,20,484,False,0
SESS_002941,CUST_00078,2025-10-30,14,457,False,0
SESS_002942,CUST_00108,2025-10-30,13,455,True,0
SESS_002943,CUST_00129,2025-10-30,1,63,False,0
SESS_002944,CUST_00169,2025-10-30,10,253,True,1
SESS_002945,CUST_00247,2025-10-30,16,461,False,0
SESS_002946,CUST_00311,2025-10-30,12,238,True,0
SESS_002947,CUST_00324,2025-10-30,5,220,True,1
SESS_002948,CUST_00324,2025-10-30,2,28,False,0
SESS_002949,CUST_00349,2025-10-30,1,190,False,0
SESS_002950,CUST_00371,2025-10-30,14,706,False,0
SESS_002951,CUST_00373,2025-10-30,4,227,False,0
SESS_002952,CUST_00379,2025-10-30,3,77,False,0
SESS_002953,CUST_00395,2025-10-30,2,138,False,0
SESS_002954,CUST_00398,2025-10-30,6,257,True,0
SESS_002955,CUST_00407,2025-10-30,1,178,False,0
SESS_002956,CUST_00410,2025-10-30,10,739,False,0
SESS_002957,CUST_00159,2025-10-31,3,31,False,0
SESS_002958,CUST_00164,2025-10-31,17,762,False,0
SESS_002959,CUST_00188,2025-10-31,6,626,False,1
SESS_002960,CUST_00256,2025-10-31,1,230,False,0
SESS_002961,CUST_00302,2025-10-31,3,127,False,0
SESS_002962,CUST_00306,2025-10-31,1,66,False,0
SESS_002963,CUST_00330,2025-10-31,3,86,False,0
SESS_002964,CUST_00339,2025-10-31,18,210,False,0
SESS_002965,CUST_00367,2025-10-31,2,184,False,0
SESS_002966,CUST_00371,2025-10-31,9,653,False,0
SESS_002967,CUST_00376,2025-10-31,2,63,False,0
SESS_002968,CUST_00377,2025-10-31,14,276,False,0
SESS_002969,CUST_00385,2025-10-31,4,149,True,0
SESS_002970,CUST_00388,2025-10-31,4,374,True,0
SESS_002971,CUST_00391,2025-10-31,4,32,False,0
SESS_002972,CUST_00396,2025-10-31,10,186,True,0
SESS_002973,CUST_00399,2025-10-31,9,360,True,0
SESS_002974,CUST_00413,2025-10-31,10,809,False,0
SESS_002975,CUST_00417,2025-10-31,5,882,False,0
SESS_002976,CUST_00042,2025-11-01,3,73,False,0
SESS_002977,CUST_00046,2025-11-01,2,161,False,0
SESS_002978,CUST_00094,2025-11-01,9,468,True,0
SESS_002979,CUST_00235,2025-11-01,1,102,False,0
SESS_002980,CUST_00295,2025-11-01,8,351,True,1
SESS_002981,CUST_00404,2025-11-01,6,392,True,0
SESS_002982,CUST_00415,2025-11-01,1,189,False,0
SESS_002983,CUST_00418,2025-11-01,12,430,True,0
SESS_002984,CUST_00064,2025-11-02,4,110,False,0
SESS_002985,CUST_00225,2025-11-02,8,283,True,0
SESS_002986,CUST_00234,2025-11-02,19,318,False,0
SESS_002987,CUST_00243,2025-11-02,2,167,False,0
SESS_002988,CUST_00244,2025-11-02,13,446,False,0
SESS_002989,CUST_00258,2025-11-02,11,191,False,0
SESS_002990,CUST_00320,2025-11-02,1,161,False,0
SESS_002991,CUST_00399,2025-11-02,2,156,False,0
SESS_002992,CUST_00406,2025-11-02,4,234,False,0
SESS_002993,CUST_00412,2025-11-02,7,584,False,0
SESS_002994,CUST_00413,2025-11-02,2,93,False,0
SESS_002995,CUST_00415,2025-11-02,12,736,False,0
SESS_002996,CUST_00036,2025-11-03,10,212,True,0
SESS_002997,CUST_00110,2025-11-03,11,393,False,0
SESS_002998,CUST_00247,2025-11-03,9,124,True,0
SESS_002999,CUST_00308,2025-11-03,11,397,False,0
SESS_003000,CUST_00356,2025-11-03,4,183,False,0
SESS_003001,CUST_00366,2025-11-03,21,475,False,0
SESS_003002,CUST_00383,2025-11-03,22,444,False,1
SESS_003003,CUST_00389,2025-11-03,22,264,False,0
SESS_003004,CUST_00409,2025-11-03,2,237,False,0
SESS_003005,CUST_00412,2025-11-03,15,386,False,0
SESS_003006,CUST_00173,2025-11-04,3,117,False,0
SESS_003007,CUST_00218,2025-11-04,1,24,False,0
SESS_003008,CUST_00256,2025-11-04,8,255,True,0
SESS_003009,CUST_00274,2025-11-04,2,131,False,0
SESS_003010,CUST_00275,2025-11-04,2,194,False,0
SESS_003011,CUST_00347,2025-11-04,7,162,True,0
SESS_003012,CUST_00348,2025-11-04,3,120,False,0
SESS_003013,CUST_00380,2025-11-04,1,149,False,0
SESS_003014,CUST_00383,2025-11-04,2,37,False,0
SESS_003015,CUST_00398,2025-11-04,3,116,False,0
SESS_003016,CUST_00419,2025-11-04,10,249,False,1
SESS_003017,CUST_00019,2025-11-05,6,40,False,0
SESS_003018,CUST_00080,2025-11-05,13,350,True,0
SESS_003019,CUST_00094,2025-11-05,3,31,False,0
SESS_003020,CUST_00119,2025-11-05,5,573,False,0
SESS_003021,CUST_00202,2025-11-05,9,391,True,0
SESS_003022,CUST_00224,2025-11-05,12,124,True,0
SESS_003023,CUST_00305,2025-11-05,6,190,False,0
SESS_003024,CUST_00326,2025-11-05,15,952,False,0
SESS_003025,CUST_00341,2025-11-05,4,156,False,0
SESS_003026,CUST_00371,2025-11-05,21,425,False,0
SESS_003027,CUST_00409,2025-11-05,3,116,False,0
SESS_003028,CUST_00412,2025-11-05,9,337,False,0
SESS_003029,CUST_00414,2025-11-05,3,192,False,0
SESS_003030,CUST_00419,2025-11-05,6,79,False,0
SESS_003031,CUST_00421,2025-11-05,6,185,True,0
SESS_003032,CUST_00033,2025-11-06,3,137,False,0
SESS_003033,CUST_00050,2025-11-06,4,397,True,0
SESS_003034,CUST_00226,2025-11-06,3,229,False,0
SESS_003035,CUST_00242,2025-11-06,1,43,False,0
SESS_003036,CUST_00265,2025-11-06,3,34,False,0
SESS_003037,CUST_00298,2025-11-06,5,87,True,0
SESS_003038,CUST_00306,2025-11-06,7,778,False,0
SESS_003039,CUST_00321,2025-11-06,6,188,False,0
SESS_003040,CUST_00330,2025-11-06,3,70,False,0
SESS_003041,CUST_00339,2025-11-06,8,202,True,0
SESS_003042,CUST_00351,2025-11-06,4,156,True,0
SESS_003043,CUST_00355,2025-11-06,5,326,True,0
SESS_003044,CUST_00367,2025-11-06,13,878,False,0
SESS_003045,CUST_00376,2025-11-06,3,137,False,0
SESS_003046,CUST_00407,2025-11-06,7,178,True,0
SESS_003047,CUST_00408,2025-11-06,1,181,False,0
SESS_003048,CUST_00421,2025-11-06,10,328,True,0
SESS_003049,CUST_00423,2025-11-06,6,776,False,0
SESS_003050,CUST_00019,2025-11-07,6,446,True,0
SESS_003051,CUST_00050,2025-11-07,1,210,False,0
SESS_003052,CUST_00085,2025-11-07,9,691,False,0
SESS_003053,CUST_00088,2025-11-07,17,780,False,0
SESS_003054,CUST_00139,2025-11-07,18,420,False,0
SESS_003055,CUST_00144,2025-11-07,7,271,True,0
SESS_003056,CUST_00282,2025-11-07,4,88,False,0
SESS_003057,CUST_00294,2025-11-07,19,649,False,0
SESS_003058,CUST_00298,2025-11-07,13,780,False,0
SESS_003059,CUST_00308,2025-11-07,2,77,False,0
SESS_003060,CUST_00313,2025-11-07,1,230,False,0
SESS_003061,CUST_00314,2025-11-07,1,110,False,0
SESS_003062,CUST_00327,2025-11-07,5,204,True,0
SESS_003063,CUST_00344,2025-11-07,1,179,False,0
SESS_003064,CUST_00363,2025-11-07,2,163,False,0
SESS_003065,CUST_00370,2025-11-07,3,39,False,0
SESS_003066,CUST_00380,2025-11-07,6,137,False,0
SESS_003067,CUST_00389,2025-11-07,1,218,False,0
SESS_003068,CUST_00406,2025-11-07,13,253,False,0
SESS_003069,CUST_00409,2025-11-07,1,105,False,0
SESS_003070,CUST_00002,2025-11-08,2,113,False,0
SESS_003071,CUST_00061,2025-11-08,4,152,False,0
SESS_003072,CUST_00110,2025-11-08,22,503,False,0
SESS_003073,CUST_00202,2025-11-08,3,106,False,0
SESS_003074,CUST_00306,2025-11-08,3,118,False,0
SESS_003075,CUST_00314,2025-11-08,11,256,False,0
SESS_003076,CUST_00314,2025-11-08,22,486,False,0
SESS_003077,CUST_00353,2025-11-08,5,865,False,1
SESS_003078,CUST_00364,2025-11-08,16,529,False,0
SESS_003079,CUST_00364,2025-11-08,5,167,True,0
SESS_003080,CUST_00382,2025-11-08,12,172,True,0
SESS_003081,CUST_00383,2025-11-08,2,20,False,0
SESS_003082,CUST_00387,2025-11-08,3,77,False,0
SESS_003083,CUST_00388,2025-11-08,2,237,False,0
SESS_003084,CUST_00396,2025-11-08,4,30,False,0
SESS_003085,CUST_00410,2025-11-08,18,435,False,0
SESS_003086,CUST_00421,2025-11-08,20,877,False,0
SESS_003087,CUST_00422,2025-11-08,2,124,False,0
SESS_003088,CUST_00073,2025-11-09,12,139,True,0
SESS_003089,CUST_00121,2025-11-09,2,182,False,0
SESS_003090,CUST_00126,2025-11-09,10,76,True,0
SESS_003091,CUST_00143,2025-11-09,6,167,False,0
SESS_003092,CUST_00226,2025-11-09,4,213,False,0
SESS_003093,CUST_00279,2025-11-09,11,572,False,0
SESS_003094,CUST_00281,2025-11-09,1,155,False,0
SESS_003095,CUST_00321,2025-11-09,1,133,False,0
SESS_003096,CUST_00322,2025-11-09,5,505,False,0
SESS_003097,CUST_00327,2025-11-09,3,122,False,0
SESS_003098,CUST_00348,2025-11-09,3,236,False,0
SESS_003099,CUST_00387,2025-11-09,2,200,False,0
SESS_003100,CUST_00409,2025-11-09,6,143,True,0
SESS_003101,CUST_00419,2025-11-09,18,454,False,0
SESS_003102,CUST_00425,2025-11-09,14,502,False,0
SESS_003103,CUST_00222,2025-11-10,2,218,False,0
SESS_003104,CUST_00235,2025-11-10,2,55,False,0
SESS_003105,CUST_00244,2025-11-10,15,833,False,0
SESS_003106,CUST_00262,2025-11-10,1,132,False,0
SESS_003107,CUST_00264,2025-11-10,2,66,False,0
SESS_003108,CUST_00329,2025-11-10,13,126,True,0
SESS_003109,CUST_00351,2025-11-10,2,55,False,0
SESS_003110,CUST_00366,2025-11-10,5,792,False,0
SESS_003111,CUST_00375,2025-11-10,4,185,False,0
SESS_003112,CUST_00398,2025-11-10,22,380,False,0
SESS_003113,CUST_00404,2025-11-10,12,268,True,0
SESS_003114,CUST_00413,2025-11-10,3,237,False,0
SESS_003115,CUST_00109,2025-11-11,1,227,False,0
SESS_003116,CUST_00145,2025-11-11,3,394,True,0
SESS_003117,CUST_00233,2025-11-11,1,155,False,0
SESS_003118,CUST_00242,2025-11-11,6,134,False,0
SESS_003119,CUST_00264,2025-11-11,2,18,False,0
SESS_003120,CUST_00300,2025-11-11,1,37,False,0
SESS_003121,CUST_00309,2025-11-11,5,356,True,0
SESS_003122,CUST_00314,2025-11-11,1,225,False,0
SESS_003123,CUST_00339,2025-11-11,21,590,False,0
SESS_003124,CUST_00366,2025-11-11,13,428,True,0
SESS_003125,CUST_00367,2025-11-11,1,76,False,0
SESS_003126,CUST_00376,2025-11-11,2,18,False,0
SESS_003127,CUST_00381,2025-11-11,1,183,False,0
SESS_003128,CUST_00403,2025-11-11,6,29,False,0
SESS_003129,CUST_00410,2025-11-11,1,183,False,0
SESS_003130,CUST_00416,2025-11-11,1,55,False,0
SESS_003131,CUST_00420,2025-11-11,7,193,True,0
SESS_003132,CUST_00426,2025-11-11,10,281,True,0
SESS_003133,CUST_00427,2025-11-11,9,818,False,0
SESS_003134,CUST_00094,2025-11-12,2,101,False,0
SESS_003135,CUST_00110,2025-11-12,11,646,False,0
SESS_003136,CUST_00153,2025-11-12,5,232,False,0
SESS_003137,CUST_00169,2025-11-12,10,381,False,0
SESS_003138,CUST_00203,2025-11-12,11,272,False,0
SESS_003139,CUST_00213,2025-11-12,2,225,False,0
SESS_003140,CUST_00223,2025-11-12,2,97,False,0
SESS_003141,CUST_00236,2025-11-12,3,221,False,0
SESS_003142,CUST_00250,2025-11-12,6,152,False,0
SESS_003143,CUST_00272,2025-11-12,8,452,True,0
SESS_003144,CUST_00282,2025-11-12,3,44,False,0
SESS_003145,CUST_00321,2025-11-12,6,331,True,0
SESS_003146,CUST_00367,2025-11-12,21,269,False,0
SESS_003147,CUST_00400,2025-11-12,3,469,True,0
SESS_003148,CUST_00420,2025-11-12,11,742,False,0
SESS_003149,CUST_00424,2025-11-12,9,877,False,0
SESS_003150,CUST_00426,2025-11-12,10,385,False,0
SESS_003151,CUST_00054,2025-11-13,10,860,False,0
SESS_003152,CUST_00171,2025-11-13,13,301,False,0
SESS_003153,CUST_00326,2025-11-13,11,740,False,0
SESS_003154,CUST_00339,2025-11-13,9,432,False,0
SESS_003155,CUST_00351,2025-11-13,3,172,True,0
SESS_003156,CUST_00360,2025-11-13,11,229,True,0
SESS_003157,CUST_00372,2025-11-13,1,103,False,0
SESS_003158,CUST_00389,2025-11-13,17,959,False,0
SESS_003159,CUST_00389,2025-11-13,6,133,True,0
SESS_003160,CUST_00403,2025-11-13,12,345,True,0
SESS_003161,CUST_00424,2025-11-13,1,179,False,0
SESS_003162,CUST_00427,2025-11-13,4,108,False,0
SESS_003163,CUST_00083,2025-11-14,2,137,False,0
SESS_003164,CUST_00148,2025-11-14,12,420,True,0
SESS_003165,CUST_00159,2025-11-14,5,136,True,0
SESS_003166,CUST_00163,2025-11-14,1,90,False,0
SESS_003167,CUST_00165,2025-11-14,3,79,False,0
SESS_003168,CUST_00212,2025-11-14,6,19,False,0
SESS_003169,CUST_00271,2025-11-14,3,91,False,0
SESS_003170,CUST_00274,2025-11-14,12,107,True,0
SESS_003171,CUST_00278,2025-11-14,2,219,False,0
SESS_003172,CUST_00288,2025-11-14,1,70,False,0
SESS_003173,CUST_00302,2025-11-14,1,159,False,0
SESS_003174,CUST_00303,2025-11-14,2,223,False,0
SESS_003175,CUST_00366,2025-11-14,18,899,False,0
SESS_003176,CUST_00366,2025-11-14,10,457,False,0
SESS_003177,CUST_00367,2025-11-14,18,504,False,1
SESS_003178,CUST_00368,2025-11-14,3,106,True,0
SESS_003179,CUST_00376,2025-11-14,4,113,False,0
SESS_003180,CUST_00380,2025-11-14,21,268,False,0
SESS_003181,CUST_00387,2025-11-14,2,225,False,0
SESS_003182,CUST_00403,2025-11-14,1,156,False,0
SESS_003183,CUST_00405,2025-11-14,4,205,False,0
SESS_003184,CUST_00409,2025-11-14,1,220,False,0
SESS_003185,CUST_00431,2025-11-14,16,919,False,0
SESS_003186,CUST_00154,2025-11-15,2,107,False,0
SESS_003187,CUST_00169,2025-11-15,2,97,False,0
SESS_003188,CUST_00274,2025-11-15,1,39,False,0
SESS_003189,CUST_00280,2025-11-15,2,107,False,0
SESS_003190,CUST_00309,2025-11-15,1,183,False,0
SESS_003191,CUST_00325,2025-11-15,9,191,True,0
SESS_003192,CUST_00366,2025-11-15,13,730,False,0
SESS_003193,CUST_00369,2025-11-15,2,43,False,0
SESS_003194,CUST_00407,2025-11-15,4,190,True,0
SESS_003195,CUST_00408,2025-11-15,1,93,False,0
SESS_003196,CUST_00410,2025-11-15,8,339,True,0
SESS_003197,CUST_00412,2025-11-15,15,210,False,0
SESS_003198,CUST_00428,2025-11-15,14,880,False,0
SESS_003199,CUST_00188,2025-11-16,13,253,False,0
SESS_003200,CUST_00216,2025-11-16,1,236,False,0
SESS_003201,CUST_00254,2025-11-16,2,122,False,1
SESS_003202,CUST_00346,2025-11-16,11,242,True,0
SESS_003203,CUST_00350,2025-11-16,8,346,True,0
SESS_003204,CUST_00357,2025-11-16,5,332,True,0
SESS_003205,CUST_00395,2025-11-16,2,118,False,0
SESS_003206,CUST_00398,2025-11-16,1,75,False,0
SESS_003207,CUST_00400,2025-11-16,2,119,False,0
SESS_003208,CUST_00406,2025-11-16,1,127,False,0
SESS_003209,CUST_00421,2025-11-16,2,151,False,0
SESS_003210,CUST_00422,2025-11-16,6,444,False,0
SESS_003211,CUST_00430,2025-11-16,3,111,False,0
SESS_003212,CUST_00171,2025-11-17,13,411,False,1
SESS_003213,CUST_00238,2025-11-17,1,78,False,0
SESS_003214,CUST_00260,2025-11-17,6,75,False,0
SESS_003215,CUST_00284,2025-11-17,1,107,False,1
SESS_003216,CUST_00322,2025-11-17,21,467,False,0
SESS_003217,CUST_00360,2025-11-17,20,763,False,0
SESS_003218,CUST_00365,2025-11-17,6,248,True,0
SESS_003219,CUST_00392,2025-11-17,2,47,False,0
SESS_003220,CUST_00397,2025-11-17,3,460,True,0
SESS_003221,CUST_00417,2025-11-17,1,35,False,0
SESS_003222,CUST_00430,2025-11-17,13,286,False,0
SESS_003223,CUST_00430,2025-11-17,13,467,False,0
SESS_003224,CUST_00431,2025-11-17,1,235,False,0
SESS_003225,CUST_00065,2025-11-18,1,49,False,0
SESS_003226,CUST_00082,2025-11-18,10,482,False,0
SESS_003227,CUST_00146,2025-11-18,10,394,True,0
SESS_003228,CUST_00164,2025-11-18,5,475,False,0
SESS_003229,CUST_00197,2025-11-18,17,384,False,0
SESS_003230,CUST_00197,2025-11-18,1,80,False,0
SESS_003231,CUST_00254,2025-11-18,4,170,False,0
SESS_003232,CUST_00257,2025-11-18,1,131,False,0
SESS_003233,CUST_00297,2025-11-18,1,80,False,0
SESS_003234,CUST_00299,2025-11-18,6,47,False,0
SESS_003235,CUST_00306,2025-11-18,7,889,False,0
SESS_003236,CUST_00342,2025-11-18,17,596,False,0
SESS_003237,CUST_00365,2025-11-18,6,332,True,0
SESS_003238,CUST_00375,2025-11-18,4,222,False,0
SESS_003239,CUST_00381,2025-11-18,22,724,False,0
SESS_003240,CUST_00426,2025-11-18,11,225,False,0
SESS_003241,CUST_00434,2025-11-18,9,933,False,0
SESS_003242,CUST_00436,2025-11-18,16,481,False,0
SESS_003243,CUST_00023,2025-11-19,6,744,False,0
SESS_003244,CUST_00079,2025-11-19,9,465,True,0
SESS_003245,CUST_00082,2025-11-19,4,228,False,0
SESS_003246,CUST_00104,2025-11-19,3,133,False,0
SESS_003247,CUST_00205,2025-11-19,12,618,False,0
SESS_003248,CUST_00214,2025-11-19,13,154,True,0
SESS_003249,CUST_00238,2025-11-19,3,203,False,0
SESS_003250,CUST_00252,2025-11-19,3,94,False,0
SESS_003251,CUST_00256,2025-11-19,1,127,False,0
SESS_003252,CUST_00268,2025-11-19,1,111,False,1
SESS_003253,CUST_00294,2025-11-19,3,222,False,0
SESS_003254,CUST_00297,2025-11-19,2,182,False,0
SESS_003255,CUST_00306,2025-11-19,1,108,False,1
SESS_003256,CUST_00311,2025-11-19,3,163,False,0
SESS_003257,CUST_00359,2025-11-19,6,209,False,0
SESS_003258,CUST_00382,2025-11-19,1,118,False,0
SESS_003259,CUST_00386,2025-11-19,10,426,True,0
SESS_003260,CUST_00398,2025-11-19,4,216,False,0
SESS_003261,CUST_00404,2025-11-19,19,537,False,0
SESS_003262,CUST_00410,2025-11-19,12,135,True,0
SESS_003263,CUST_00429,2025-11-19,17,766,False,0
SESS_003264,CUST_00434,2025-11-19,10,466,True,0
SESS_003265,CUST_00440,2025-11-19,3,162,False,0
SESS_003266,CUST_00067,2025-11-20,4,220,True,0
SESS_003267,CUST_00124,2025-11-20,3,35,False,0
SESS_003268,CUST_00170,2025-11-20,9,144,True,0
SESS_003269,CUST_00178,2025-11-20,1,226,False,0
SESS_003270,CUST_00230,2025-11-20,1,168,False,0
SESS_003271,CUST_00321,2025-11-20,3,30,False,0
SESS_003272,CUST_00366,2025-11-20,14,857,False,0
SESS_003273,CUST_00381,2025-11-20,7,851,False,0
SESS_003274,CUST_00389,2025-11-20,6,613,False,0
SESS_003275,CUST_00411,2025-11-20,8,75,True,0
SESS_003276,CUST_00416,2025-11-20,13,768,False,0
SESS_003277,CUST_00420,2025-11-20,6,231,False,0
SESS_003278,CUST_00424,2025-11-20,4,137,False,0
SESS_003279,CUST_00442,2025-11-20,15,670,False,0
SESS_003280,CUST_00140,2025-11-21,11,269,True,0
SESS_003281,CUST_00171,2025-11-21,21,444,False,0
SESS_003282,CUST_00235,2025-11-21,6,408,True,0
SESS_003283,CUST_00264,2025-11-21,2,231,False,0
SESS_003284,CUST_00302,2025-11-21,2,111,False,0
SESS_003285,CUST_00346,2025-11-21,1,235,False,0
SESS_003286,CUST_00402,2025-11-21,2,215,False,0
SESS_003287,CUST_00413,2025-11-21,1,48,False,0
SESS_003288,CUST_00434,2025-11-21,13,507,False,1
SESS_003289,CUST_00440,2025-11-21,1,127,False,0
SESS_003290,CUST_00441,2025-11-21,7,356,True,0
SESS_003291,CUST_00002,2025-11-22,3,164,False,0
SESS_003292,CUST_00035,2025-11-22,1,65,False,0
SESS_003293,CUST_00119,2025-11-22,10,339,False,1
SESS_003294,CUST_00125,2025-11-22,6,748,False,0
SESS_003295,CUST_00140,2025-11-22,11,186,True,0
SESS_003296,CUST_00197,2025-11-22,15,656,False,0
SESS_003297,CUST_00248,2025-11-22,1,233,False,0
SESS_003298,CUST_00254,2025-11-22,21,183,False,0
SESS_003299,CUST_00283,2025-11-22,8,938,False,0
SESS_003300,CUST_00381,2025-11-22,15,413,False,0
SESS_003301,CUST_00381,2025-11-22,6,139,False,0
SESS_003302,CUST_00406,2025-11-22,1,20,False,0
SESS_003303,CUST_00417,2025-11-22,4,226,False,0
SESS_003304,CUST_00418,2025-11-22,2,87,False,0
SESS_003305,CUST_00419,2025-11-22,13,872,False,0
SESS_003306,CUST_00421,2025-11-22,1,202,False,0
SESS_003307,CUST_00431,2025-11-22,3,397,True,0
SESS_003308,CUST_00440,2025-11-22,6,335,False,0
SESS_003309,CUST_00092,2025-11-23,4,39,False,0
SESS_003310,CUST_00102,2025-11-23,10,646,False,0
SESS_003311,CUST_00141,2025-11-23,9,404,True,0
SESS_003312,CUST_00162,2025-11-23,11,464,True,0
SESS_003313,CUST_00226,2025-11-23,2,176,False,0
SESS_003314,CUST_00239,2025-11-23,1,76,False,0
SESS_003315,CUST_00241,2025-11-23,1,65,False,1
SESS_003316,CUST_00250,2025-11-23,1,143,False,0
SESS_003317,CUST_00264,2025-11-23,11,431,True,0
SESS_003318,CUST_00278,2025-11-23,13,237,True,0
SESS_003319,CUST_00279,2025-11-23,3,30,False,0
SESS_003320,CUST_00291,2025-11-23,2,23,False,0
SESS_003321,CUST_00341,2025-11-23,7,202,True,0
SESS_003322,CUST_00359,2025-11-23,3,193,False,0
SESS_003323,CUST_00360,2025-11-23,3,172,False,0
SESS_003324,CUST_00372,2025-11-23,13,165,True,0
SESS_003325,CUST_00379,2025-11-23,3,62,False,0
SESS_003326,CUST_00383,2025-11-23,16,956,False,0
SESS_003327,CUST_00390,2025-11-23,6,202,False,0
SESS_003328,CUST_00394,2025-11-23,19,586,False,0
SESS_003329,CUST_00407,2025-11-23,3,37,False,0
SESS_003330,CUST_00412,2025-11-23,12,480,False,0
SESS_003331,CUST_00413,2025-11-23,10,423,True,0
SESS_003332,CUST_00428,2025-11-23,11,144,True,0
SESS_003333,CUST_00430,2025-11-23,8,547,False,0
SESS_003334,CUST_00432,2025-11-23,18,454,False,0
SESS_003335,CUST_00439,2025-11-23,22,920,False,0
SESS_003336,CUST_00441,2025-11-23,11,258,True,0
SESS_003337,CUST_00444,2025-11-23,20,520,False,0
SESS_003338,CUST_00027,2025-11-24,9,203,True,0
SESS_003339,CUST_00115,2025-11-24,1,182,False,0
SESS_003340,CUST_00145,2025-11-24,20,205,False,0
SESS_003341,CUST_00168,2025-11-24,3,153,False,0
SESS_003342,CUST_00198,2025-11-24,9,316,False,0
SESS_003343,CUST_00225,2025-11-24,9,158,True,0
SESS_003344,CUST_00265,2025-11-24,4,469,True,0
SESS_003345,CUST_00291,2025-11-24,6,24,False,0
SESS_003346,CUST_00309,2025-11-24,3,237,False,0
SESS_003347,CUST_00321,2025-11-24,3,220,False,0
SESS_003348,CUST_00380,2025-11-24,1,139,False,0
SESS_003349,CUST_00406,2025-11-24,10,384,False,0
SESS_003350,CUST_00427,2025-11-24,1,177,False,0
SESS_003351,CUST_00437,2025-11-24,19,567,False,0
SESS_003352,CUST_00445,2025-11-24,5,494,False,0
SESS_003353,CUST_00446,2025-11-24,10,374,True,0
SESS_003354,CUST_00077,2025-11-25,7,627,False,0
SESS_003355,CUST_00273,2025-11-25,13,195,True,0
SESS_003356,CUST_00283,2025-11-25,4,129,False,0
SESS_003357,CUST_00345,2025-11-25,2,28,False,0
SESS_003358,CUST_00371,2025-11-25,6,25,False,0
SESS_003359,CUST_00372,2025-11-25,10,342,False,0
SESS_003360,CUST_00396,2025-11-25,12,330,True,0
SESS_003361,CUST_00396,2025-11-25,7,245,True,0
SESS_003362,CUST_00412,2025-11-25,19,632,False,0
SESS_003363,CUST_00426,2025-11-25,2,106,False,0
SESS_003364,CUST_00429,2025-11-25,2,45,False,0
SESS_003365,CUST_00430,2025-11-25,2,152,False,0
SESS_003366,CUST_00039,2025-11-26,2,73,False,0
SESS_003367,CUST_00072,2025-11-26,9,442,True,0
SESS_003368,CUST_00110,2025-11-26,18,514,False,0
SESS_003369,CUST_00111,2025-11-26,10,304,True,0
SESS_003370,CUST_00120,2025-11-26,1,106,False,0
SESS_003371,CUST_00160,2025-11-26,4,92,False,0
SESS_003372,CUST_00196,2025-11-26,6,145,False,0
SESS_003373,CUST_00238,2025-11-26,13,161,True,0
SESS_003374,CUST_00339,2025-11-26,8,857,False,1
SESS_003375,CUST_00346,2025-11-26,7,130,True,0
SESS_003376,CUST_00356,2025-11-26,10,824,False,0
SESS_003377,CUST_00366,2025-11-26,2,54,False,0
SESS_003378,CUST_00419,2025-11-26,2,201,False,0
SESS_003379,CUST_00428,2025-11-26,3,185,False,0
SESS_003380,CUST_00439,2025-11-26,2,83,False,0
SESS_003381,CUST_00444,2025-11-26,1,80,False,0
SESS_003382,CUST_00001,2025-11-27,14,747,False,0
SESS_003383,CUST_00008,2025-11-27,1,155,False,0
SESS_003384,CUST_00227,2025-11-27,3,319,True,0
SESS_003385,CUST_00258,2025-11-27,2,120,False,0
SESS_003386,CUST_00278,2025-11-27,1,53,False,0
SESS_003387,CUST_00284,2025-11-27,4,191,False,0
SESS_003388,CUST_00310,2025-11-27,9,262,True,0
SESS_003389,CUST_00311,2025-11-27,2,27,False,0
SESS_003390,CUST_00318,2025-11-27,4,439,True,1
SESS_003391,CUST_00350,2025-11-27,5,110,True,0
SESS_003392,CUST_00359,2025-11-27,1,77,False,0
SESS_003393,CUST_00362,2025-11-27,3,365,True,0
SESS_003394,CUST_00374,2025-11-27,1,60,False,0
SESS_003395,CUST_00374,2025-11-27,3,237,False,0
SESS_003396,CUST_00378,2025-11-27,11,108,True,0
SESS_003397,CUST_00381,2025-11-27,1,37,False,1
SESS_003398,CUST_00383,2025-11-27,7,455,True,0
SESS_003399,CUST_00395,2025-11-27,15,622,False,0
SESS_003400,CUST_00395,2025-11-27,3,15,False,0
SESS_003401,CUST_00411,2025-11-27,6,231,False,0
SESS_003402,CUST_00419,2025-11-27,22,852,False,0
SESS_003403,CUST_00440,2025-11-27,4,223,False,0
SESS_003404,CUST_00441,2025-11-27,10,312,False,0
SESS_003405,CUST_00442,2025-11-27,6,249,False,1
SESS_003406,CUST_00442,2025-11-27,1,161,False,0
SESS_003407,CUST_00448,2025-11-27,5,744,False,0
SESS_003408,CUST_00448,2025-11-27,4,359,True,0
SESS_003409,CUST_00448,2025-11-27,1,117,False,0
SESS_003410,CUST_00072,2025-11-28,13,172,True,0
SESS_003411,CUST_00190,2025-11-28,11,136,True,0
SESS_003412,CUST_00302,2025-11-28,20,561,False,0
SESS_003413,CUST_00340,2025-11-28,1,53,False,0
SESS_003414,CUST_00349,2025-11-28,3,225,False,0
SESS_003415,CUST_00365,2025-11-28,2,129,False,0
SESS_003416,CUST_00373,2025-11-28,13,208,True,0
SESS_003417,CUST_00383,2025-11-28,18,363,False,0
SESS_003418,CUST_00394,2025-11-28,20,223,False,0
SESS_003419,CUST_00396,2025-11-28,4,226,False,0
SESS_003420,CUST_00431,2025-11-28,2,139,False,0
SESS_003421,CUST_00433,2025-11-28,21,951,False,0
SESS_003422,CUST_00435,2025-11-28,15,827,False,1
SESS_003423,CUST_00435,2025-11-28,2,223,False,0
SESS_003424,CUST_00437,2025-11-28,3,100,False,0
SESS_003425,CUST_00443,2025-11-28,18,512,False,0
SESS_003426,CUST_00011,2025-11-29,19,860,False,0
SESS_003427,CUST_00014,2025-11-29,7,357,True,0
SESS_003428,CUST_00075,2025-11-29,1,184,False,0
SESS_003429,CUST_00102,2025-11-29,2,35,False,0
SESS_003430,CUST_00146,2025-11-29,1,93,False,0
SESS_003431,CUST_00171,2025-11-29,17,418,False,0
SESS_003432,CUST_00177,2025-11-29,9,540,False,0
SESS_003433,CUST_00280,2025-11-29,18,385,False,0
SESS_003434,CUST_00324,2025-11-29,6,179,False,0
SESS_003435,CUST_00346,2025-11-29,7,272,True,0
SESS_003436,CUST_00377,2025-11-29,1,68,False,0
SESS_003437,CUST_00389,2025-11-29,10,552,False,0
SESS_003438,CUST_00391,2025-11-29,1,207,False,0
SESS_003439,CUST_00395,2025-11-29,22,841,False,0
SESS_003440,CUST_00402,2025-11-29,4,203,True,0
SESS_003441,CUST_00406,2025-11-29,2,96,False,0
SESS_003442,CUST_00412,2025-11-29,20,464,False,0
SESS_003443,CUST_00414,2025-11-29,1,157,False,0
SESS_003444,CUST_00421,2025-11-29,1,132,False,0
SESS_003445,CUST_00426,2025-11-29,2,149,False,0
SESS_003446,CUST_00428,2025-11-29,1,220,False,0
SESS_003447,CUST_00429,2025-11-29,1,85,False,0
SESS_003448,CUST_00434,2025-11-29,3,175,False,0
SESS_003449,CUST_00439,2025-11-29,1,56,False,0
SESS_003450,CUST_00441,2025-11-29,6,465,False,0
SESS_003451,CUST_00447,2025-11-29,15,284,False,0
SESS_003452,CUST_00450,2025-11-29,7,698,False,0
SESS_003453,CUST_00027,2025-11-30,1,161,False,0
SESS_003454,CUST_00106,2025-11-30,2,91,False,0
SESS_003455,CUST_00141,2025-11-30,2,206,False,0
SESS_003456,CUST_00209,2025-11-30,1,99,False,0
SESS_003457,CUST_00256,2025-11-30,3,144,False,0
SESS_003458,CUST_00260,2025-11-30,1,70,False,0
SESS_003459,CUST_00267,2025-11-30,1,238,False,0
SESS_003460,CUST_00345,2025-11-30,7,403,True,0
SESS_003461,CUST_00347,2025-11-30,2,214,False,1
SESS_003462,CUST_00365,2025-11-30,3,220,True,0
SESS_003463,CUST_00366,2025-11-30,20,641,False,0
SESS_003464,CUST_00367,2025-11-30,8,950,False,0
SESS_003465,CUST_00373,2025-11-30,5,194,True,0
SESS_003466,CUST_00380,2025-11-30,12,297,False,1
SESS_003467,CUST_00401,2025-11-30,2,225,False,0
SESS_003468,CUST_00404,2025-11-30,12,474,True,0
SESS_003469,CUST_00406,2025-11-30,10,644,False,0
SESS_003470,CUST_00409,2025-11-30,4,335,True,0
SESS_003471,CUST_00410,2025-11-30,22,380,False,0
SESS_003472,CUST_00415,2025-11-30,11,763,False,0
SESS_003473,CUST_00418,2025-11-30,2,36,False,0
SESS_003474,CUST_00424,2025-11-30,2,62,False,0
SESS_003475,CUST_00432,2025-11-30,12,156,True,0
SESS_003476,CUST_00441,2025-11-30,1,118,False,0
SESS_003477,CUST_00446,2025-11-30,7,216,False,0
SESS_003478,CUST_00446,2025-11-30,1,16,False,0
SESS_003479,CUST_00446,2025-11-30,1,54,False,0
SESS_003480,CUST_00447,2025-11-30,14,276,False,0
SESS_003481,CUST_00448,2025-11-30,2,196,False,0
SESS_003482,CUST_00449,2025-11-30,20,460,False,1
SESS_003483,CUST_00050,2025-12-01,20,437,False,0
SESS_003484,CUST_00247,2025-12-01,1,133,False,0
SESS_003485,CUST_00258,2025-12-01,16,645,False,0
SESS_003486,CUST_00294,2025-12-01,14,613,False,0
SESS_003487,CUST_00298,2025-12-01,12,314,True,0
SESS_003488,CUST_00365,2025-12-01,1,218,False,0
SESS_003489,CUST_00389,2025-12-01,17,767,False,0
SESS_003490,CUST_00394,2025-12-01,2,74,False,0
SESS_003491,CUST_00408,2025-12-01,3,164,False,0
SESS_003492,CUST_00415,2025-12-01,4,145,False,0
SESS_003493,CUST_00416,2025-12-01,1,97,False,0
SESS_003494,CUST_00419,2025-12-01,12,808,False,0
SESS_003495,CUST_00422,2025-12-01,1,156,False,0
SESS_003496,CUST_00425,2025-12-01,3,52,False,0
SESS_003497,CUST_00426,2025-12-01,2,223,False,0
SESS_003498,CUST_00438,2025-12-01,21,559,False,0
SESS_003499,CUST_00445,2025-12-01,2,86,False,0
SESS_003500,CUST_00451,2025-12-01,13,505,False,0
SESS_003501,CUST_00452,2025-12-01,14,711,False,0
SESS_003502,CUST_00453,2025-12-01,6,78,True,0
SESS_003503,CUST_00020,2025-12-02,1,160,False,0
SESS_003504,CUST_00250,2025-12-02,2,30,False,0
SESS_003505,CUST_00258,2025-12-02,6,102,False,0
SESS_003506,CUST_00279,2025-12-02,13,470,True,0
SESS_003507,CUST_00286,2025-12-02,12,364,False,0
SESS_003508,CUST_00310,2025-12-02,10,430,True,0
SESS_003509,CUST_00371,2025-12-02,4,115,False,0
SESS_003510,CUST_00372,2025-12-02,18,276,False,1
SESS_003511,CUST_00406,2025-12-02,1,190,False,0
SESS_003512,CUST_00409,2025-12-02,5,399,True,0
SESS_003513,CUST_00415,2025-12-02,2,190,False,0
SESS_003514,CUST_00419,2025-12-02,7,232,False,0
SESS_003515,CUST_00422,2025-12-02,3,18,False,0
SESS_003516,CUST_00441,2025-12-02,18,776,False,0
SESS_003517,CUST_00443,2025-12-02,1,87,False,0
SESS_003518,CUST_00444,2025-12-02,2,206,False,0
SESS_003519,CUST_00449,2025-12-02,7,882,False,0
SESS_003520,CUST_00450,2025-12-02,4,233,False,0
SESS_003521,CUST_00089,2025-12-03,2,17,False,0
SESS_003522,CUST_00106,2025-12-03,21,723,False,0
SESS_003523,CUST_00138,2025-12-03,8,225,True,0
SESS_003524,CUST_00213,2025-12-03,11,107,True,0
SESS_003525,CUST_00234,2025-12-03,20,637,False,0
SESS_003526,CUST_00252,2025-12-03,5,202,True,0
SESS_003527,CUST_00286,2025-12-03,6,382,True,0
SESS_003528,CUST_00360,2025-12-03,2,210,False,0
SESS_003529,CUST_00371,2025-12-03,5,391,True,0
SESS_003530,CUST_00387,2025-12-03,1,140,False,0
SESS_003531,CUST_00394,2025-12-03,6,233,False,0
SESS_003532,CUST_00398,2025-12-03,12,520,False,0
SESS_003533,CUST_00412,2025-12-03,6,638,False,0
SESS_003534,CUST_00415,2025-12-03,3,140,False,0
SESS_003535,CUST_00421,2025-12-03,4,40,False,0
SESS_003536,CUST_00424,2025-12-03,11,958,False,0
SESS_003537,CUST_00427,2025-12-03,1,23,False,0
SESS_003538,CUST_00438,2025-12-03,1,171,False,0
SESS_003539,CUST_00453,2025-12-03,7,416,True,0
SESS_003540,CUST_00455,2025-12-03,13,317,True,0
SESS_003541,CUST_00456,2025-12-03,20,672,False,0
SESS_003542,CUST_00457,2025-12-03,6,825,False,0
SESS_003543,CUST_00025,2025-12-04,3,212,False,0
SESS_003544,CUST_00039,2025-12-04,1,127,False,0
SESS_003545,CUST_00057,2025-12-04,1,61,False,0
SESS_003546,CUST_00106,2025-12-04,11,555,False,0
SESS_003547,CUST_00148,2025-12-04,1,208,False,0
SESS_003548,CUST_00163,2025-12-04,2,170,False,0
SESS_003549,CUST_00221,2025-12-04,2,145,False,0
SESS_003550,CUST_00274,2025-12-04,12,346,True,0
SESS_003551,CUST_00282,2025-12-04,6,127,False,0
SESS_003552,CUST_00284,2025-12-04,3,296,True,0
SESS_003553,CUST_00297,2025-12-04,7,199,True,0
SESS_003554,CUST_00306,2025-12-04,3,213,False,0
SESS_003555,CUST_00339,2025-12-04,1,110,False,0
SESS_003556,CUST_00342,2025-12-04,5,337,False,0
SESS_003557,CUST_00357,2025-12-04,5,425,True,0
SESS_003558,CUST_00400,2025-12-04,1,183,False,0
SESS_003559,CUST_00409,2025-12-04,20,634,False,0
SESS_003560,CUST_00426,2025-12-04,6,218,False,0
SESS_003561,CUST_00433,2025-12-04,1,51,False,0
SESS_003562,CUST_00433,2025-12-04,4,191,False,0
SESS_003563,CUST_00436,2025-12-04,1,226,False,0
SESS_003564,CUST_00442,2025-12-04,3,137,False,0
SESS_003565,CUST_00452,2025-12-04,2,174,False,0
SESS_003566,CUST_00458,2025-12-04,11,692,False,0
SESS_003567,CUST_00459,2025-12-04,1,182,False,0
SESS_003568,CUST_00021,2025-12-05,4,191,False,0
SESS_003569,CUST_00280,2025-12-05,19,667,False,0
SESS_003570,CUST_00354,2025-12-05,3,155,False,0
SESS_003571,CUST_00376,2025-12-05,9,175,True,0
SESS_003572,CUST_00379,2025-12-05,1,105,False,0
SESS_003573,CUST_00397,2025-12-05,3,223,False,0
SESS_003574,CUST_00400,2025-12-05,4,276,True,0
SESS_003575,CUST_00407,2025-12-05,12,251,True,0
SESS_003576,CUST_00409,2025-12-05,1,146,False,0
SESS_003577,CUST_00411,2025-12-05,1,34,False,0
SESS_003578,CUST_00419,2025-12-05,5,652,False,0
SESS_003579,CUST_00426,2025-12-05,8,680,False,0
SESS_003580,CUST_00441,2025-12-05,6,393,False,0
SESS_003581,CUST_00441,2025-12-05,2,154,False,0
SESS_003582,CUST_00446,2025-12-05,1,217,False,0
SESS_003583,CUST_00451,2025-12-05,3,106,False,0
SESS_003584,CUST_00454,2025-12-05,1,207,False,0
SESS_003585,CUST_00455,2025-12-05,22,860,False,0
SESS_003586,CUST_00458,2025-12-05,4,111,False,0
SESS_003587,CUST_00458,2025-12-05,6,260,True,0
SESS_003588,CUST_00459,2025-12-05,3,39,False,0
SESS_003589,CUST_00009,2025-12-06,1,158,False,0
SESS_003590,CUST_00147,2025-12-06,1,54,False,0
SESS_003591,CUST_00169,2025-12-06,3,202,False,0
SESS_003592,CUST_00212,2025-12-06,12,458,True,0
SESS_003593,CUST_00214,2025-12-06,21,825,False,0
SESS_003594,CUST_00219,2025-12-06,10,459,True,0
SESS_003595,CUST_00240,2025-12-06,11,197,True,0
SESS_003596,CUST_00276,2025-12-06,8,352,False,0
SESS_003597,CUST_00324,2025-12-06,6,181,False,0
SESS_003598,CUST_00339,2025-12-06,18,528,False,0
SESS_003599,CUST_00386,2025-12-06,22,641,False,0
SESS_003600,CUST_00387,2025-12-06,2,120,False,0
SESS_003601,CUST_00401,2025-12-06,1,148,False,0
SESS_003602,CUST_00403,2025-12-06,4,74,False,0
SESS_003603,CUST_00403,2025-12-06,3,201,False,0
SESS_003604,CUST_00409,2025-12-06,10,250,False,0
SESS_003605,CUST_00425,2025-12-06,1,122,False,0
SESS_003606,CUST_00429,2025-12-06,3,93,True,0
SESS_003607,CUST_00435,2025-12-06,11,188,True,0
SESS_003608,CUST_00437,2025-12-06,1,80,False,0
SESS_003609,CUST_00443,2025-12-06,1,43,False,0
SESS_003610,CUST_00444,2025-12-06,3,189,False,0
SESS_003611,CUST_00446,2025-12-06,2,122,False,0
SESS_003612,CUST_00449,2025-12-06,5,744,False,0
SESS_003613,CUST_00449,2025-12-06,13,297,True,0
SESS_003614,CUST_00456,2025-12-06,1,86,False,0
SESS_003615,CUST_00460,2025-12-06,3,95,False,0
SESS_003616,CUST_00023,2025-12-07,2,216,False,0
SESS_003617,CUST_00066,2025-12-07,1,62,False,0
SESS_003618,CUST_00205,2025-12-07,5,816,False,0
SESS_003619,CUST_00256,2025-12-07,5,227,True,0
SESS_003620,CUST_00305,2025-12-07,10,305,True,1
SESS_003621,CUST_00308,2025-12-07,9,467,False,0
SESS_003622,CUST_00338,2025-12-07,1,153,False,0
SESS_003623,CUST_00357,2025-12-07,3,121,False,0
SESS_003624,CUST_00366,2025-12-07,7,471,False,0
SESS_003625,CUST_00397,2025-12-07,13,332,True,0
SESS_003626,CUST_00405,2025-12-07,1,224,False,0
SESS_003627,CUST_00412,2025-12-07,2,189,False,0
SESS_003628,CUST_00424,2025-12-07,1,155,False,0
SESS_003629,CUST_00435,2025-12-07,1,104,False,0
SESS_003630,CUST_00439,2025-12-07,3,187,False,0
SESS_003631,CUST_00445,2025-12-07,22,262,False,1
SESS_003632,CUST_00445,2025-12-07,3,123,False,0
SESS_003633,CUST_00449,2025-12-07,19,291,False,0
SESS_003634,CUST_00462,2025-12-07,11,574,False,0
SESS_003635,CUST_00462,2025-12-07,4,430,True,0
SESS_003636,CUST_00028,2025-12-08,6,163,False,0
SESS_003637,CUST_00252,2025-12-08,1,160,False,0
SESS_003638,CUST_00262,2025-12-08,7,194,True,0
SESS_003639,CUST_00277,2025-12-08,1,29,False,0
SESS_003640,CUST_00308,2025-12-08,21,928,False,0
SESS_003641,CUST_00400,2025-12-08,1,132,False,0
SESS_003642,CUST_00412,2025-12-08,20,782,False,0
SESS_003643,CUST_00430,2025-12-08,21,869,False,0
SESS_003644,CUST_00439,2025-12-08,1,190,False,0
SESS_003645,CUST_00442,2025-12-08,11,151,True,0
SESS_003646,CUST_00449,2025-12-08,15,266,False,0
SESS_003647,CUST_00453,2025-12-08,4,469,True,0
SESS_003648,CUST_00460,2025-12-08,8,219,False,0
SESS_003649,CUST_00017,2025-12-09,1,16,False,0
SESS_003650,CUST_00022,2025-12-09,3,325,True,0
SESS_003651,CUST_00064,2025-12-09,5,327,True,0
SESS_003652,CUST_00093,2025-12-09,2,178,False,0
SESS_003653,CUST_00094,2025-12-09,2,189,False,0
SESS_003654,CUST_00119,2025-12-09,2,21,False,0
SESS_003655,CUST_00171,2025-12-09,8,206,False,0
SESS_003656,CUST_00295,2025-12-09,2,231,False,0
SESS_003657,CUST_00381,2025-12-09,5,341,True,0
SESS_003658,CUST_00382,2025-12-09,6,220,False,0
SESS_003659,CUST_00383,2025-12-09,18,819,False,0
SESS_003660,CUST_00383,2025-12-09,18,921,False,0
SESS_003661,CUST_00404,2025-12-09,22,610,False,0
SESS_003662,CUST_00407,2025-12-09,6,238,False,0
SESS_003663,CUST_00410,2025-12-09,17,396,False,0
SESS_003664,CUST_00428,2025-12-09,4,62,False,0
SESS_003665,CUST_00432,2025-12-09,3,31,False,0
SESS_003666,CUST_00440,2025-12-09,3,20,False,0
SESS_003667,CUST_00443,2025-12-09,2,45,False,0
SESS_003668,CUST_00451,2025-12-09,1,51,False,0
SESS_003669,CUST_00459,2025-12-09,1,234,False,0
SESS_003670,CUST_00102,2025-12-10,22,826,False,0
SESS_003671,CUST_00106,2025-12-10,10,891,False,1
SESS_003672,CUST_00157,2025-12-10,1,150,False,0
SESS_003673,CUST_00178,2025-12-10,1,59,False,0
SESS_003674,CUST_00183,2025-12-10,13,357,True,0
SESS_003675,CUST_00269,2025-12-10,12,247,True,0
SESS_003676,CUST_00269,2025-12-10,1,37,False,0
SESS_003677,CUST_00309,2025-12-10,6,53,False,0
SESS_003678,CUST_00326,2025-12-10,17,361,False,0
SESS_003679,CUST_00356,2025-12-10,12,215,True,0
SESS_003680,CUST_00361,2025-12-10,1,155,False,0
SESS_003681,CUST_00366,2025-12-10,19,467,False,0
SESS_003682,CUST_00380,2025-12-10,1,43,False,0
SESS_003683,CUST_00410,2025-12-10,20,540,False,0
SESS_003684,CUST_00411,2025-12-10,3,227,False,0
SESS_003685,CUST_00413,2025-12-10,2,26,False,0
SESS_003686,CUST_00414,2025-12-10,1,223,False,0
SESS_003687,CUST_00419,2025-12-10,22,892,False,0
SESS_003688,CUST_00421,2025-12-10,14,663,False,0
SESS_003689,CUST_00421,2025-12-10,13,479,True,0
SESS_003690,CUST_00430,2025-12-10,3,26,False,0
SESS_003691,CUST_00431,2025-12-10,2,96,False,0
SESS_003692,CUST_00441,2025-12-10,11,293,False,0
SESS_003693,CUST_00442,2025-12-10,1,188,False,0
SESS_003694,CUST_00443,2025-12-10,5,266,True,0
SESS_003695,CUST_00455,2025-12-10,3,197,False,0
SESS_003696,CUST_00459,2025-12-10,20,273,False,0
SESS_003697,CUST_00461,2025-12-10,21,607,False,0
SESS_003698,CUST_00462,2025-12-10,11,307,False,0
SESS_003699,CUST_00462,2025-12-10,12,191,True,0
SESS_003700,CUST_00467,2025-12-10,15,913,False,0
SESS_003701,CUST_00469,2025-12-10,6,595,False,0
SESS_003702,CUST_00063,2025-12-11,9,178,True,0
SESS_003703,CUST_00111,2025-12-11,3,65,False,0
SESS_003704,CUST_00144,2025-12-11,9,329,True,0
SESS_003705,CUST_00220,2025-12-11,2,90,False,0
SESS_003706,CUST_00254,2025-12-11,2,222,False,0
SESS_003707,CUST_00279,2025-12-11,2,99,False,0
SESS_003708,CUST_00323,2025-12-11,2,106,False,0
SESS_003709,CUST_00326,2025-12-11,8,789,False,0
SESS_003710,CUST_00367,2025-12-11,5,927,False,0
SESS_003711,CUST_00381,2025-12-11,6,16,False,0
SESS_003712,CUST_00410,2025-12-11,4,43,False,0
SESS_003713,CUST_00424,2025-12-11,10,189,False,0
SESS_003714,CUST_00424,2025-12-11,3,124,False,0
SESS_003715,CUST_00430,2025-12-11,9,452,True,0
SESS_003716,CUST_00440,2025-12-11,2,119,False,0
SESS_003717,CUST_00445,2025-12-11,14,718,False,1
SESS_003718,CUST_00449,2025-12-11,10,575,False,0
SESS_003719,CUST_00456,2025-12-11,10,297,True,0
SESS_003720,CUST_00463,2025-12-11,11,434,True,0
SESS_003721,CUST_00463,2025-12-11,7,373,True,0
SESS_003722,CUST_00465,2025-12-11,3,127,False,0
SESS_003723,CUST_00466,2025-12-11,4,118,False,0
SESS_003724,CUST_00468,2025-12-11,4,152,False,0
SESS_003725,CUST_00470,2025-12-11,8,218,True,0
SESS_003726,CUST_00012,2025-12-12,16,429,False,0
SESS_003727,CUST_00083,2025-12-12,2,150,False,0
SESS_003728,CUST_00125,2025-12-12,5,936,False,0
SESS_003729,CUST_00161,2025-12-12,6,141,False,0
SESS_003730,CUST_00253,2025-12-12,11,120,True,0
SESS_003731,CUST_00334,2025-12-12,1,185,False,0
SESS_003732,CUST_00353,2025-12-12,6,79,True,0
SESS_003733,CUST_00376,2025-12-12,4,51,False,0
SESS_003734,CUST_00380,2025-12-12,1,217,False,0
SESS_003735,CUST_00382,2025-12-12,4,50,False,0
SESS_003736,CUST_00386,2025-12-12,7,762,False,0
SESS_003737,CUST_00398,2025-12-12,19,661,False,0
SESS_003738,CUST_00406,2025-12-12,6,682,False,0
SESS_003739,CUST_00406,2025-12-12,1,65,False,0
SESS_003740,CUST_00418,2025-12-12,13,152,True,0
SESS_003741,CUST_00422,2025-12-12,6,375,True,0
SESS_003742,CUST_00422,2025-12-12,2,123,False,0
SESS_003743,CUST_00426,2025-12-12,6,222,False,0
SESS_003744,CUST_00433,2025-12-12,11,369,True,0
SESS_003745,CUST_00439,2025-12-12,6,267,True,0
SESS_003746,CUST_00440,2025-12-12,14,603,False,0
SESS_003747,CUST_00444,2025-12-12,1,237,False,0
SESS_003748,CUST_00445,2025-12-12,22,199,False,0
SESS_003749,CUST_00447,2025-12-12,10,402,False,0
SESS_003750,CUST_00449,2025-12-12,7,591,False,0
SESS_003751,CUST_00449,2025-12-12,3,145,False,0
SESS_003752,CUST_00450,2025-12-12,3,178,False,0
SESS_003753,CUST_00451,2025-12-12,1,164,False,0
SESS_003754,CUST_00453,2025-12-12,14,444,False,0
SESS_003755,CUST_00453,2025-12-12,1,209,False,0
SESS_003756,CUST_00454,2025-12-12,1,59,False,0
SESS_003757,CUST_00459,2025-12-12,2,115,False,0
SESS_003758,CUST_00465,2025-12-12,2,176,False,0
SESS_003759,CUST_00468,2025-12-12,2,92,False,0
SESS_003760,CUST_00470,2025-12-12,9,541,False,0
SESS_003761,CUST_00474,2025-12-12,4,112,False,0
SESS_003762,CUST_00087,2025-12-13,1,182,False,0
SESS_003763,CUST_00087,2025-12-13,2,216,False,0
SESS_003764,CUST_00133,2025-12-13,4,121,False,0
SESS_003765,CUST_00175,2025-12-13,6,219,False,0
SESS_003766,CUST_00245,2025-12-13,1,22,False,0
SESS_003767,CUST_00258,2025-12-13,10,250,True,0
SESS_003768,CUST_00261,2025-12-13,12,326,True,0
SESS_003769,CUST_00295,2025-12-13,4,195,False,0
SESS_003770,CUST_00301,2025-12-13,2,168,False,0
SESS_003771,CUST_00302,2025-12-13,13,212,False,0
SESS_003772,CUST_00339,2025-12-13,6,28,False,0
SESS_003773,CUST_00347,2025-12-13,11,605,False,0
SESS_003774,CUST_00359,2025-12-13,1,100,False,0
SESS_003775,CUST_00359,2025-12-13,1,21,False,0
SESS_003776,CUST_00383,2025-12-13,5,104,True,0
SESS_003777,CUST_00427,2025-12-13,2,49,False,0
SESS_003778,CUST_00430,2025-12-13,11,192,False,0
SESS_003779,CUST_00441,2025-12-13,5,139,True,0
SESS_003780,CUST_00445,2025-12-13,4,206,False,0
SESS_003781,CUST_00445,2025-12-13,1,135,False,0
SESS_003782,CUST_00450,2025-12-13,3,87,False,0
SESS_003783,CUST_00453,2025-12-13,13,690,False,0
SESS_003784,CUST_00454,2025-12-13,16,765,False,0
SESS_003785,CUST_00458,2025-12-13,2,72,False,0
SESS_003786,CUST_00464,2025-12-13,6,119,False,0
SESS_003787,CUST_00465,2025-12-13,1,30,False,0
SESS_003788,CUST_00466,2025-12-13,17,651,False,0
SESS_003789,CUST_00466,2025-12-13,2,57,False,0
SESS_003790,CUST_00467,2025-12-13,4,188,False,0
SESS_003791,CUST_00469,2025-12-13,4,459,True,0
SESS_003792,CUST_00470,2025-12-13,4,125,False,0
SESS_003793,CUST_00477,2025-12-13,5,321,True,1
SESS_003794,CUST_00477,2025-12-13,2,87,False,0
SESS_003795,CUST_00071,2025-12-14,7,385,True,0
SESS_003796,CUST_00137,2025-12-14,2,239,False,0
SESS_003797,CUST_00185,2025-12-14,1,51,False,0
SESS_003798,CUST_00285,2025-12-14,2,73,False,0
SESS_003799,CUST_00301,2025-12-14,2,81,False,1
SESS_003800,CUST_00312,2025-12-14,2,76,False,0
SESS_003801,CUST_00372,2025-12-14,20,778,False,0
SESS_003802,CUST_00374,2025-12-14,2,72,False,0
SESS_003803,CUST_00381,2025-12-14,11,193,True,0
SESS_003804,CUST_00393,2025-12-14,2,89,False,0
SESS_003805,CUST_00396,2025-12-14,6,360,True,0
SESS_003806,CUST_00400,2025-12-14,11,239,False,0
SESS_003807,CUST_00403,2025-12-14,6,41,False,0
SESS_003808,CUST_00404,2025-12-14,2,75,False,0
SESS_003809,CUST_00407,2025-12-14,5,222,True,0
SESS_003810,CUST_00412,2025-12-14,11,200,False,0
SESS_003811,CUST_00415,2025-12-14,9,723,False,0
SESS_003812,CUST_00434,2025-12-14,11,416,True,0
SESS_003813,CUST_00435,2025-12-14,1,169,False,0
SESS_003814,CUST_00446,2025-12-14,2,201,False,0
SESS_003815,CUST_00447,2025-12-14,20,440,False,0
SESS_003816,CUST_00447,2025-12-14,8,531,False,0
SESS_003817,CUST_00447,2025-12-14,1,15,False,0
SESS_003818,CUST_00449,2025-12-14,19,689,False,1
SESS_003819,CUST_00453,2025-12-14,19,410,False,0
SESS_003820,CUST_00454,2025-12-14,1,203,False,0
SESS_003821,CUST_00458,2025-12-14,4,109,False,0
SESS_003822,CUST_00463,2025-12-14,2,164,False,0
SESS_003823,CUST_00464,2025-12-14,11,183,False,0
SESS_003824,CUST_00467,2025-12-14,21,275,False,0
SESS_003825,CUST_00476,2025-12-14,7,159,True,0
SESS_003826,CUST_00478,2025-12-14,11,212,True,0
SESS_003827,CUST_00088,2025-12-15,21,915,False,0
SESS_003828,CUST_00106,2025-12-15,3,85,False,0
SESS_003829,CUST_00188,2025-12-15,13,659,False,1
SESS_003830,CUST_00225,2025-12-15,13,249,False,0
SESS_003831,CUST_00278,2025-12-15,1,22,False,0
SESS_003832,CUST_00279,2025-12-15,19,699,False,0
SESS_003833,CUST_00288,2025-12-15,2,149,False,0
SESS_003834,CUST_00315,2025-12-15,6,67,False,0
SESS_003835,CUST_00346,2025-12-15,10,132,True,0
SESS_003836,CUST_00353,2025-12-15,1,216,False,0
SESS_003837,CUST_00365,2025-12-15,1,225,False,0
SESS_003838,CUST_00403,2025-12-15,1,133,False,0
SESS_003839,CUST_00412,2025-12-15,13,204,False,0
SESS_003840,CUST_00434,2025-12-15,4,247,True,0
SESS_003841,CUST_00435,2025-12-15,2,160,False,0
SESS_003842,CUST_00445,2025-12-15,1,175,False,0
SESS_003843,CUST_00446,2025-12-15,3,163,False,0
SESS_003844,CUST_00447,2025-12-15,12,500,False,0
SESS_003845,CUST_00447,2025-12-15,5,108,True,0
SESS_003846,CUST_00451,2025-12-15,5,84,True,0
SESS_003847,CUST_00464,2025-12-15,3,71,False,0
SESS_003848,CUST_00467,2025-12-15,7,464,True,0
SESS_003849,CUST_00477,2025-12-15,14,536,False,0
SESS_003850,CUST_00478,2025-12-15,1,194,False,0
SESS_003851,CUST_00148,2025-12-16,1,117,False,0
SESS_003852,CUST_00187,2025-12-16,2,121,False,0
SESS_003853,CUST_00230,2025-12-16,6,83,True,0
SESS_003854,CUST_00326,2025-12-16,21,625,False,0
SESS_003855,CUST_00326,2025-12-16,19,872,False,0
SESS_003856,CUST_00328,2025-12-16,9,408,True,0
SESS_003857,CUST_00342,2025-12-16,4,175,False,0
SESS_003858,CUST_00343,2025-12-16,10,161,True,0
SESS_003859,CUST_00380,2025-12-16,4,147,False,0
SESS_003860,CUST_00391,2025-12-16,2,96,False,0
SESS_003861,CUST_00400,2025-12-16,3,30,False,0
SESS_003862,CUST_00430,2025-12-16,22,244,False,0
SESS_003863,CUST_00434,2025-12-16,17,586,False,0
SESS_003864,CUST_00440,2025-12-16,7,382,True,0
SESS_003865,CUST_00441,2025-12-16,15,821,False,0
SESS_003866,CUST_00445,2025-12-16,6,405,False,0
SESS_003867,CUST_00450,2025-12-16,3,224,False,0
SESS_003868,CUST_00453,2025-12-16,13,368,True,0
SESS_003869,CUST_00458,2025-12-16,4,136,True,0
SESS_003870,CUST_00462,2025-12-16,17,617,False,0
SESS_003871,CUST_00467,2025-12-16,3,112,False,0
SESS_003872,CUST_00468,2025-12-16,2,172,False,0
SESS_003873,CUST_00470,2025-12-16,10,334,False,0
SESS_003874,CUST_00470,2025-12-16,1,25,False,0
SESS_003875,CUST_00470,2025-12-16,2,151,False,0
SESS_003876,CUST_00470,2025-12-16,12,318,True,0
SESS_003877,CUST_00472,2025-12-16,11,864,False,0
SESS_003878,CUST_00473,2025-12-16,1,223,False,0
SESS_003879,CUST_00475,2025-12-16,6,391,False,0
SESS_003880,CUST_00475,2025-12-16,11,358,False,0
SESS_003881,CUST_00478,2025-12-16,1,212,False,0
SESS_003882,CUST_00481,2025-12-16,10,871,False,0
SESS_003883,CUST_00481,2025-12-16,14,564,False,0
SESS_003884,CUST_00042,2025-12-17,1,88,False,0
SESS_003885,CUST_00047,2025-12-17,1,200,False,0
SESS_003886,CUST_00265,2025-12-17,1,228,False,0
SESS_003887,CUST_00309,2025-12-17,6,221,False,0
SESS_003888,CUST_00340,2025-12-17,4,161,False,0
SESS_003889,CUST_00374,2025-12-17,2,184,False,0
SESS_003890,CUST_00402,2025-12-17,1,31,False,0
SESS_003891,CUST_00407,2025-12-17,1,103,False,0
SESS_003892,CUST_00424,2025-12-17,2,57,False,0
SESS_003893,CUST_00425,2025-12-17,1,144,False,1
SESS_003894,CUST_00434,2025-12-17,1,36,False,0
SESS_003895,CUST_00447,2025-12-17,9,407,False,0
SESS_003896,CUST_00449,2025-12-17,9,542,False,0
SESS_003897,CUST_00452,2025-12-17,5,312,True,0
SESS_003898,CUST_00453,2025-12-17,9,821,False,1
SESS_003899,CUST_00455,2025-12-17,2,227,False,0
SESS_003900,CUST_00458,2025-12-17,6,56,False,0
SESS_003901,CUST_00460,2025-12-17,2,44,False,0
SESS_003902,CUST_00462,2025-12-17,22,628,False,0
SESS_003903,CUST_00462,2025-12-17,2,127,False,0
SESS_003904,CUST_00463,2025-12-17,2,117,False,0
SESS_003905,CUST_00465,2025-12-17,17,738,False,0
SESS_003906,CUST_00469,2025-12-17,2,206,False,0
SESS_003907,CUST_00469,2025-12-17,2,217,False,0
SESS_003908,CUST_00472,2025-12-17,8,452,True,0
SESS_003909,CUST_00475,2025-12-17,1,196,False,0
SESS_003910,CUST_00476,2025-12-17,3,176,False,0
SESS_003911,CUST_00478,2025-12-17,3,30,False,0
SESS_003912,CUST_00482,2025-12-17,11,748,False,0
SESS_003913,CUST_00004,2025-12-18,1,194,False,0
SESS_003914,CUST_00054,2025-12-18,1,73,False,0
SESS_003915,CUST_00203,2025-12-18,4,200,False,0
SESS_003916,CUST_00222,2025-12-18,8,563,False,0
SESS_003917,CUST_00260,2025-12-18,13,377,True,0
SESS_003918,CUST_00270,2025-12-18,1,92,False,0
SESS_003919,CUST_00308,2025-12-18,6,533,False,0
SESS_003920,CUST_00314,2025-12-18,3,152,False,0
SESS_003921,CUST_00314,2025-12-18,4,73,False,0
SESS_003922,CUST_00345,2025-12-18,9,241,True,0
SESS_003923,CUST_00363,2025-12-18,2,43,False,0
SESS_003924,CUST_00371,2025-12-18,1,222,False,0
SESS_003925,CUST_00394,2025-12-18,9,814,False,0
SESS_003926,CUST_00394,2025-12-18,7,265,True,0
SESS_003927,CUST_00404,2025-12-18,6,954,False,0
SESS_003928,CUST_00406,2025-12-18,10,835,False,0
SESS_003929,CUST_00412,2025-12-18,21,487,False,0
SESS_003930,CUST_00415,2025-12-18,13,339,True,0
SESS_003931,CUST_00419,2025-12-18,14,262,False,0
SESS_003932,CUST_00440,2025-12-18,8,221,True,0
SESS_003933,CUST_00462,2025-12-18,5,698,False,0
SESS_003934,CUST_00462,2025-12-18,8,487,False,0
SESS_003935,CUST_00462,2025-12-18,12,878,False,0
SESS_003936,CUST_00463,2025-12-18,3,76,False,0
SESS_003937,CUST_00464,2025-12-18,4,59,False,0
SESS_003938,CUST_00465,2025-12-18,3,116,True,0
SESS_003939,CUST_00469,2025-12-18,4,237,False,0
SESS_003940,CUST_00479,2025-12-18,4,149,False,0
SESS_003941,CUST_00483,2025-12-18,7,116,True,0
SESS_003942,CUST_00164,2025-12-19,10,490,False,0
SESS_003943,CUST_00221,2025-12-19,1,186,False,0
SESS_003944,CUST_00254,2025-12-19,2,153,False,0
SESS_003945,CUST_00256,2025-12-19,6,153,False,0
SESS_003946,CUST_00274,2025-12-19,16,402,False,0
SESS_003947,CUST_00290,2025-12-19,1,122,False,0
SESS_003948,CUST_00295,2025-12-19,3,200,False,0
SESS_003949,CUST_00336,2025-12-19,9,307,True,0
SESS_003950,CUST_00362,2025-12-19,13,121,True,0
SESS_003951,CUST_00373,2025-12-19,1,139,False,0
SESS_003952,CUST_00394,2025-12-19,3,429,True,0
SESS_003953,CUST_00399,2025-12-19,11,366,False,0
SESS_003954,CUST_00404,2025-12-19,8,379,True,0
SESS_003955,CUST_00411,2025-12-19,1,109,False,0
SESS_003956,CUST_00419,2025-12-19,7,548,False,0
SESS_003957,CUST_00421,2025-12-19,2,93,False,0
SESS_003958,CUST_00426,2025-12-19,9,299,False,0
SESS_003959,CUST_00431,2025-12-19,1,31,False,0
SESS_003960,CUST_00433,2025-12-19,1,106,False,0
SESS_003961,CUST_00438,2025-12-19,4,239,False,0
SESS_003962,CUST_00443,2025-12-19,6,211,False,0
SESS_003963,CUST_00445,2025-12-19,16,804,False,0
SESS_003964,CUST_00449,2025-12-19,7,919,False,0
SESS_003965,CUST_00460,2025-12-19,9,350,True,0
SESS_003966,CUST_00464,2025-12-19,13,475,True,0
SESS_003967,CUST_00464,2025-12-19,1,178,False,0
SESS_003968,CUST_00467,2025-12-19,8,378,False,0
SESS_003969,CUST_00470,2025-12-19,2,47,False,0
SESS_003970,CUST_00472,2025-12-19,10,76,True,0
SESS_003971,CUST_00476,2025-12-19,17,761,False,0
SESS_003972,CUST_00477,2025-12-19,1,161,False,0
SESS_003973,CUST_00480,2025-12-19,3,377,True,0
SESS_003974,CUST_00480,2025-12-19,4,40,False,0
SESS_003975,CUST_00481,2025-12-19,10,659,False,0
SESS_003976,CUST_00481,2025-12-19,7,447,True,0
SESS_003977,CUST_00483,2025-12-19,10,633,False,0
SESS_003978,CUST_00485,2025-12-19,18,628,False,0
SESS_003979,CUST_00486,2025-12-19,4,191,True,0
SESS_003980,CUST_00029,2025-12-20,15,733,False,0
SESS_003981,CUST_00050,2025-12-20,7,133,True,0
SESS_003982,CUST_00118,2025-12-20,3,232,False,0
SESS_003983,CUST_00203,2025-12-20,2,105,False,0
SESS_003984,CUST_00260,2025-12-20,1,167,False,0
SESS_003985,CUST_00263,2025-12-20,3,191,False,0
SESS_003986,CUST_00263,2025-12-20,1,223,False,0
SESS_003987,CUST_00308,2025-12-20,21,486,False,0
SESS_003988,CUST_00326,2025-12-20,6,863,False,0
SESS_003989,CUST_00326,2025-12-20,14,876,False,0
SESS_003990,CUST_00329,2025-12-20,2,183,False,0
SESS_003991,CUST_00339,2025-12-20,12,189,False,0
SESS_003992,CUST_00350,2025-12-20,11,357,True,0
SESS_003993,CUST_00354,2025-12-20,4,230,False,0
SESS_003994,CUST_00359,2025-12-20,1,131,False,0
SESS_003995,CUST_00371,2025-12-20,11,312,False,0
SESS_003996,CUST_00381,2025-12-20,13,862,False,0
SESS_003997,CUST_00381,2025-12-20,20,717,False,0
SESS_003998,CUST_00387,2025-12-20,1,233,False,0
SESS_003999,CUST_00392,2025-12-20,3,87,False,0
SESS_004000,CUST_00395,2025-12-20,1,162,False,0
SESS_004001,CUST_00397,2025-12-20,1,44,False,0
SESS_004002,CUST_00400,2025-12-20,4,85,False,0
SESS_004003,CUST_00408,2025-12-20,5,412,True,0
SESS_004004,CUST_00408,2025-12-20,4,227,False,0
SESS_004005,CUST_00425,2025-12-20,4,38,False,0
SESS_004006,CUST_00428,2025-12-20,4,294,True,0
SESS_004007,CUST_00445,2025-12-20,5,851,False,0
SESS_004008,CUST_00449,2025-12-20,19,938,False,0
SESS_004009,CUST_00454,2025-12-20,1,205,False,0
SESS_004010,CUST_00454,2025-12-20,6,120,False,0
SESS_004011,CUST_00460,2025-12-20,1,52,False,0
SESS_004012,CUST_00460,2025-12-20,4,162,False,0
SESS_004013,CUST_00469,2025-12-20,1,50,False,0
SESS_004014,CUST_00470,2025-12-20,1,88,False,0
SESS_004015,CUST_00471,2025-12-20,1,87,False,0
SESS_004016,CUST_00472,2025-12-20,9,190,True,0
SESS_004017,CUST_00473,2025-12-20,10,572,False,0
SESS_004018,CUST_00473,2025-12-20,4,20,False,0
SESS_004019,CUST_00481,2025-12-20,19,819,False,0
SESS_004020,CUST_00483,2025-12-20,3,176,False,0
SESS_004021,CUST_00484,2025-12-20,10,374,False,1
SESS_004022,CUST_00487,2025-12-20,5,482,False,0
SESS_004023,CUST_00224,2025-12-21,2,119,False,0
SESS_004024,CUST_00249,2025-12-21,8,369,True,0
SESS_004025,CUST_00249,2025-12-21,4,16,False,0
SESS_004026,CUST_00269,2025-12-21,1,67,False,0
SESS_004027,CUST_00298,2025-12-21,6,176,False,0
SESS_004028,CUST_00302,2025-12-21,3,232,False,0
SESS_004029,CUST_00347,2025-12-21,22,252,False,0
SESS_004030,CUST_00362,2025-12-21,2,102,False,0
SESS_004031,CUST_00406,2025-12-21,21,182,False,0
SESS_004032,CUST_00415,2025-12-21,4,142,True,0
SESS_004033,CUST_00418,2025-12-21,2,42,False,0
SESS_004034,CUST_00421,2025-12-21,8,612,False,0
SESS_004035,CUST_00422,2025-12-21,1,189,False,0
SESS_004036,CUST_00425,2025-12-21,2,214,False,0
SESS_004037,CUST_00429,2025-12-21,1,46,False,0
SESS_004038,CUST_00434,2025-12-21,3,52,False,0
SESS_004039,CUST_00437,2025-12-21,1,18,False,0
SESS_004040,CUST_00439,2025-12-21,2,190,False,0
SESS_004041,CUST_00441,2025-12-21,9,457,False,0
SESS_004042,CUST_00442,2025-12-21,12,310,False,0
SESS_004043,CUST_00452,2025-12-21,1,237,False,0
SESS_004044,CUST_00453,2025-12-21,19,321,False,0
SESS_004045,CUST_00462,2025-12-21,9,731,False,0
SESS_004046,CUST_00463,2025-12-21,14,392,False,0
SESS_004047,CUST_00466,2025-12-21,4,41,False,1
SESS_004048,CUST_00469,2025-12-21,14,579,False,0
SESS_004049,CUST_00472,2025-12-21,12,445,True,0
SESS_004050,CUST_00476,2025-12-21,8,457,True,0
SESS_004051,CUST_00479,2025-12-21,7,486,False,0
SESS_004052,CUST_00479,2025-12-21,1,144,False,0
SESS_004053,CUST_00479,2025-12-21,9,142,True,0
SESS_004054,CUST_00479,2025-12-21,6,149,False,0
SESS_004055,CUST_00483,2025-12-21,2,21,False,0
SESS_004056,CUST_00485,2025-12-21,20,792,False,0
SESS_004057,CUST_00485,2025-12-21,2,203,False,0
SESS_004058,CUST_00488,2025-12-21,11,424,True,0
SESS_004059,CUST_00025,2025-12-22,7,205,True,0
SESS_004060,CUST_00121,2025-12-22,14,833,False,0
SESS_004061,CUST_00255,2025-12-22,13,371,True,0
SESS_004062,CUST_00298,2025-12-22,3,42,False,0
SESS_004063,CUST_00326,2025-12-22,20,461,False,0
SESS_004064,CUST_00332,2025-12-22,1,19,False,0
SESS_004065,CUST_00342,2025-12-22,2,64,False,0
SESS_004066,CUST_00395,2025-12-22,6,450,True,0
SESS_004067,CUST_00406,2025-12-22,3,213,False,0
SESS_004068,CUST_00412,2025-12-22,18,567,False,0
SESS_004069,CUST_00419,2025-12-22,8,340,False,1
SESS_004070,CUST_00435,2025-12-22,2,127,False,0
SESS_004071,CUST_00438,2025-12-22,2,228,False,0
SESS_004072,CUST_00438,2025-12-22,7,278,True,0
SESS_004073,CUST_00441,2025-12-22,12,689,False,0
SESS_004074,CUST_00441,2025-12-22,10,347,True,0
SESS_004075,CUST_00453,2025-12-22,14,705,False,0
SESS_004076,CUST_00455,2025-12-22,2,170,False,0
SESS_004077,CUST_00462,2025-12-22,22,355,False,0
SESS_004078,CUST_00463,2025-12-22,4,195,False,0
SESS_004079,CUST_00470,2025-12-22,16,258,False,0
SESS_004080,CUST_00475,2025-12-22,3,167,False,0
SESS_004081,CUST_00475,2025-12-22,2,137,False,0
SESS_004082,CUST_00481,2025-12-22,6,83,False,0
SESS_004083,CUST_00485,2025-12-22,15,868,False,0
SESS_004084,CUST_00485,2025-12-22,1,72,False,0
SESS_004085,CUST_00485,2025-12-22,2,237,False,1
SESS_004086,CUST_00486,2025-12-22,14,316,False,0
SESS_004087,CUST_00487,2025-12-22,21,858,False,0
SESS_004088,CUST_00488,2025-12-22,4,216,True,1
SESS_004089,CUST_00160,2025-12-23,5,236,False,0
SESS_004090,CUST_00171,2025-12-23,1,48,False,0
SESS_004091,CUST_00223,2025-12-23,6,460,True,0
SESS_004092,CUST_00373,2025-12-23,2,170,False,0
SESS_004093,CUST_00395,2025-12-23,1,93,False,0
SESS_004094,CUST_00396,2025-12-23,2,138,False,0
SESS_004095,CUST_00401,2025-12-23,6,67,False,0
SESS_004096,CUST_00411,2025-12-23,1,94,False,0
SESS_004097,CUST_00432,2025-12-23,1,79,False,0
SESS_004098,CUST_00434,2025-12-23,2,225,False,0
SESS_004099,CUST_00440,2025-12-23,2,205,False,0
SESS_004100,CUST_00448,2025-12-23,7,253,True,0
SESS_004101,CUST_00450,2025-12-23,6,325,True,0
SESS_004102,CUST_00459,2025-12-23,6,18,False,0
SESS_004103,CUST_00462,2025-12-23,16,685,False,0
SESS_004104,CUST_00462,2025-12-23,12,369,True,0
SESS_004105,CUST_00464,2025-12-23,3,98,False,0
SESS_004106,CUST_00468,2025-12-23,10,306,False,0
SESS_004107,CUST_00471,2025-12-23,5,338,True,0
SESS_004108,CUST_00474,2025-12-23,3,81,False,0
SESS_004109,CUST_00475,2025-12-23,5,836,False,0
SESS_004110,CUST_00478,2025-12-23,8,768,False,0
SESS_004111,CUST_00480,2025-12-23,2,75,False,0
SESS_004112,CUST_00487,2025-12-23,14,527,False,0
SESS_004113,CUST_00487,2025-12-23,8,872,False,1
SESS_004114,CUST_00489,2025-12-23,3,75,False,0
SESS_004115,CUST_00110,2025-12-24,3,223,False,0
SESS_004116,CUST_00186,2025-12-24,1,160,False,0
SESS_004117,CUST_00255,2025-12-24,2,64,False,0
SESS_004118,CUST_00258,2025-12-24,2,62,False,0
SESS_004119,CUST_00283,2025-12-24,2,99,False,0
SESS_004120,CUST_00298,2025-12-24,3,412,True,0
SESS_004121,CUST_00306,2025-12-24,13,757,False,0
SESS_004122,CUST_00319,2025-12-24,6,200,False,0
SESS_004123,CUST_00356,2025-12-24,13,271,False,0
SESS_004124,CUST_00366,2025-12-24,14,831,False,1
SESS_004125,CUST_00392,2025-12-24,4,451,True,0
SESS_004126,CUST_00400,2025-12-24,14,668,False,0
SESS_004127,CUST_00404,2025-12-24,1,113,False,0
SESS_004128,CUST_00410,2025-12-24,15,909,False,0
SESS_004129,CUST_00410,2025-12-24,1,26,False,0
SESS_004130,CUST_00410,2025-12-24,1,208,False,0
SESS_004131,CUST_00419,2025-12-24,1,197,False,0
SESS_004132,CUST_00424,2025-12-24,1,209,False,0
SESS_004133,CUST_00426,2025-12-24,19,840,False,0
SESS_004134,CUST_00433,2025-12-24,1,99,False,0
SESS_004135,CUST_00441,2025-12-24,10,348,False,0
SESS_004136,CUST_00442,2025-12-24,2,149,False,0
SESS_004137,CUST_00449,2025-12-24,1,58,False,0
SESS_004138,CUST_00453,2025-12-24,11,958,False,0
SESS_004139,CUST_00461,2025-12-24,2,117,False,0
SESS_004140,CUST_00467,2025-12-24,14,709,False,0
SESS_004141,CUST_00469,2025-12-24,3,100,False,0
SESS_004142,CUST_00470,2025-12-24,1,133,False,0
SESS_004143,CUST_00474,2025-12-24,2,221,False,0
SESS_004144,CUST_00475,2025-12-24,1,55,False,0
SESS_004145,CUST_00480,2025-12-24,6,382,False,0
SESS_004146,CUST_00480,2025-12-24,1,231,False,0
SESS_004147,CUST_00480,2025-12-24,3,380,True,0
SESS_004148,CUST_00481,2025-12-24,6,677,False,0
SESS_004149,CUST_00483,2025-12-24,1,219,False,0
SESS_004150,CUST_00484,2025-12-24,2,151,False,0
SESS_004151,CUST_00487,2025-12-24,3,48,False,0
SESS_004152,CUST_00488,2025-12-24,9,715,False,0
SESS_004153,CUST_00488,2025-12-24,1,210,False,0
SESS_004154,CUST_00490,2025-12-24,3,415,True,0
SESS_004155,CUST_00490,2025-12-24,2,210,False,0
SESS_004156,CUST_00491,2025-12-24,2,80,False,0
SESS_004157,CUST_00492,2025-12-24,1,168,False,0
SESS_004158,CUST_00241,2025-12-25,5,438,True,0
SESS_004159,CUST_00259,2025-12-25,12,289,True,0
SESS_004160,CUST_00277,2025-12-25,1,52,False,0
SESS_004161,CUST_00305,2025-12-25,7,469,True,0
SESS_004162,CUST_00318,2025-12-25,2,179,False,0
SESS_004163,CUST_00320,2025-12-25,9,84,True,0
SESS_004164,CUST_00326,2025-12-25,12,202,False,0
SESS_004165,CUST_00329,2025-12-25,10,382,True,0
SESS_004166,CUST_00380,2025-12-25,5,215,False,0
SESS_004167,CUST_00381,2025-12-25,9,518,False,0
SESS_004168,CUST_00403,2025-12-25,1,113,False,0
SESS_004169,CUST_00420,2025-12-25,2,188,False,0
SESS_004170,CUST_00432,2025-12-25,1,57,False,0
SESS_004171,CUST_00433,2025-12-25,3,63,False,0
SESS_004172,CUST_00434,2025-12-25,13,477,True,0
SESS_004173,CUST_00436,2025-12-25,2,146,False,0
SESS_004174,CUST_00438,2025-12-25,6,119,False,0
SESS_004175,CUST_00439,2025-12-25,13,141,True,0
SESS_004176,CUST_00440,2025-12-25,18,404,False,0
SESS_004177,CUST_00440,2025-12-25,11,465,True,0
SESS_004178,CUST_00449,2025-12-25,4,179,False,0
SESS_004179,CUST_00452,2025-12-25,5,461,True,0
SESS_004180,CUST_00453,2025-12-25,15,227,False,0
SESS_004181,CUST_00453,2025-12-25,2,24,False,0
SESS_004182,CUST_00455,2025-12-25,2,19,False,0
SESS_004183,CUST_00458,2025-12-25,10,117,True,0
SESS_004184,CUST_00461,2025-12-25,6,95,False,0
SESS_004185,CUST_00462,2025-12-25,14,400,False,0
SESS_004186,CUST_00467,2025-12-25,1,230,False,0
SESS_004187,CUST_00468,2025-12-25,6,93,False,0
SESS_004188,CUST_00470,2025-12-25,3,82,False,0
SESS_004189,CUST_00471,2025-12-25,15,272,False,0
SESS_004190,CUST_00471,2025-12-25,1,175,False,0
SESS_004191,CUST_00485,2025-12-25,3,133,False,0
SESS_004192,CUST_00487,2025-12-25,8,720,False,0
SESS_004193,CUST_00488,2025-12-25,9,89,True,0
SESS_004194,CUST_00489,2025-12-25,16,436,False,0
SESS_004195,CUST_00490,2025-12-25,19,323,False,0
SESS_004196,CUST_00490,2025-12-25,2,193,False,0
SESS_004197,CUST_00494,2025-12-25,1,159,False,0
SESS_004198,CUST_00106,2025-12-26,16,476,False,0
SESS_004199,CUST_00116,2025-12-26,2,209,False,0
SESS_004200,CUST_00176,2025-12-26,2,176,False,0
SESS_004201,CUST_00264,2025-12-26,2,18,False,0
SESS_004202,CUST_00320,2025-12-26,9,331,True,0
SESS_004203,CUST_00332,2025-12-26,12,333,True,0
SESS_004204,CUST_00339,2025-12-26,14,540,False,0
SESS_004205,CUST_00341,2025-12-26,10,289,True,0
SESS_004206,CUST_00367,2025-12-26,19,813,False,0
SESS_004207,CUST_00385,2025-12-26,1,157,False,0
SESS_004208,CUST_00398,2025-12-26,18,343,False,0
SESS_004209,CUST_00419,2025-12-26,8,793,False,0
SESS_004210,CUST_00426,2025-12-26,4,448,True,0
SESS_004211,CUST_00428,2025-12-26,4,112,True,0
SESS_004212,CUST_00431,2025-12-26,6,158,True,0
SESS_004213,CUST_00432,2025-12-26,5,366,True,0
SESS_004214,CUST_00434,2025-12-26,14,521,False,0
SESS_004215,CUST_00434,2025-12-26,20,361,False,0
SESS_004216,CUST_00441,2025-12-26,8,207,True,0
SESS_004217,CUST_00452,2025-12-26,9,107,True,0
SESS_004218,CUST_00453,2025-12-26,6,542,False,1
SESS_004219,CUST_00457,2025-12-26,7,322,True,0
SESS_004220,CUST_00469,2025-12-26,5,116,True,0
SESS_004221,CUST_00470,2025-12-26,18,713,False,0
SESS_004222,CUST_00470,2025-12-26,14,469,False,0
SESS_004223,CUST_00473,2025-12-26,3,150,False,0
SESS_004224,CUST_00474,2025-12-26,7,353,False,0
SESS_004225,CUST_00477,2025-12-26,1,212,False,0
SESS_004226,CUST_00478,2025-12-26,3,213,False,0
SESS_004227,CUST_00481,2025-12-26,22,686,False,0
SESS_004228,CUST_00481,2025-12-26,10,815,False,0
SESS_004229,CUST_00481,2025-12-26,1,209,False,0
SESS_004230,CUST_00482,2025-12-26,10,102,True,0
SESS_004231,CUST_00486,2025-12-26,4,183,True,0
SESS_004232,CUST_00487,2025-12-26,15,222,False,0
SESS_004233,CUST_00487,2025-12-26,8,317,True,0
SESS_004234,CUST_00488,2025-12-26,4,119,False,0
SESS_004235,CUST_00491,2025-12-26,6,778,False,0
SESS_004236,CUST_00491,2025-12-26,1,24,False,0
SESS_004237,CUST_00491,2025-12-26,3,34,False,0
SESS_004238,CUST_00492,2025-12-26,22,944,False,0
SESS_004239,CUST_00493,2025-12-26,1,138,False,0
SESS_004240,CUST_00493,2025-12-26,1,219,False,0
SESS_004241,CUST_00493,2025-12-26,6,62,False,0
SESS_004242,CUST_00496,2025-12-26,2,184,False,0
SESS_004243,CUST_00496,2025-12-26,3,81,False,0
SESS_004244,CUST_00496,2025-12-26,2,171,False,0
SESS_004245,CUST_00011,2025-12-27,1,138,False,0
SESS_004246,CUST_00092,2025-12-27,7,473,True,0
SESS_004247,CUST_00098,2025-12-27,4,145,False,0
SESS_004248,CUST_00110,2025-12-27,5,195,False,0
SESS_004249,CUST_00179,2025-12-27,21,272,False,0
SESS_004250,CUST_00181,2025-12-27,4,31,False,0
SESS_004251,CUST_00232,2025-12-27,12,149,True,0
SESS_004252,CUST_00254,2025-12-27,1,78,False,0
SESS_004253,CUST_00282,2025-12-27,2,88,False,0
SESS_004254,CUST_00339,2025-12-27,10,608,False,0
SESS_004255,CUST_00344,2025-12-27,9,353,True,0
SESS_004256,CUST_00350,2025-12-27,4,65,False,0
SESS_004257,CUST_00367,2025-12-27,10,364,True,0
SESS_004258,CUST_00378,2025-12-27,1,115,False,0
SESS_004259,CUST_00392,2025-12-27,6,399,True,0
SESS_004260,CUST_00398,2025-12-27,3,57,False,0
SESS_004261,CUST_00406,2025-12-27,22,503,False,0
SESS_004262,CUST_00419,2025-12-27,8,427,False,0
SESS_004263,CUST_00426,2025-12-27,1,235,False,1
SESS_004264,CUST_00440,2025-12-27,2,143,False,0
SESS_004265,CUST_00441,2025-12-27,13,607,False,0
SESS_004266,CUST_00447,2025-12-27,13,695,False,0
SESS_004267,CUST_00448,2025-12-27,20,500,False,0
SESS_004268,CUST_00449,2025-12-27,12,198,False,0
SESS_004269,CUST_00456,2025-12-27,9,405,True,0
SESS_004270,CUST_00456,2025-12-27,1,47,False,0
SESS_004271,CUST_00458,2025-12-27,10,298,True,0
SESS_004272,CUST_00462,2025-12-27,2,98,False,0
SESS_004273,CUST_00467,2025-12-27,1,93,False,0
SESS_004274,CUST_00469,2025-12-27,8,763,False,0
SESS_004275,CUST_00484,2025-12-27,6,228,False,0
SESS_004276,CUST_00485,2025-12-27,12,503,False,0
SESS_004277,CUST_00485,2025-12-27,10,905,False,0
SESS_004278,CUST_00485,2025-12-27,7,394,False,0
SESS_004279,CUST_00485,2025-12-27,7,306,False,0
SESS_004280,CUST_00488,2025-12-27,3,237,False,0
SESS_004281,CUST_00493,2025-12-27,10,592,False,1
SESS_004282,CUST_00493,2025-12-27,1,99,False,0
SESS_004283,CUST_00496,2025-12-27,18,664,False,0
SESS_004284,CUST_00497,2025-12-27,14,771,False,0
SESS_004285,CUST_00497,2025-12-27,12,296,True,0
SESS_004286,CUST_00041,2025-12-28,1,98,False,0
SESS_004287,CUST_00119,2025-12-28,12,940,False,0
SESS_004288,CUST_00183,2025-12-28,4,166,False,0
SESS_004289,CUST_00222,2025-12-28,10,333,True,0
SESS_004290,CUST_00241,2025-12-28,12,393,True,0
SESS_004291,CUST_00314,2025-12-28,16,729,False,0
SESS_004292,CUST_00315,2025-12-28,8,334,True,0
SESS_004293,CUST_00340,2025-12-28,3,212,False,0
SESS_004294,CUST_00350,2025-12-28,3,48,False,0
SESS_004295,CUST_00354,2025-12-28,5,318,True,0
SESS_004296,CUST_00358,2025-12-28,10,114,True,0
SESS_004297,CUST_00373,2025-12-28,10,477,True,0
SESS_004298,CUST_00392,2025-12-28,10,237,True,0
SESS_004299,CUST_00396,2025-12-28,2,180,False,0
SESS_004300,CUST_00406,2025-12-28,12,264,False,0
SESS_004301,CUST_00411,2025-12-28,6,212,False,0
SESS_004302,CUST_00421,2025-12-28,7,479,False,0
SESS_004303,CUST_00429,2025-12-28,1,177,False,0
SESS_004304,CUST_00442,2025-12-28,6,421,True,0
SESS_004305,CUST_00445,2025-12-28,2,106,False,0
SESS_004306,CUST_00445,2025-12-28,2,198,False,0
SESS_004307,CUST_00449,2025-12-28,1,35,False,0
SESS_004308,CUST_00452,2025-12-28,2,35,False,0
SESS_004309,CUST_00453,2025-12-28,3,30,False,0
SESS_004310,CUST_00463,2025-12-28,10,272,True,0
SESS_004311,CUST_00465,2025-12-28,1,131,False,0
SESS_004312,CUST_00466,2025-12-28,1,121,False,0
SESS_004313,CUST_00467,2025-12-28,20,665,False,0
SESS_004314,CUST_00467,2025-12-28,4,217,False,0
SESS_004315,CUST_00468,2025-12-28,4,214,False,0
SESS_004316,CUST_00469,2025-12-28,15,661,False,0
SESS_004317,CUST_00469,2025-12-28,10,934,False,0
SESS_004318,CUST_00469,2025-12-28,12,899,False,0
SESS_004319,CUST_00469,2025-12-28,3,34,False,0
SESS_004320,CUST_00480,2025-12-28,4,153,False,0
SESS_004321,CUST_00481,2025-12-28,10,296,False,0
SESS_004322,CUST_00481,2025-12-28,2,36,False,0
SESS_004323,CUST_00485,2025-12-28,13,475,False,0
SESS_004324,CUST_00486,2025-12-28,4,204,False,1
SESS_004325,CUST_00488,2025-12-28,12,98,True,0
SESS_004326,CUST_00493,2025-12-28,14,949,False,0
SESS_004327,CUST_00493,2025-12-28,4,97,True,0
SESS_004328,CUST_00495,2025-12-28,8,294,False,0
SESS_004329,CUST_00497,2025-12-28,3,188,False,0
SESS_004330,CUST_00034,2025-12-29,4,131,False,0
SESS_004331,CUST_00063,2025-12-29,8,232,True,0
SESS_004332,CUST_00141,2025-12-29,7,469,True,0
SESS_004333,CUST_00153,2025-12-29,14,643,False,0
SESS_004334,CUST_00188,2025-12-29,20,305,False,0
SESS_004335,CUST_00269,2025-12-29,1,235,False,0
SESS_004336,CUST_00279,2025-12-29,19,370,False,0
SESS_004337,CUST_00328,2025-12-29,3,88,False,0
SESS_004338,CUST_00350,2025-12-29,1,225,False,0
SESS_004339,CUST_00419,2025-12-29,14,596,False,0
SESS_004340,CUST_00419,2025-12-29,21,619,False,0
SESS_004341,CUST_00423,2025-12-29,4,239,False,0
SESS_004342,CUST_00426,2025-12-29,15,226,False,0
SESS_004343,CUST_00442,2025-12-29,3,147,False,0
SESS_004344,CUST_00442,2025-12-29,4,212,False,0
SESS_004345,CUST_00448,2025-12-29,9,713,False,0
SESS_004346,CUST_00448,2025-12-29,6,290,True,0
SESS_004347,CUST_00451,2025-12-29,6,305,True,0
SESS_004348,CUST_00453,2025-12-29,19,959,False,1
SESS_004349,CUST_00455,2025-12-29,2,66,False,0
SESS_004350,CUST_00460,2025-12-29,3,471,True,0
SESS_004351,CUST_00462,2025-12-29,3,180,False,0
SESS_004352,CUST_00466,2025-12-29,13,198,True,0
SESS_004353,CUST_00470,2025-12-29,1,135,False,0
SESS_004354,CUST_00472,2025-12-29,13,464,False,0
SESS_004355,CUST_00475,2025-12-29,5,176,True,0
SESS_004356,CUST_00475,2025-12-29,6,157,False,0
SESS_004357,CUST_00477,2025-12-29,3,208,False,0
SESS_004358,CUST_00477,2025-12-29,9,257,True,0
SESS_004359,CUST_00480,2025-12-29,1,84,False,0
SESS_004360,CUST_00482,2025-12-29,2,216,False,0
SESS_004361,CUST_00482,2025-12-29,3,243,True,0
SESS_004362,CUST_00484,2025-12-29,2,215,False,0
SESS_004363,CUST_00484,2025-12-29,1,161,False,0
SESS_004364,CUST_00485,2025-12-29,7,535,False,0
SESS_004365,CUST_00487,2025-12-29,20,206,False,0
SESS_004366,CUST_00487,2025-12-29,6,200,False,0
SESS_004367,CUST_00494,2025-12-29,9,251,True,0
SESS_004368,CUST_00495,2025-12-29,18,430,False,0
SESS_004369,CUST_00495,2025-12-29,10,325,True,0
SESS_004370,CUST_00495,2025-12-29,4,390,True,0
SESS_004371,CUST_00496,2025-12-29,1,27,False,0
SESS_004372,CUST_00496,2025-12-29,1,207,False,0
SESS_004373,CUST_00497,2025-12-29,1,198,False,0
SESS_004374,CUST_00497,2025-12-29,2,210,False,0
SESS_004375,CUST_00498,2025-12-29,21,700,False,0
SESS_004376,CUST_00498,2025-12-29,6,367,True,0
SESS_004377,CUST_00498,2025-12-29,1,176,False,0
SESS_004378,CUST_00498,2025-12-29,3,219,False,0
SESS_004379,CUST_00017,2025-12-30,4,368,True,1
SESS_004380,CUST_00119,2025-12-30,10,305,True,0
SESS_004381,CUST_00125,2025-12-30,7,949,False,0
SESS_004382,CUST_00157,2025-12-30,3,195,False,0
SESS_004383,CUST_00164,2025-12-30,11,275,True,0
SESS_004384,CUST_00176,2025-12-30,1,139,False,0
SESS_004385,CUST_00179,2025-12-30,1,105,False,0
SESS_004386,CUST_00186,2025-12-30,4,228,False,0
SESS_004387,CUST_00279,2025-12-30,7,801,False,0
SESS_004388,CUST_00333,2025-12-30,2,221,False,0
SESS_004389,CUST_00339,2025-12-30,21,370,False,1
SESS_004390,CUST_00345,2025-12-30,2,139,False,0
SESS_004391,CUST_00366,2025-12-30,5,927,False,0
SESS_004392,CUST_00377,2025-12-30,1,181,False,0
SESS_004393,CUST_00386,2025-12-30,6,84,False,0
SESS_004394,CUST_00401,2025-12-30,1,156,False,1
SESS_004395,CUST_00405,2025-12-30,6,71,False,0
SESS_004396,CUST_00408,2025-12-30,9,301,True,0
SESS_004397,CUST_00410,2025-12-30,8,295,False,0
SESS_004398,CUST_00422,2025-12-30,2,214,False,0
SESS_004399,CUST_00425,2025-12-30,8,85,True,0
SESS_004400,CUST_00426,2025-12-30,2,75,False,0
SESS_004401,CUST_00434,2025-12-30,7,433,False,0
SESS_004402,CUST_00445,2025-12-30,1,143,False,0
SESS_004403,CUST_00447,2025-12-30,9,279,False,0
SESS_004404,CUST_00449,2025-12-30,9,545,False,0
SESS_004405,CUST_00451,2025-12-30,3,125,False,0
SESS_004406,CUST_00462,2025-12-30,17,302,False,1
SESS_004407,CUST_00462,2025-12-30,11,429,False,0
SESS_004408,CUST_00462,2025-12-30,7,627,False,1
SESS_004409,CUST_00468,2025-12-30,4,237,False,0
SESS_004410,CUST_00473,2025-12-30,2,107,False,0
SESS_004411,CUST_00480,2025-12-30,6,185,False,0
SESS_004412,CUST_00481,2025-12-30,3,53,False,0
SESS_004413,CUST_00482,2025-12-30,1,115,False,0
SESS_004414,CUST_00482,2025-12-30,2,153,False,0
SESS_004415,CUST_00484,2025-12-30,1,28,False,0
SESS_004416,CUST_00485,2025-12-30,7,815,False,0
SESS_004417,CUST_00485,2025-12-30,21,258,False,0
SESS_004418,CUST_00485,2025-12-30,7,380,False,0
SESS_004419,CUST_00485,2025-12-30,2,209,False,0
SESS_004420,CUST_00486,2025-12-30,3,168,True,0
SESS_004421,CUST_00489,2025-12-30,1,217,False,0
SESS_004422,CUST_00489,2025-12-30,1,92,False,0
SESS_004423,CUST_00490,2025-12-30,5,252,True,0
SESS_004424,CUST_00491,2025-12-30,1,63,False,0
SESS_004425,CUST_00494,2025-12-30,10,373,False,0
SESS_004426,CUST_00494,2025-12-30,6,157,False,0
SESS_004427,CUST_00495,2025-12-30,21,299,False,0
SESS_004428,CUST_00495,2025-12-30,3,216,False,0
SESS_004429,CUST_00496,2025-12-30,1,17,False,0
SESS_004430,CUST_00496,2025-12-30,4,103,True,1
SESS_004431,CUST_00496,2025-12-30,11,103,True,0
SESS_004432,CUST_00496,2025-12-30,1,238,False,0
SESS_004433,CUST_00496,2025-12-30,1,42,False,0
SESS_004434,CUST_00498,2025-12-30,16,401,False,0
SESS_004435,CUST_00498,2025-12-30,19,583,False,0
SESS_004436,CUST_00498,2025-12-30,1,171,False,0
SESS_004437,CUST_00070,2025-12-31,3,224,False,0
SESS_004438,CUST_00168,2025-12-31,2,159,False,0
SESS_004439,CUST_00208,2025-12-31,1,206,False,0
SESS_004440,CUST_00258,2025-12-31,8,658,False,0
SESS_004441,CUST_00266,2025-12-31,1,158,False,0
SESS_004442,CUST_00275,2025-12-31,1,55,False,0
SESS_004443,CUST_00295,2025-12-31,4,103,False,0
SESS_004444,CUST_00318,2025-12-31,3,57,False,0
SESS_004445,CUST_00323,2025-12-31,3,156,False,0
SESS_004446,CUST_00324,2025-12-31,1,93,False,0
SESS_004447,CUST_00329,2025-12-31,3,132,False,0
SESS_004448,CUST_00336,2025-12-31,3,99,False,0
SESS_004449,CUST_00383,2025-12-31,20,619,False,0
SESS_004450,CUST_00400,2025-12-31,1,210,False,0
SESS_004451,CUST_00408,2025-12-31,3,154,False,0
SESS_004452,CUST_00430,2025-12-31,8,231,False,0
SESS_004453,CUST_00433,2025-12-31,3,274,True,0
SESS_004454,CUST_00444,2025-12-31,2,132,False,0
SESS_004455,CUST_00448,2025-12-31,2,25,False,0
SESS_004456,CUST_00453,2025-12-31,21,305,False,0
SESS_004457,CUST_00454,2025-12-31,4,18,False,0
SESS_004458,CUST_00458,2025-12-31,5,414,True,0
SESS_004459,CUST_00460,2025-12-31,3,144,False,0
SESS_004460,CUST_00467,2025-12-31,15,796,False,0
SESS_004461,CUST_00467,2025-12-31,4,201,False,0
SESS_004462,CUST_00470,2025-12-31,10,314,True,1
SESS_004463,CUST_00472,2025-12-31,13,227,False,0
SESS_004464,CUST_00474,2025-12-31,1,225,False,0
SESS_004465,CUST_00483,2025-12-31,2,188,False,0
SESS_004466,CUST_00483,2025-12-31,1,190,False,0
SESS_004467,CUST_00484,2025-12-31,8,389,True,0
SESS_004468,CUST_00487,2025-12-31,7,421,False,0
SESS_004469,CUST_00487,2025-12-31,20,943,False,0
SESS_004470,CUST_00493,2025-12-31,21,574,False,0
SESS_004471,CUST_00493,2025-12-31,1,105,False,0
SESS_004472,CUST_00494,2025-12-31,12,126,True,0
SESS_004473,CUST_00494,2025-12-31,2,88,False,0
SESS_004474,CUST_00496,2025-12-31,18,257,False,0
SESS_004475,CUST_00496,2025-12-31,19,690,False,0
SESS_004476,CUST_00496,2025-12-31,8,396,True,0
SESS_004477,CUST_00496,2025-12-31,1,216,False,0
SESS_004478,CUST_00498,2025-12-31,13,443,True,0
SESS_004479,CUST_00499,2025-12-31,8,690,False,0
SESS_004480,CUST_00499,2025-12-31,11,126,True,0
SESS_004481,CUST_00499,2025-12-31,4,22,False,0
SESS_004482,CUST_00499,2025-12-31,6,218,False,0
SESS_004483,CUST_00499,2025-12-31,1,102,False,0
SESS_004484,CUST_00499,2025-12-31,1,90,False,0
SESS_004485,CUST_00499,2025-12-31,6,334,True,0
SESS_004486,CUST_00499,2025-12-31,8,197,True,0
SESS_004487,CUST_00499,2025-12-31,2,125,False,0
SESS_004488,CUST_00499,2025-12-31,2,203,False,0
SESS_004489,CUST_00499,2025-12-31,3,95,False,0
SESS_004490,CUST_00499,2025-12-31,5,351,True,0
SESS_004491,CUST_00499,2025-12-31,1,225,False,0
SESS_004492,CUST_00499,2025-12-31,2,47,False,0
SESS_004493,CUST_00500,2025-12-31,8,738,False,0
SESS_004494,CUST_00500,2025-12-31,2,154,False,0
SESS_004495,CUST_00500,2025-12-31,1,191,False,0
SESS_004496,CUST_00500,2025-12-31,11,121,True,0
SESS_004497,CUST_00500,2025-12-31,1,68,False,0
SESS_004498,CUST_00500,2025-12-31,4,213,False,0
SESS_004499,CUST_00500,2025-12-31,2,73,False,0
SESS_004500,CUST_00500,2025-12-31,6,235,False,0
